	Name	Completeness	Contamination	Completeness_Model_Used	Translation_Table_Used	Coding_Density	Contig_N50	Average_Gene_Length	Genome_Size	GC_Content	Total_Coding_Sequences	Total_Contigs	Max_Contig_Length	Additional_Notes	source_dataset	collection	tag
0	SemiBin_0	13.27	0.53	Neural Network (Specific Model)	11	0.881	3353	294.2596685082873	723179	0.57	724	208	10963		SRR24759596	checkm2 on collection 41: Quality report	semibin-single-sample-binning
1	SemiBin_10	70.8	10.21	Neural Network (Specific Model)	11	0.875	7048	292.2509316770186	2415562	0.34	2415	376	40559		SRR24759596	checkm2 on collection 41: Quality report	semibin-single-sample-binning
2	SemiBin_11	72.71	34.25	Neural Network (Specific Model)	11	0.838	4719	278.59503276992064	2887137	0.46	2899	615	31365		SRR24759596	checkm2 on collection 41: Quality report	semibin-single-sample-binning
3	SemiBin_14	16.93	0.01	Neural Network (Specific Model)	11	0.853	3336	248.67225325884544	469014	0.46	537	138	7827		SRR24759596	checkm2 on collection 41: Quality report	semibin-single-sample-binning
4	SemiBin_18	4.42	0.11	Neural Network (Specific Model)	11	0.742	5886	256.3963133640553	224649	0.4	217	41	17592		SRR24759596	checkm2 on collection 41: Quality report	semibin-single-sample-binning
5	SemiBin_25	11.64	0.02	Neural Network (Specific Model)	11	0.821	3952	237.9692307692308	507745	0.41	585	131	32118		SRR24759596	checkm2 on collection 41: Quality report	semibin-single-sample-binning
6	SemiBin_26	6.6	0.0	Neural Network (Specific Model)	11	0.786	4618	273.5560975609756	213783	0.35	205	50	9408		SRR24759596	checkm2 on collection 41: Quality report	semibin-single-sample-binning
7	SemiBin_27	68.42	8.58	Neural Network (Specific Model)	11	0.875	5590	279.1412289395441	1928684	0.34	2018	373	23767		SRR24759596	checkm2 on collection 41: Quality report	semibin-single-sample-binning
8	SemiBin_30	4.57	0.01	Neural Network (Specific Model)	4	0.811	4247	237.9114391143912	236749	0.51	271	57	8995		SRR24759596	checkm2 on collection 41: Quality report	semibin-single-sample-binning
9	SemiBin_33	56.24	4.8	Neural Network (Specific Model)	11	0.816	15233	285.7984934086629	1670606	0.45	1593	168	84597		SRR24759596	checkm2 on collection 41: Quality report	semibin-single-sample-binning
10	SemiBin_38	72.66	1.29	Neural Network (Specific Model)	11	0.862	7252	287.5817157169693	1596253	0.43	1597	263	21261		SRR24759596	checkm2 on collection 41: Quality report	semibin-single-sample-binning
11	SemiBin_39	6.39	0.01	Neural Network (Specific Model)	11	0.886	164069	271.29296875	234847	0.4	256	9	164069		SRR24759596	checkm2 on collection 41: Quality report	semibin-single-sample-binning
12	SemiBin_4	82.68	31.08	Neural Network (Specific Model)	11	0.902	6092	285.8730991085475	1810073	0.37	1907	331	39661		SRR24759596	checkm2 on collection 41: Quality report	semibin-single-sample-binning
13	SemiBin_42	7.81	0.0	Neural Network (Specific Model)	11	0.891	7061	261.9098712446352	204962	0.35	233	29	14066		SRR24759596	checkm2 on collection 41: Quality report	semibin-single-sample-binning
14	SemiBin_5	87.08	3.68	Neural Network (Specific Model)	11	0.873	14745	312.36241610738256	2078111	0.34	1937	202	39872		SRR24759596	checkm2 on collection 41: Quality report	semibin-single-sample-binning
15	SemiBin_50	13.06	0.19	Neural Network (Specific Model)	11	0.748	4761	227.6628787878788	722267	0.29	792	159	24753		SRR24759596	checkm2 on collection 41: Quality report	semibin-single-sample-binning
16	SemiBin_6	79.52	16.99	Neural Network (Specific Model)	11	0.899	4801	269.30478359908886	1969387	0.36	2195	423	25622		SRR24759596	checkm2 on collection 41: Quality report	semibin-single-sample-binning
17	SemiBin_62	96.14	0.24	Neural Network (Specific Model)	11	0.893	90094	293.5409482758621	1371020	0.45	1392	20	247462		SRR24759596	checkm2 on collection 41: Quality report	semibin-single-sample-binning
18	SemiBin_7	91.41	3.29	Neural Network (Specific Model)	11	0.899	16501	351.25550660792953	1593883	0.61	1362	143	56668		SRR24759596	checkm2 on collection 41: Quality report	semibin-single-sample-binning
19	SemiBin_9	51.77	4.09	Neural Network (Specific Model)	11	0.908	5251	273.99661016949153	800234	0.37	885	169	16917		SRR24759596	checkm2 on collection 41: Quality report	semibin-single-sample-binning
20	SemiBin_0	85.99	1.13	Gradient Boost (General Model)	11	0.913	5535	286.2551020408163	2483927	0.42	2646	491	19744		SRR24759597	checkm2 on collection 41: Quality report	semibin-single-sample-binning
21	SemiBin_1	10.78	0.82	Neural Network (Specific Model)	11	0.774	3590	237.22925457102676	652671	0.3	711	176	11809		SRR24759597	checkm2 on collection 41: Quality report	semibin-single-sample-binning
22	SemiBin_10	99.9	2.67	Neural Network (Specific Model)	11	0.868	33607	321.05786350148367	2241390	0.34	2022	94	151911		SRR24759597	checkm2 on collection 41: Quality report	semibin-single-sample-binning
23	SemiBin_11	46.42	0.05	Gradient Boost (General Model)	11	0.858	3715	248.8082901554404	1005530	0.36	1158	267	8829		SRR24759597	checkm2 on collection 41: Quality report	semibin-single-sample-binning
24	SemiBin_12	46.13	10.39	Neural Network (Specific Model)	11	0.896	4806	274.86728395061726	893389	0.37	972	198	27256		SRR24759597	checkm2 on collection 41: Quality report	semibin-single-sample-binning
25	SemiBin_13	11.67	0.06	Neural Network (Specific Model)	11	0.899	23625	289.4758064516129	358637	0.36	372	43	49900		SRR24759597	checkm2 on collection 41: Quality report	semibin-single-sample-binning
26	SemiBin_14	59.21	3.62	Neural Network (Specific Model)	11	0.832	8819	281.4026270702456	1773350	0.46	1751	252	44257		SRR24759597	checkm2 on collection 41: Quality report	semibin-single-sample-binning
27	SemiBin_16	53.93	6.29	Neural Network (Specific Model)	11	0.865	4586	267.4039625756742	1682293	0.34	1817	380	31991		SRR24759597	checkm2 on collection 41: Quality report	semibin-single-sample-binning
28	SemiBin_17	36.46	0.0	Neural Network (Specific Model)	11	0.895	3529	243.77586206896552	898835	0.32	1102	248	9866		SRR24759597	checkm2 on collection 41: Quality report	semibin-single-sample-binning
29	SemiBin_18	58.36	5.23	Neural Network (Specific Model)	11	0.903	4869	271.6630982367758	1430354	0.36	1588	306	15736		SRR24759597	checkm2 on collection 41: Quality report	semibin-single-sample-binning
30	SemiBin_19	22.3	1.31	Neural Network (Specific Model)	11	0.861	3842	275.9462068965517	695089	0.42	725	168	62824		SRR24759597	checkm2 on collection 41: Quality report	semibin-single-sample-binning
31	SemiBin_2	43.36	4.12	Neural Network (Specific Model)	11	0.894	3455	295.2660714285714	1107163	0.59	1120	305	10332		SRR24759597	checkm2 on collection 41: Quality report	semibin-single-sample-binning
32	SemiBin_21	21.35	0.53	Neural Network (Specific Model)	11	0.91	3654	279.4270696452037	699833	0.36	761	187	29140		SRR24759597	checkm2 on collection 41: Quality report	semibin-single-sample-binning
33	SemiBin_23	33.36	0.03	Neural Network (Specific Model)	11	0.892	3498	265.6266592920354	1611154	0.56	1808	453	9188		SRR24759597	checkm2 on collection 41: Quality report	semibin-single-sample-binning
34	SemiBin_25	38.68	3.25	Neural Network (Specific Model)	11	0.913	4279	256.2271126760563	477433	0.37	568	114	10027		SRR24759597	checkm2 on collection 41: Quality report	semibin-single-sample-binning
35	SemiBin_3	79.37	40.84	Neural Network (Specific Model)	11	0.831	4470	269.1102699974767	3844082	0.45	3963	872	28890		SRR24759597	checkm2 on collection 41: Quality report	semibin-single-sample-binning
36	SemiBin_4	43.07	0.11	Neural Network (Specific Model)	11	0.878	3962	267.9367231638418	1616313	0.51	1770	414	18262		SRR24759597	checkm2 on collection 41: Quality report	semibin-single-sample-binning
37	SemiBin_44	9.76	0.18	Neural Network (Specific Model)	11	0.878	9560	295.81907894736844	306959	0.3	304	42	19510		SRR24759597	checkm2 on collection 41: Quality report	semibin-single-sample-binning
38	SemiBin_49	100.0	0.37	Neural Network (Specific Model)	11	0.858	194137	315.7493457400407	3791422	0.39	3439	29	594787		SRR24759597	checkm2 on collection 41: Quality report	semibin-single-sample-binning
39	SemiBin_5	70.85	0.03	Neural Network (Specific Model)	11	0.866	6984	287.7663934426229	1458239	0.43	1464	249	22332		SRR24759597	checkm2 on collection 41: Quality report	semibin-single-sample-binning
40	SemiBin_54	9.03	0.12	Neural Network (Specific Model)	11	0.707	4140	238.1737089201878	429745	0.39	426	101	16812		SRR24759597	checkm2 on collection 41: Quality report	semibin-single-sample-binning
41	SemiBin_6	10.79	0.0	Neural Network (Specific Model)	11	0.867	3195	255.008	220425	0.3	250	68	6360		SRR24759597	checkm2 on collection 41: Quality report	semibin-single-sample-binning
42	SemiBin_69	6.8	0.03	Neural Network (Specific Model)	11	0.858	4426	272.3754266211604	278037	0.42	293	64	31074		SRR24759597	checkm2 on collection 41: Quality report	semibin-single-sample-binning
43	SemiBin_7	6.61	0.02	Neural Network (Specific Model)	11	0.779	5277	232.12225705329155	284519	0.35	319	57	15723		SRR24759597	checkm2 on collection 41: Quality report	semibin-single-sample-binning
44	SemiBin_8	17.92	0.0	Neural Network (Specific Model)	11	0.922	3292	278.684766214178	599780	0.44	663	172	9117		SRR24759597	checkm2 on collection 41: Quality report	semibin-single-sample-binning
45	SemiBin_9	86.16	1.92	Neural Network (Specific Model)	11	0.901	16003	284.95188452285487	1181754	0.46	1247	108	57250		SRR24759597	checkm2 on collection 41: Quality report	semibin-single-sample-binning
46	0.fa	4.3	0.4	Neural Network (Specific Model)	11	0.982	3750	752.2871287128713	232036	0.4	101	82	13811		SRR24759596	checkm2 on collection 73: Quality report	comebin-single-sample-binning
47	1046.fa	30.95	10.26	Neural Network (Specific Model)	11	0.9	5903	283.7383820998279	548448	0.38	581	118	19240		SRR24759596	checkm2 on collection 73: Quality report	comebin-single-sample-binning
48	1164.fa	10.16	0.08	Neural Network (Specific Model)	11	0.9	5536	305.78991596638656	242135	0.33	238	48	27861		SRR24759596	checkm2 on collection 73: Quality report	comebin-single-sample-binning
49	1212.fa	18.25	0.02	Neural Network (Specific Model)	11	0.904	5846	275.4926931106472	437217	0.35	479	87	24082		SRR24759596	checkm2 on collection 73: Quality report	comebin-single-sample-binning
50	1299.fa	5.41	0.01	Neural Network (Specific Model)	11	0.883	164069	273.31140350877195	211345	0.39	228	3	164069		SRR24759596	checkm2 on collection 73: Quality report	comebin-single-sample-binning
51	1302.fa	6.45	0.3	Neural Network (Specific Model)	11	0.932	3119	185.9208211143695	203075	0.47	341	77	14344		SRR24759596	checkm2 on collection 73: Quality report	comebin-single-sample-binning
52	1379.fa	51.14	0.1	Neural Network (Specific Model)	11	0.827	17780	297.60689655172416	1406832	0.46	1305	97	84597		SRR24759596	checkm2 on collection 73: Quality report	comebin-single-sample-binning
53	1476.fa	10.01	0.0	Neural Network (Specific Model)	11	0.844	13576	276.3815261044177	244305	0.35	249	25	39632		SRR24759596	checkm2 on collection 73: Quality report	comebin-single-sample-binning
54	1501.fa	11.05	0.0	Neural Network (Specific Model)	11	0.899	9071	275.4703947368421	279106	0.37	304	35	19569		SRR24759596	checkm2 on collection 73: Quality report	comebin-single-sample-binning
55	1536.fa	46.44	0.11	Neural Network (Specific Model)	11	0.867	7976	288.03143418467585	1013354	0.43	1018	155	21261		SRR24759596	checkm2 on collection 73: Quality report	comebin-single-sample-binning
56	169.fa	85.7	0.93	Neural Network (Specific Model)	11	0.871	15712	308.92075015124016	1756680	0.34	1653	160	39872		SRR24759596	checkm2 on collection 73: Quality report	comebin-single-sample-binning
57	1691.fa	11.94	1.78	Neural Network (Specific Model)	11	0.883	4518	268.93624161073825	272127	0.36	298	72	13929		SRR24759596	checkm2 on collection 73: Quality report	comebin-single-sample-binning
58	1763.fa	8.55	0.04	Neural Network (Specific Model)	11	0.87	7020	267.7763713080169	218619	0.35	237	39	14054		SRR24759596	checkm2 on collection 73: Quality report	comebin-single-sample-binning
59	1802.fa	93.67	0.24	Neural Network (Specific Model)	11	0.895	90094	294.5332326283988	1305732	0.45	1324	17	247462		SRR24759596	checkm2 on collection 73: Quality report	comebin-single-sample-binning
60	1819.fa	4.62	0.02	Neural Network (Specific Model)	11	0.871	5245	251.3935742971888	215476	0.35	249	54	20277		SRR24759596	checkm2 on collection 73: Quality report	comebin-single-sample-binning
61	329.fa	97.63	1.93	Neural Network (Specific Model)	11	0.898	16501	343.5469534050179	1599827	0.61	1395	164	56668		SRR24759596	checkm2 on collection 73: Quality report	comebin-single-sample-binning
62	493.fa	6.89	0.0	Neural Network (Specific Model)	11	0.797	6950	251.64655172413796	219364	0.28	232	43	24753		SRR24759596	checkm2 on collection 73: Quality report	comebin-single-sample-binning
63	536.fa	38.38	3.04	Neural Network (Specific Model)	11	0.923	6316	271.03716814159293	497225	0.38	565	108	16917		SRR24759596	checkm2 on collection 73: Quality report	comebin-single-sample-binning
64	644.fa	60.7	3.82	Neural Network (Specific Model)	11	0.903	6148	261.49122807017545	642328	0.37	741	128	39661		SRR24759596	checkm2 on collection 73: Quality report	comebin-single-sample-binning
65	772.fa	12.12	0.22	Neural Network (Specific Model)	11	0.848	9329	304.34864864864863	397852	0.45	370	49	24279		SRR24759596	checkm2 on collection 73: Quality report	comebin-single-sample-binning
66	82.fa	15.24	7.37	Neural Network (Specific Model)	11	0.932	4623	268.9254498714653	336223	0.35	389	87	20898		SRR24759596	checkm2 on collection 73: Quality report	comebin-single-sample-binning
67	821.fa	17.85	1.18	Neural Network (Specific Model)	11	0.878	9881	314.934595524957	624512	0.33	581	81	31470		SRR24759596	checkm2 on collection 73: Quality report	comebin-single-sample-binning
68	902.fa	6.25	0.04	Neural Network (Specific Model)	11	0.769	3235	218.9102564102564	395983	0.51	468	144	8995		SRR24759596	checkm2 on collection 73: Quality report	comebin-single-sample-binning
69	0.fa	29.82	0.12	Neural Network (Specific Model)	11	0.889	1559	206.44824399260628	752268	0.38	1082	486	4355		SRR24759597	checkm2 on collection 73: Quality report	comebin-single-sample-binning
70	10300.fa	22.67	2.98	Neural Network (Specific Model)	11	0.801	3766	239.7297650130548	686214	0.44	766	215	13838		SRR24759597	checkm2 on collection 73: Quality report	comebin-single-sample-binning
71	10515.fa	11.23	0.86	Neural Network (Specific Model)	11	0.759	2627	203.905	321576	0.44	400	140	6290		SRR24759597	checkm2 on collection 73: Quality report	comebin-single-sample-binning
72	10655.fa	70.52	2.68	Neural Network (Specific Model)	11	0.896	2420	219.42646488164533	1888499	0.31	2577	884	9866		SRR24759597	checkm2 on collection 73: Quality report	comebin-single-sample-binning
73	11539.fa	65.16	7.78	Neural Network (Specific Model)	11	0.883	3518	257.56846473029043	1685809	0.34	1928	565	21027		SRR24759597	checkm2 on collection 73: Quality report	comebin-single-sample-binning
74	1161.fa	88.22	2.85	Neural Network (Specific Model)	11	0.846	5375	265.4227680680208	1990410	0.42	2117	508	22332		SRR24759597	checkm2 on collection 73: Quality report	comebin-single-sample-binning
75	12104.fa	3.19	0.0	Neural Network (Specific Model)	11	0.267	1695	102.67175572519083	299952	0.23	262	172	26197		SRR24759597	checkm2 on collection 73: Quality report	comebin-single-sample-binning
76	12276.fa	35.89	0.15	Neural Network (Specific Model)	11	0.863	1683	214.53851744186048	1024423	0.3	1376	615	6360		SRR24759597	checkm2 on collection 73: Quality report	comebin-single-sample-binning
77	12891.fa	13.24	0.19	Neural Network (Specific Model)	11	0.893	1566	236.75510204081635	311385	0.47	392	196	6521		SRR24759597	checkm2 on collection 73: Quality report	comebin-single-sample-binning
78	13087.fa	7.41	0.05	Neural Network (Specific Model)	11	0.861	2964	219.1494252873563	330966	0.4	435	130	29140		SRR24759597	checkm2 on collection 73: Quality report	comebin-single-sample-binning
79	13217.fa	21.25	1.16	Neural Network (Specific Model)	11	0.909	3127	301.35625596943646	1040068	0.36	1047	396	49900		SRR24759597	checkm2 on collection 73: Quality report	comebin-single-sample-binning
80	13613.fa	89.12	1.92	Neural Network (Specific Model)	11	0.9	15902	283.74175824175825	1203864	0.46	1274	131	57250		SRR24759597	checkm2 on collection 73: Quality report	comebin-single-sample-binning
81	13744.fa	19.55	3.36	Neural Network (Specific Model)	11	0.902	1368	217.95748160261653	883954	0.6	1223	616	7870		SRR24759597	checkm2 on collection 73: Quality report	comebin-single-sample-binning
82	14360.fa	99.91	2.64	Neural Network (Specific Model)	11	0.859	32389	304.52482876712327	2481609	0.34	2336	187	151911		SRR24759597	checkm2 on collection 73: Quality report	comebin-single-sample-binning
83	14547.fa	11.17	0.52	Neural Network (Specific Model)	11	0.856	2098	173.67178276269186	512938	0.46	847	251	10423		SRR24759597	checkm2 on collection 73: Quality report	comebin-single-sample-binning
84	14798.fa	12.39	1.58	Neural Network (Specific Model)	11	0.887	2417	202.9660766961652	462984	0.43	678	206	9655		SRR24759597	checkm2 on collection 73: Quality report	comebin-single-sample-binning
85	15004.fa	77.72	22.3	Neural Network (Specific Model)	11	0.901	2738	245.7835630423685	1600709	0.37	1959	664	27256		SRR24759597	checkm2 on collection 73: Quality report	comebin-single-sample-binning
86	15668.fa	64.3	7.49	Neural Network (Specific Model)	11	0.906	3477	248.81350954478708	1120835	0.37	1362	404	15736		SRR24759597	checkm2 on collection 73: Quality report	comebin-single-sample-binning
87	16072.fa	24.39	1.03	Neural Network (Specific Model)	11	0.899	1311	199.5823699421965	460074	0.37	692	335	4086		SRR24759597	checkm2 on collection 73: Quality report	comebin-single-sample-binning
88	16407.fa	5.49	1.59	Neural Network (Specific Model)	11	0.862	1864	212.1454005934718	248144	0.45	337	134	6604		SRR24759597	checkm2 on collection 73: Quality report	comebin-single-sample-binning
89	16541.fa	9.42	0.16	Neural Network (Specific Model)	11	0.862	6815	269.7636815920398	377096	0.31	402	88	19510		SRR24759597	checkm2 on collection 73: Quality report	comebin-single-sample-binning
90	16629.fa	7.61	0.0	Neural Network (Specific Model)	11	0.848	1661	176.03135888501745	355775	0.44	574	213	6216		SRR24759597	checkm2 on collection 73: Quality report	comebin-single-sample-binning
91	1669.fa	75.2	1.19	Gradient Boost (General Model)	11	0.862	2585	233.3572735590119	1772221	0.36	2186	771	8829		SRR24759597	checkm2 on collection 73: Quality report	comebin-single-sample-binning
92	16842.fa	7.37	0.03	Neural Network (Specific Model)	11	0.68	2565	200.3793103448276	332602	0.39	377	147	15835		SRR24759597	checkm2 on collection 73: Quality report	comebin-single-sample-binning
93	16989.fa	11.58	1.15	Neural Network (Specific Model)	11	0.876	1697	213.09402795425663	573051	0.42	787	331	12829		SRR24759597	checkm2 on collection 73: Quality report	comebin-single-sample-binning
94	17320.fa	24.22	17.35	Neural Network (Specific Model)	11	0.89	2075	251.6830601092896	464868	0.47	549	232	12709		SRR24759597	checkm2 on collection 73: Quality report	comebin-single-sample-binning
95	17552.fa	70.9	10.48	Neural Network (Specific Model)	11	0.901	2009	245.77536997885835	1545938	0.61	1892	799	10332		SRR24759597	checkm2 on collection 73: Quality report	comebin-single-sample-binning
96	18351.fa	7.43	0.27	Neural Network (Specific Model)	11	0.667	2432	184.66666666666663	476513	0.4	576	222	10356		SRR24759597	checkm2 on collection 73: Quality report	comebin-single-sample-binning
97	18573.fa	7.5	0.13	Neural Network (Specific Model)	11	0.876	1663	239.4234930448223	529317	0.63	647	300	8156		SRR24759597	checkm2 on collection 73: Quality report	comebin-single-sample-binning
98	18873.fa	10.31	2.54	Neural Network (Specific Model)	11	0.848	1815	209.99738903394257	284115	0.33	383	164	7502		SRR24759597	checkm2 on collection 73: Quality report	comebin-single-sample-binning
99	19037.fa	10.47	4.05	Neural Network (Specific Model)	11	0.839	2941	234.8987341772152	330487	0.46	395	132	9949		SRR24759597	checkm2 on collection 73: Quality report	comebin-single-sample-binning
100	19169.fa	58.51	3.29	Gradient Boost (General Model)	11	0.893	2440	240.3913043478261	1538146	0.55	1909	693	9188		SRR24759597	checkm2 on collection 73: Quality report	comebin-single-sample-binning
101	19862.fa	62.91	6.37	Neural Network (Specific Model)	11	0.834	8960	284.19237435008665	1765810	0.46	1731	275	44257		SRR24759597	checkm2 on collection 73: Quality report	comebin-single-sample-binning
102	20137.fa	8.7	0.04	Neural Network (Specific Model)	11	0.852	2060	219.42751479289944	521247	0.52	676	264	6458		SRR24759597	checkm2 on collection 73: Quality report	comebin-single-sample-binning
103	20401.fa	8.17	0.27	Neural Network (Specific Model)	11	0.834	1726	241.2372881355932	204450	0.47	236	119	6232		SRR24759597	checkm2 on collection 73: Quality report	comebin-single-sample-binning
104	20520.fa	11.69	2.16	Neural Network (Specific Model)	11	0.901	1427	185.43188405797105	212273	0.39	345	142	6904		SRR24759597	checkm2 on collection 73: Quality report	comebin-single-sample-binning
105	20662.fa	32.4	7.37	Neural Network (Specific Model)	11	0.876	3233	237.55143338954468	962779	0.34	1186	359	15055		SRR24759597	checkm2 on collection 73: Quality report	comebin-single-sample-binning
106	21021.fa	17.21	1.37	Neural Network (Specific Model)	11	0.89	3529	250.22792792792796	933197	0.39	1110	323	12518		SRR24759597	checkm2 on collection 73: Quality report	comebin-single-sample-binning
107	21344.fa	4.71	0.03	Neural Network (Specific Model)	11	0.716	1648	204.59692307692308	278303	0.33	325	162	8978		SRR24759597	checkm2 on collection 73: Quality report	comebin-single-sample-binning
108	21506.fa	7.09	0.0	Neural Network (Specific Model)	11	0.889	2910	205.26799007444168	278031	0.47	403	109	35177		SRR24759597	checkm2 on collection 73: Quality report	comebin-single-sample-binning
109	21615.fa	6.42	0.11	Neural Network (Specific Model)	4	0.748	1460	176.75572519083968	276061	0.45	393	184	4445		SRR24759597	checkm2 on collection 73: Quality report	comebin-single-sample-binning
110	21799.fa	13.05	0.38	Neural Network (Specific Model)	11	0.865	1847	207.1415797317437	481446	0.34	671	266	6471		SRR24759597	checkm2 on collection 73: Quality report	comebin-single-sample-binning
111	22065.fa	7.74	0.03	Neural Network (Specific Model)	11	0.797	1508	185.38867924528304	368954	0.3	530	238	4605		SRR24759597	checkm2 on collection 73: Quality report	comebin-single-sample-binning
112	22303.fa	23.19	0.11	Neural Network (Specific Model)	11	0.92	2162	241.7163080407701	1387962	0.59	1766	688	8408		SRR24759597	checkm2 on collection 73: Quality report	comebin-single-sample-binning
113	22991.fa	18.59	4.6	Neural Network (Specific Model)	11	0.923	1433	246.41711229946523	299089	0.38	374	200	5882		SRR24759597	checkm2 on collection 73: Quality report	comebin-single-sample-binning
114	23191.fa	5.58	0.09	Neural Network (Specific Model)	11	0.928	2380	482.0119521912351	390970	0.45	251	180	13460		SRR24759597	checkm2 on collection 73: Quality report	comebin-single-sample-binning
115	23371.fa	4.7	0.6	Neural Network (Specific Model)	11	0.767	1631	185.69727891156464	213023	0.45	294	131	4698		SRR24759597	checkm2 on collection 73: Quality report	comebin-single-sample-binning
116	23502.fa	14.24	0.73	Neural Network (Specific Model)	11	0.832	4557	256.6492248062016	476722	0.45	516	123	13516		SRR24759597	checkm2 on collection 73: Quality report	comebin-single-sample-binning
117	23625.fa	11.04	0.22	Neural Network (Specific Model)	11	0.722	3164	193.6919191919192	636352	0.31	792	246	13218		SRR24759597	checkm2 on collection 73: Quality report	comebin-single-sample-binning
118	23871.fa	4.28	0.0	Neural Network (Specific Model)	11	0.844	1833	199.51193633952252	266528	0.52	377	149	8504		SRR24759597	checkm2 on collection 73: Quality report	comebin-single-sample-binning
119	24020.fa	8.81	0.51	Neural Network (Specific Model)	11	0.819	2910	236.7323943661972	307311	0.46	355	116	12418		SRR24759597	checkm2 on collection 73: Quality report	comebin-single-sample-binning
120	24136.fa	7.16	0.07	Neural Network (Specific Model)	11	0.695	3538	205.6513513513513	327492	0.38	370	126	15919		SRR24759597	checkm2 on collection 73: Quality report	comebin-single-sample-binning
121	24262.fa	10.42	0.09	Neural Network (Specific Model)	11	0.763	6639	219.10091743119267	467722	0.41	545	95	50078		SRR24759597	checkm2 on collection 73: Quality report	comebin-single-sample-binning
122	24357.fa	5.11	0.01	Neural Network (Specific Model)	11	0.838	2071	177.48670756646217	309392	0.49	489	149	18262		SRR24759597	checkm2 on collection 73: Quality report	comebin-single-sample-binning
123	2440.fa	26.12	8.08	Neural Network (Specific Model)	11	0.852	3777	264.6897470039947	698480	0.45	751	221	13672		SRR24759597	checkm2 on collection 73: Quality report	comebin-single-sample-binning
124	24506.fa	7.38	0.04	Neural Network (Specific Model)	11	0.744	3642	210.5532879818594	373388	0.4	441	132	12709		SRR24759597	checkm2 on collection 73: Quality report	comebin-single-sample-binning
125	24638.fa	80.33	0.07	Neural Network (Specific Model)	11	0.861	172811	317.3783783783784	3186647	0.39	2886	34	350293		SRR24759597	checkm2 on collection 73: Quality report	comebin-single-sample-binning
126	24672.fa	16.65	0.0	Neural Network (Specific Model)	11	0.838	594787	308.9	596596	0.38	540	2	594787		SRR24759597	checkm2 on collection 73: Quality report	comebin-single-sample-binning
127	2661.fa	26.65	3.11	Neural Network (Specific Model)	11	0.899	1729	228.1304347826087	839075	0.36	1104	494	6134		SRR24759597	checkm2 on collection 73: Quality report	comebin-single-sample-binning
128	3155.fa	56.87	5.53	Neural Network (Specific Model)	11	0.9	3069	233.73513986013987	889604	0.37	1144	348	14660		SRR24759597	checkm2 on collection 73: Quality report	comebin-single-sample-binning
129	3503.fa	12.75	2.22	Neural Network (Specific Model)	11	0.866	2307	228.5045180722892	524726	0.34	664	253	7688		SRR24759597	checkm2 on collection 73: Quality report	comebin-single-sample-binning
130	3756.fa	74.5	0.63	Gradient Boost (General Model)	11	0.922	5121	286.5988647114475	1966396	0.43	2114	485	19744		SRR24759597	checkm2 on collection 73: Quality report	comebin-single-sample-binning
131	4241.fa	50.45	16.94	Neural Network (Specific Model)	11	0.922	1423	232.9404761904762	1524456	0.62	2016	1040	7799		SRR24759597	checkm2 on collection 73: Quality report	comebin-single-sample-binning
132	486.fa	7.31	1.15	Neural Network (Specific Model)	11	0.745	1563	184.43515850144087	257151	0.44	347	163	4414		SRR24759597	checkm2 on collection 73: Quality report	comebin-single-sample-binning
133	5281.fa	15.59	1.92	Neural Network (Specific Model)	11	0.816	1689	203.9679376083189	862685	0.52	1154	511	6479		SRR24759597	checkm2 on collection 73: Quality report	comebin-single-sample-binning
134	5792.fa	26.51	9.84	Neural Network (Specific Model)	11	0.857	2258	242.96726959517656	985106	0.47	1161	464	7469		SRR24759597	checkm2 on collection 73: Quality report	comebin-single-sample-binning
135	6256.fa	45.55	3.59	Gradient Boost (General Model)	11	0.923	2097	239.9035133717881	1482430	0.44	1907	745	9117		SRR24759597	checkm2 on collection 73: Quality report	comebin-single-sample-binning
136	649.fa	27.17	2.51	Neural Network (Specific Model)	11	0.862	1924	221.0079936051159	960040	0.34	1251	512	7569		SRR24759597	checkm2 on collection 73: Quality report	comebin-single-sample-binning
137	7001.fa	71.0	2.5	Neural Network (Specific Model)	11	0.881	2611	242.46286205907657	2871288	0.51	3487	1231	10181		SRR24759597	checkm2 on collection 73: Quality report	comebin-single-sample-binning
138	8232.fa	52.64	9.85	Neural Network (Specific Model)	11	0.857	1900	224.77906976744185	1418234	0.42	1806	778	8002		SRR24759597	checkm2 on collection 73: Quality report	comebin-single-sample-binning
139	9010.fa	22.65	1.34	Neural Network (Specific Model)	11	0.728	1646	192.218045112782	839837	0.43	1064	496	12373		SRR24759597	checkm2 on collection 73: Quality report	comebin-single-sample-binning
140	9506.fa	9.92	0.43	Neural Network (Specific Model)	11	0.724	2473	191.727602905569	654741	0.29	826	296	11809		SRR24759597	checkm2 on collection 73: Quality report	comebin-single-sample-binning
141	9802.fa	29.6	0.88	Neural Network (Specific Model)	11	0.775	1624	194.66103286384973	800535	0.44	1065	498	5006		SRR24759597	checkm2 on collection 73: Quality report	comebin-single-sample-binning
142	1	13.53	1.54	Neural Network (Specific Model)	11	0.803	5182	256.9478458049887	421695	0.45	441	99	21552		SRR24759596	checkm2 on collection 62: Quality report	metabat2-single-sample-binning
143	10	67.41	14.03	Neural Network (Specific Model)	11	0.902	6487	277.5434426229508	1124215	0.37	1220	210	39661		SRR24759596	checkm2 on collection 62: Quality report	metabat2-single-sample-binning
144	11	4.71	0.0	Neural Network (Specific Model)	11	0.571	3768	192.92079207920796	203974	0.28	202	55	31107		SRR24759596	checkm2 on collection 62: Quality report	metabat2-single-sample-binning
145	12	46.81	3.11	Neural Network (Specific Model)	11	0.91	5136	270.43459915611817	632767	0.37	711	148	16917		SRR24759596	checkm2 on collection 62: Quality report	metabat2-single-sample-binning
146	13	5.38	0.01	Neural Network (Specific Model)	11	0.882	164069	274.88392857142856	209119	0.4	224	2	164069		SRR24759596	checkm2 on collection 62: Quality report	metabat2-single-sample-binning
147	14	12.84	1.16	Neural Network (Specific Model)	11	0.897	6415	277.75141242937855	328403	0.35	354	63	20898		SRR24759596	checkm2 on collection 62: Quality report	metabat2-single-sample-binning
148	15	66.45	31.44	Neural Network (Specific Model)	11	0.832	4569	259.15623907724574	2669493	0.45	2861	655	31365		SRR24759596	checkm2 on collection 62: Quality report	metabat2-single-sample-binning
149	16	87.45	16.58	Neural Network (Specific Model)	11	0.826	3918	242.8921105866487	3916197	0.33	4449	1108	36774		SRR24759596	checkm2 on collection 62: Quality report	metabat2-single-sample-binning
150	17	9.22	0.6	Neural Network (Specific Model)	11	0.797	3572	227.8187134502924	292970	0.45	342	85	25497		SRR24759596	checkm2 on collection 62: Quality report	metabat2-single-sample-binning
151	18	86.88	25.55	Neural Network (Specific Model)	11	0.858	5471	262.13635291342297	3881212	0.34	4239	872	47687		SRR24759596	checkm2 on collection 62: Quality report	metabat2-single-sample-binning
152	2	85.59	31.64	Neural Network (Specific Model)	11	0.888	3892	248.52098926130816	2574291	0.36	3073	745	25622		SRR24759596	checkm2 on collection 62: Quality report	metabat2-single-sample-binning
153	3	15.6	0.01	Neural Network (Specific Model)	11	0.883	5730	287.3954802259887	345332	0.45	354	65	13786		SRR24759596	checkm2 on collection 62: Quality report	metabat2-single-sample-binning
154	4	93.01	4.22	Neural Network (Specific Model)	11	0.868	13575	298.28591417910445	2208312	0.34	2144	249	39872		SRR24759596	checkm2 on collection 62: Quality report	metabat2-single-sample-binning
155	5	55.91	2.83	Neural Network (Specific Model)	11	0.821	14487	283.570757880617	1542748	0.46	1491	182	84597		SRR24759596	checkm2 on collection 62: Quality report	metabat2-single-sample-binning
156	6	82.34	0.15	Neural Network (Specific Model)	11	0.896	98400	296.7589833479404	1132574	0.45	1141	13	247462		SRR24759596	checkm2 on collection 62: Quality report	metabat2-single-sample-binning
157	7	49.43	0.77	Neural Network (Specific Model)	11	0.851	7696	276.40242844752817	1122342	0.41	1153	182	26629		SRR24759596	checkm2 on collection 62: Quality report	metabat2-single-sample-binning
158	8	92.79	2.57	Neural Network (Specific Model)	11	0.9	18289	349.5908739365816	1504948	0.61	1293	135	56668		SRR24759596	checkm2 on collection 62: Quality report	metabat2-single-sample-binning
159	9	11.79	0.01	Neural Network (Specific Model)	11	0.834	3055	222.65714285714284	335892	0.45	420	118	7827		SRR24759596	checkm2 on collection 62: Quality report	metabat2-single-sample-binning
160	1	99.78	1.0	Neural Network (Specific Model)	11	0.867	33844	315.35654885654884	2097128	0.34	1924	98	151911		SRR24759597	checkm2 on collection 62: Quality report	metabat2-single-sample-binning
161	10	47.43	0.59	Neural Network (Specific Model)	11	0.898	3201	262.017063081696	1689075	0.53	1934	563	9184		SRR24759597	checkm2 on collection 62: Quality report	metabat2-single-sample-binning
162	11	92.22	9.14	Gradient Boost (General Model)	11	0.908	4597	273.0440591245025	3164958	0.42	3518	803	19744		SRR24759597	checkm2 on collection 62: Quality report	metabat2-single-sample-binning
163	12	18.99	1.15	Neural Network (Specific Model)	11	0.895	3843	264.1788235294118	375932	0.38	425	108	12615		SRR24759597	checkm2 on collection 62: Quality report	metabat2-single-sample-binning
164	13	78.05	21.76	Neural Network (Specific Model)	11	0.886	3870	248.64809384164224	2293236	0.36	2728	659	36178		SRR24759597	checkm2 on collection 62: Quality report	metabat2-single-sample-binning
165	14	8.09	0.05	Neural Network (Specific Model)	11	0.866	10925	266.95	221600	0.3	240	30	19510		SRR24759597	checkm2 on collection 62: Quality report	metabat2-single-sample-binning
166	15	26.38	0.0	Neural Network (Specific Model)	11	0.913	3873	249.01937046004844	337444	0.38	413	94	9791		SRR24759597	checkm2 on collection 62: Quality report	metabat2-single-sample-binning
167	16	17.94	0.0	Neural Network (Specific Model)	11	0.93	2834	264.0529197080292	465669	0.45	548	169	9117		SRR24759597	checkm2 on collection 62: Quality report	metabat2-single-sample-binning
168	17	71.21	19.79	Neural Network (Specific Model)	11	0.837	3888	250.5227686703097	2954320	0.33	3294	843	31991		SRR24759597	checkm2 on collection 62: Quality report	metabat2-single-sample-binning
169	18	61.96	0.26	Gradient Boost (General Model)	11	0.862	3064	244.85132634176435	1378725	0.36	1621	474	8829		SRR24759597	checkm2 on collection 62: Quality report	metabat2-single-sample-binning
170	19	54.04	0.71	Gradient Boost (General Model)	11	0.905	2973	240.25949774629748	1234389	0.32	1553	441	9866		SRR24759597	checkm2 on collection 62: Quality report	metabat2-single-sample-binning
171	2	45.6	0.15	Neural Network (Specific Model)	11	0.902	2910	255.41457194899817	2328251	0.57	2745	846	9188		SRR24759597	checkm2 on collection 62: Quality report	metabat2-single-sample-binning
172	20	85.26	0.55	Neural Network (Specific Model)	11	0.902	17336	289.3761782347901	1121748	0.46	1167	97	57250		SRR24759597	checkm2 on collection 62: Quality report	metabat2-single-sample-binning
173	21	41.07	7.66	Neural Network (Specific Model)	11	0.772	2251	208.9833246482543	3107600	0.3	3838	1354	11809		SRR24759597	checkm2 on collection 62: Quality report	metabat2-single-sample-binning
174	22	8.72	0.06	Neural Network (Specific Model)	11	0.721	3408	201.9953488372093	360756	0.3	430	117	11453		SRR24759597	checkm2 on collection 62: Quality report	metabat2-single-sample-binning
175	23	74.97	0.67	Neural Network (Specific Model)	11	0.86	6281	276.7891859052248	1586880	0.42	1646	318	22332		SRR24759597	checkm2 on collection 62: Quality report	metabat2-single-sample-binning
176	24	64.25	12.04	Neural Network (Specific Model)	11	0.818	6665	262.50341296928326	2252108	0.45	2344	491	32957		SRR24759597	checkm2 on collection 62: Quality report	metabat2-single-sample-binning
177	25	65.99	6.89	Gradient Boost (General Model)	11	0.897	4806	252.27272727272728	510039	0.37	605	133	27256		SRR24759597	checkm2 on collection 62: Quality report	metabat2-single-sample-binning
178	3	79.26	56.08	Neural Network (Specific Model)	11	0.823	3583	250.25880063683	5148493	0.45	5653	1540	44257		SRR24759597	checkm2 on collection 62: Quality report	metabat2-single-sample-binning
179	4	11.19	0.0	Neural Network (Specific Model)	11	0.884	1997	220.50797872340425	281119	0.38	376	134	4355		SRR24759597	checkm2 on collection 62: Quality report	metabat2-single-sample-binning
180	5	48.16	6.26	Neural Network (Specific Model)	11	0.905	2762	273.996186844614	950941	0.61	1049	347	10332		SRR24759597	checkm2 on collection 62: Quality report	metabat2-single-sample-binning
181	6	5.46	0.02	Neural Network (Specific Model)	11	0.862	36036	288.2657004830918	207472	0.35	207	8	49900		SRR24759597	checkm2 on collection 62: Quality report	metabat2-single-sample-binning
182	7	46.08	9.53	Neural Network (Specific Model)	11	0.88	2517	240.88212765957448	1927060	0.35	2350	765	15723		SRR24759597	checkm2 on collection 62: Quality report	metabat2-single-sample-binning
183	8	6.02	0.01	Neural Network (Specific Model)	11	0.816	3852	222.69055374592836	250421	0.46	307	73	10181		SRR24759597	checkm2 on collection 62: Quality report	metabat2-single-sample-binning
184	9	99.95	0.37	Neural Network (Specific Model)	11	0.857	209464	316.77573964497043	3743573	0.39	3380	29	594787		SRR24759597	checkm2 on collection 62: Quality report	metabat2-single-sample-binning
185	1	98.81	11.81	Gradient Boost (General Model)	11	0.866	57252	266.4821283509342	2269374	0.46	2462	586	247462		SRR24759596	checkm2 on collection 63: Quality report	maxbin2-single-sample-binning
186	2	33.68	12.24	Neural Network (Specific Model)	11	0.931	2719	296.10403916768666	778574	0.39	817	280	164069		SRR24759596	checkm2 on collection 63: Quality report	maxbin2-single-sample-binning
187	3	34.31	11.81	Neural Network (Specific Model)	11	0.924	2257	278.7753303964758	615318	0.4	681	272	19843		SRR24759596	checkm2 on collection 63: Quality report	maxbin2-single-sample-binning
188	4	68.07	10.78	Neural Network (Specific Model)	11	0.905	10232	308.8457261987491	1471036	0.61	1439	364	48087		SRR24759596	checkm2 on collection 63: Quality report	maxbin2-single-sample-binning
189	5	34.61	7.37	Neural Network (Specific Model)	11	0.868	9532	281.25	997792	0.38	1028	163	26024		SRR24759596	checkm2 on collection 63: Quality report	maxbin2-single-sample-binning
190	6	67.03	25.32	Neural Network (Specific Model)	11	0.871	8196	260.6306243460063	2570383	0.34	2867	748	36054		SRR24759596	checkm2 on collection 63: Quality report	maxbin2-single-sample-binning
191	7	61.41	14.77	Gradient Boost (General Model)	11	0.895	6262	268.8231865284974	1389325	0.36	1544	428	20277		SRR24759596	checkm2 on collection 63: Quality report	maxbin2-single-sample-binning
192	8	67.7	14.89	Neural Network (Specific Model)	11	0.876	7338	263.8168592212238	2107727	0.42	2337	665	28162		SRR24759596	checkm2 on collection 63: Quality report	maxbin2-single-sample-binning
193	9	41.09	15.24	Neural Network (Specific Model)	11	0.863	1840	236.81638655462183	1955420	0.58	2380	993	56668		SRR24759596	checkm2 on collection 63: Quality report	maxbin2-single-sample-binning
194	10	35.62	6.5	Gradient Boost (General Model)	11	0.861	6745	278.3594344752583	1780666	0.37	1839	352	58201		SRR24759596	checkm2 on collection 63: Quality report	maxbin2-single-sample-binning
195	11	51.88	22.21	Neural Network (Specific Model)	11	0.851	2024	223.05240054869685	2860102	0.44	3645	1396	50078		SRR24759596	checkm2 on collection 63: Quality report	maxbin2-single-sample-binning
196	12	49.1	16.9	Neural Network (Specific Model)	11	0.738	2492	197.50511363636363	4231728	0.31	5280	1829	36774		SRR24759596	checkm2 on collection 63: Quality report	maxbin2-single-sample-binning
197	13	40.25	8.86	Neural Network (Specific Model)	11	0.865	4281	267.4663494221618	1362758	0.37	1471	332	8532		SRR24759596	checkm2 on collection 63: Quality report	maxbin2-single-sample-binning
198	14	60.66	29.26	Gradient Boost (General Model)	11	0.901	5094	266.58986928104576	2169453	0.38	2448	800	13949		SRR24759596	checkm2 on collection 63: Quality report	maxbin2-single-sample-binning
199	15	54.19	38.28	Neural Network (Specific Model)	11	0.733	1999	183.59475409836065	4566821	0.44	6100	2348	22096		SRR24759596	checkm2 on collection 63: Quality report	maxbin2-single-sample-binning
200	16	69.5	33.79	Gradient Boost (General Model)	11	0.869	2409	240.3911479944675	2994243	0.47	3615	1283	24583		SRR24759596	checkm2 on collection 63: Quality report	maxbin2-single-sample-binning
201	17	68.65	18.17	Neural Network (Specific Model)	11	0.842	2299	211.48281505728315	2757764	0.35	3666	1288	14066		SRR24759596	checkm2 on collection 63: Quality report	maxbin2-single-sample-binning
202	18	70.72	38.95	Gradient Boost (General Model)	11	0.794	3421	229.04692130391837	5246585	0.4	6074	1955	39063		SRR24759596	checkm2 on collection 63: Quality report	maxbin2-single-sample-binning
203	19	58.93	33.14	Gradient Boost (General Model)	11	0.926	1793	274.8786231884058	2453690	0.48	2760	1355	23407		SRR24759596	checkm2 on collection 63: Quality report	maxbin2-single-sample-binning
204	20	56.18	22.6	Neural Network (Specific Model)	11	0.931	1425	233.34128787878788	1979308	0.63	2640	1343	11667		SRR24759596	checkm2 on collection 63: Quality report	maxbin2-single-sample-binning
205	1	6.56	0.0	Neural Network (Specific Model)	11	0.813	172811	248.5811965811966	214305	0.37	234	23	172811		SRR24759597	checkm2 on collection 63: Quality report	maxbin2-single-sample-binning
206	2	11.26	0.49	Neural Network (Specific Model)	11	0.937	1387	266.46683046683046	346982	0.39	407	214	23760		SRR24759597	checkm2 on collection 63: Quality report	maxbin2-single-sample-binning
207	3	34.82	2.94	Neural Network (Specific Model)	11	0.883	1661	227.75460122699383	1132476	0.37	1467	612	106783		SRR24759597	checkm2 on collection 63: Quality report	maxbin2-single-sample-binning
208	4	11.01	0.15	Neural Network (Specific Model)	11	0.852	39558	250.4983388704319	264924	0.42	301	79	41710		SRR24759597	checkm2 on collection 63: Quality report	maxbin2-single-sample-binning
209	5	75.53	23.63	Neural Network (Specific Model)	11	0.859	3987	242.02185514612447	3320618	0.34	3935	1165	151911		SRR24759597	checkm2 on collection 63: Quality report	maxbin2-single-sample-binning
210	6	53.55	9.55	Gradient Boost (General Model)	11	0.881	9335	247.2789203084833	1308236	0.34	1556	427	78571		SRR24759597	checkm2 on collection 63: Quality report	maxbin2-single-sample-binning
211	7	70.59	8.71	Gradient Boost (General Model)	11	0.903	18497	276.1759530791789	1248577	0.46	1364	264	57250		SRR24759597	checkm2 on collection 63: Quality report	maxbin2-single-sample-binning
212	8	45.01	13.19	Gradient Boost (General Model)	11	0.775	1487	191.30569639129135	2476459	0.37	3353	1447	20872		SRR24759597	checkm2 on collection 63: Quality report	maxbin2-single-sample-binning
213	9	25.33	2.47	Neural Network (Specific Model)	11	0.887	10332	276.20952380952383	684899	0.44	735	151	11639		SRR24759597	checkm2 on collection 63: Quality report	maxbin2-single-sample-binning
214	10	43.85	10.03	Gradient Boost (General Model)	11	0.875	7989	305.207906295754	1426056	0.43	1366	250	12152		SRR24759597	checkm2 on collection 63: Quality report	maxbin2-single-sample-binning
215	11	62.68	25.21	Neural Network (Specific Model)	11	0.876	1669	238.16051594410607	2272003	0.47	2791	1078	44257		SRR24759597	checkm2 on collection 63: Quality report	maxbin2-single-sample-binning
216	12	28.95	5.08	Neural Network (Specific Model)	11	0.893	1645	215.2194381169324	949861	0.35	1317	501	48011		SRR24759597	checkm2 on collection 63: Quality report	maxbin2-single-sample-binning
217	13	61.77	19.82	Gradient Boost (General Model)	11	0.915	1613	252.7045341305431	1660405	0.38	2007	832	44892		SRR24759597	checkm2 on collection 63: Quality report	maxbin2-single-sample-binning
218	14	48.96	10.93	Gradient Boost (General Model)	11	0.87	6232	262.07460545193686	1886115	0.45	2091	601	12798		SRR24759597	checkm2 on collection 63: Quality report	maxbin2-single-sample-binning
219	15	47.89	22.6	Neural Network (Specific Model)	11	0.765	1732	200.87102272727276	2765735	0.44	3520	1341	29418		SRR24759597	checkm2 on collection 63: Quality report	maxbin2-single-sample-binning
220	16	46.79	6.2	Gradient Boost (General Model)	11	0.869	5706	271.10939357907256	1570477	0.42	1682	375	6135		SRR24759597	checkm2 on collection 63: Quality report	maxbin2-single-sample-binning
221	17	70.58	36.38	Gradient Boost (General Model)	11	0.789	1836	199.0816348195329	7116645	0.32	9420	3515	36178		SRR24759597	checkm2 on collection 63: Quality report	maxbin2-single-sample-binning
222	18	42.79	8.22	Neural Network (Specific Model)	11	0.876	4989	247.14135625596944	1768266	0.47	2094	657	17330		SRR24759597	checkm2 on collection 63: Quality report	maxbin2-single-sample-binning
223	19	70.03	25.59	Gradient Boost (General Model)	11	0.88	4313	255.8153302407776	3937984	0.44	4527	1259	17400		SRR24759597	checkm2 on collection 63: Quality report	maxbin2-single-sample-binning
224	20	84.62	31.33	Gradient Boost (General Model)	11	0.862	3605	258.8732928679818	4735970	0.44	5272	1376	4078		SRR24759597	checkm2 on collection 63: Quality report	maxbin2-single-sample-binning
225	21	76.44	19.35	Gradient Boost (General Model)	11	0.854	2767	244.1858037578288	2868896	0.46	3353	1052	3064		SRR24759597	checkm2 on collection 63: Quality report	maxbin2-single-sample-binning
226	22	60.89	15.05	Gradient Boost (General Model)	11	0.852	2595	238.7143303153294	2684908	0.37	3203	1032	3012		SRR24759597	checkm2 on collection 63: Quality report	maxbin2-single-sample-binning
227	23	83.94	30.42	Gradient Boost (General Model)	11	0.876	2008	225.09104514841607	6164926	0.54	8018	3476	18262		SRR24759597	checkm2 on collection 63: Quality report	maxbin2-single-sample-binning
228	24	65.38	26.12	Gradient Boost (General Model)	11	0.84	2127	221.5536448598131	4220948	0.39	5350	2001	2360		SRR24759597	checkm2 on collection 63: Quality report	maxbin2-single-sample-binning
229	25	70.7	18.1	Gradient Boost (General Model)	11	0.86	1922	222.95855898281135	3295510	0.48	4247	1709	2261		SRR24759597	checkm2 on collection 63: Quality report	maxbin2-single-sample-binning
230	1	9.93	0.01	Neural Network (Specific Model)	11	0.812	3435	258.62910798122067	203328	0.33	213	61	11775		SRR24759596	checkm2 on collection 108: Quality report	metabat2-multi-sample-binning
231	10	13.82	0.02	Neural Network (Specific Model)	11	0.904	3195	257.2344213649852	287169	0.35	337	92	15618		SRR24759596	checkm2 on collection 108: Quality report	metabat2-multi-sample-binning
232	11	40.9	1.27	Neural Network (Specific Model)	11	0.812	14027	280.7210264900662	1250386	0.46	1208	159	38384		SRR24759596	checkm2 on collection 108: Quality report	metabat2-multi-sample-binning
233	12	13.63	0.0	Neural Network (Specific Model)	11	0.808	2880	221.2415349887133	363270	0.45	443	132	7827		SRR24759596	checkm2 on collection 108: Quality report	metabat2-multi-sample-binning
234	13	87.16	16.39	Neural Network (Specific Model)	11	0.88	3804	250.99347527472528	2488414	0.36	2912	718	36774		SRR24759596	checkm2 on collection 108: Quality report	metabat2-multi-sample-binning
235	14	93.96	3.37	Neural Network (Specific Model)	11	0.901	16501	343.79545454545456	1559720	0.61	1364	153	56668		SRR24759596	checkm2 on collection 108: Quality report	metabat2-multi-sample-binning
236	15	54.33	5.24	Neural Network (Specific Model)	11	0.904	4639	259.3698366954851	894909	0.37	1041	225	16917		SRR24759596	checkm2 on collection 108: Quality report	metabat2-multi-sample-binning
237	16	82.34	0.15	Neural Network (Specific Model)	11	0.896	98400	296.7589833479404	1132574	0.45	1141	13	247462		SRR24759596	checkm2 on collection 108: Quality report	metabat2-multi-sample-binning
238	17	62.09	12.54	Neural Network (Specific Model)	11	0.894	6178	275.1431818181818	1216914	0.37	1320	241	26024		SRR24759596	checkm2 on collection 108: Quality report	metabat2-multi-sample-binning
239	18	19.59	2.72	Neural Network (Specific Model)	11	0.906	5398	300.84514435695536	379208	0.35	381	86	19351		SRR24759596	checkm2 on collection 108: Quality report	metabat2-multi-sample-binning
240	19	68.89	44.22	Neural Network (Specific Model)	11	0.82	4161	253.8391428571429	3242765	0.45	3500	847	31365		SRR24759596	checkm2 on collection 108: Quality report	metabat2-multi-sample-binning
241	2	82.82	6.39	Neural Network (Specific Model)	11	0.84	4478	258.19260344196266	2514316	0.33	2731	653	20124		SRR24759596	checkm2 on collection 108: Quality report	metabat2-multi-sample-binning
242	20	6.01	0.0	Neural Network (Specific Model)	11	0.742	4460	194.5880149812734	209431	0.3	267	53	24753		SRR24759596	checkm2 on collection 108: Quality report	metabat2-multi-sample-binning
243	3	71.07	1.92	Neural Network (Specific Model)	11	0.856	6895	278.859940652819	1644465	0.42	1685	306	26629		SRR24759596	checkm2 on collection 108: Quality report	metabat2-multi-sample-binning
244	4	17.11	0.0	Neural Network (Specific Model)	11	0.839	36721	316.6502590673575	436162	0.46	386	26	84597		SRR24759596	checkm2 on collection 108: Quality report	metabat2-multi-sample-binning
245	5	92.13	1.95	Neural Network (Specific Model)	11	0.869	14702	302.3111566018424	2037765	0.34	1954	220	39872		SRR24759596	checkm2 on collection 108: Quality report	metabat2-multi-sample-binning
246	6	84.34	9.03	Neural Network (Specific Model)	11	0.868	6319	272.8233628318584	2661202	0.34	2825	527	40559		SRR24759596	checkm2 on collection 108: Quality report	metabat2-multi-sample-binning
247	7	29.45	1.43	Neural Network (Specific Model)	11	0.907	3057	233.38333333333333	554734	0.36	720	195	14066		SRR24759596	checkm2 on collection 108: Quality report	metabat2-multi-sample-binning
248	8	5.38	0.01	Neural Network (Specific Model)	11	0.882	164069	274.88392857142856	209119	0.4	224	2	164069		SRR24759596	checkm2 on collection 108: Quality report	metabat2-multi-sample-binning
249	9	9.83	0.11	Neural Network (Specific Model)	11	0.871	4250	250.5414201183432	291219	0.33	338	81	14104		SRR24759596	checkm2 on collection 108: Quality report	metabat2-multi-sample-binning
250	1	78.74	12.61	Neural Network (Specific Model)	11	0.861	3524	241.9434989788972	2471381	0.35	2938	779	15736		SRR24759597	checkm2 on collection 108: Quality report	metabat2-multi-sample-binning
251	10	99.98	1.18	Neural Network (Specific Model)	11	0.864	33844	317.45060115002616	2106260	0.34	1913	92	151911		SRR24759597	checkm2 on collection 108: Quality report	metabat2-multi-sample-binning
252	11	10.71	0.0	Neural Network (Specific Model)	11	0.869	2754	235.81782945736435	419249	0.33	516	154	8224		SRR24759597	checkm2 on collection 108: Quality report	metabat2-multi-sample-binning
253	12	61.2	0.69	Neural Network (Specific Model)	11	0.852	5942	272.828313253012	1273801	0.42	1328	268	22332		SRR24759597	checkm2 on collection 108: Quality report	metabat2-multi-sample-binning
254	13	15.14	1.49	Neural Network (Specific Model)	11	0.931	2094	261.6252983293556	352363	0.63	419	167	5618		SRR24759597	checkm2 on collection 108: Quality report	metabat2-multi-sample-binning
255	14	45.03	0.09	Neural Network (Specific Model)	11	0.902	3209	261.84256719692814	1584366	0.53	1823	526	9184		SRR24759597	checkm2 on collection 108: Quality report	metabat2-multi-sample-binning
256	15	64.84	5.69	Neural Network (Specific Model)	11	0.843	4028	254.257555847569	2062808	0.33	2283	578	31991		SRR24759597	checkm2 on collection 108: Quality report	metabat2-multi-sample-binning
257	16	61.87	0.21	Gradient Boost (General Model)	11	0.856	3016	242.06560283687944	1433107	0.36	1692	499	8829		SRR24759597	checkm2 on collection 108: Quality report	metabat2-multi-sample-binning
258	17	9.64	0.12	Neural Network (Specific Model)	11	0.86	9560	260.5650793650794	286072	0.3	315	48	19510		SRR24759597	checkm2 on collection 108: Quality report	metabat2-multi-sample-binning
259	18	99.95	0.37	Neural Network (Specific Model)	11	0.857	209464	316.8523231725363	3742063	0.39	3379	28	594787		SRR24759597	checkm2 on collection 108: Quality report	metabat2-multi-sample-binning
260	19	43.1	12.74	Neural Network (Specific Model)	11	0.872	2473	237.07692307692307	1927293	0.35	2366	780	11921		SRR24759597	checkm2 on collection 108: Quality report	metabat2-multi-sample-binning
261	2	85.59	0.53	Neural Network (Specific Model)	11	0.902	16392	287.7146486028789	1129121	0.46	1181	101	57250		SRR24759597	checkm2 on collection 108: Quality report	metabat2-multi-sample-binning
262	20	17.06	0.0	Neural Network (Specific Model)	11	0.927	2967	265.3848920863309	476375	0.45	556	170	9117		SRR24759597	checkm2 on collection 108: Quality report	metabat2-multi-sample-binning
263	21	41.07	1.64	Neural Network (Specific Model)	11	0.891	4370	251.84815950920245	552221	0.37	652	156	10786		SRR24759597	checkm2 on collection 108: Quality report	metabat2-multi-sample-binning
264	22	58.73	1.64	Gradient Boost (General Model)	11	0.89	2765	231.9156279961649	1627096	0.31	2086	612	9866		SRR24759597	checkm2 on collection 108: Quality report	metabat2-multi-sample-binning
265	23	73.43	50.74	Neural Network (Specific Model)	11	0.819	3495	249.5609925788497	3932858	0.45	4312	1205	44257		SRR24759597	checkm2 on collection 108: Quality report	metabat2-multi-sample-binning
266	24	5.46	0.02	Neural Network (Specific Model)	11	0.862	36036	288.2657004830918	207472	0.35	207	8	49900		SRR24759597	checkm2 on collection 108: Quality report	metabat2-multi-sample-binning
267	25	12.21	0.01	Neural Network (Specific Model)	11	0.865	8127	280.76237623762376	294299	0.46	303	57	28890		SRR24759597	checkm2 on collection 108: Quality report	metabat2-multi-sample-binning
268	26	12.87	0.05	Neural Network (Specific Model)	11	0.902	8693	295.9830508474576	290222	0.46	295	45	16567		SRR24759597	checkm2 on collection 108: Quality report	metabat2-multi-sample-binning
269	27	9.57	0.26	Neural Network (Specific Model)	11	0.893	3786	272.2922374429224	200218	0.37	219	60	10125		SRR24759597	checkm2 on collection 108: Quality report	metabat2-multi-sample-binning
270	28	11.69	0.0	Neural Network (Specific Model)	11	0.871	2045	217.38083538083535	304309	0.37	407	145	4355		SRR24759597	checkm2 on collection 108: Quality report	metabat2-multi-sample-binning
271	29	57.24	2.66	Neural Network (Specific Model)	11	0.827	8846	275.37924016282227	1470518	0.46	1474	240	32957		SRR24759597	checkm2 on collection 108: Quality report	metabat2-multi-sample-binning
272	3	85.03	8.81	Gradient Boost (General Model)	11	0.909	4650	272.88583019414665	3101850	0.42	3451	783	19744		SRR24759597	checkm2 on collection 108: Quality report	metabat2-multi-sample-binning
273	4	7.42	0.0	Neural Network (Specific Model)	11	0.811	3784	229.94117647058823	331664	0.47	391	98	10181		SRR24759597	checkm2 on collection 108: Quality report	metabat2-multi-sample-binning
274	5	24.63	1.06	Neural Network (Specific Model)	11	0.774	2162	206.4625131995776	1512881	0.3	1894	670	8960		SRR24759597	checkm2 on collection 108: Quality report	metabat2-multi-sample-binning
275	6	50.23	0.68	Neural Network (Specific Model)	11	0.909	3598	245.38805970149252	649799	0.37	804	192	14660		SRR24759597	checkm2 on collection 108: Quality report	metabat2-multi-sample-binning
276	7	41.99	3.13	Neural Network (Specific Model)	11	0.902	2840	271.663082437276	754920	0.61	837	263	10332		SRR24759597	checkm2 on collection 108: Quality report	metabat2-multi-sample-binning
277	8	27.84	2.44	Neural Network (Specific Model)	11	0.82	3799	256.2877122877123	936163	0.45	1001	267	13838		SRR24759597	checkm2 on collection 108: Quality report	metabat2-multi-sample-binning
278	9	44.09	0.18	Neural Network (Specific Model)	11	0.902	2923	257.0813648293963	2274943	0.57	2667	822	9188		SRR24759597	checkm2 on collection 108: Quality report	metabat2-multi-sample-binning
279	1	98.81	11.81	Gradient Boost (General Model)	11	0.866	57252	266.4821283509342	2269374	0.46	2462	586	247462		SRR24759596	checkm2 on collection 109: Quality report	maxbin2-multi-sample-binning
280	2	33.68	12.24	Neural Network (Specific Model)	11	0.931	2719	296.10403916768666	778574	0.39	817	280	164069		SRR24759596	checkm2 on collection 109: Quality report	maxbin2-multi-sample-binning
281	3	34.31	11.81	Neural Network (Specific Model)	11	0.924	2257	278.7753303964758	615318	0.4	681	272	19843		SRR24759596	checkm2 on collection 109: Quality report	maxbin2-multi-sample-binning
282	4	68.11	10.88	Neural Network (Specific Model)	11	0.905	10232	308.8457261987491	1471036	0.61	1439	364	48087		SRR24759596	checkm2 on collection 109: Quality report	maxbin2-multi-sample-binning
283	5	34.61	7.37	Neural Network (Specific Model)	11	0.868	9532	281.25	997792	0.38	1028	163	26024		SRR24759596	checkm2 on collection 109: Quality report	maxbin2-multi-sample-binning
284	6	67.03	25.32	Neural Network (Specific Model)	11	0.871	8196	260.6306243460063	2570383	0.34	2867	748	36054		SRR24759596	checkm2 on collection 109: Quality report	maxbin2-multi-sample-binning
285	7	61.41	14.77	Gradient Boost (General Model)	11	0.895	6262	268.8231865284974	1389325	0.36	1544	428	20277		SRR24759596	checkm2 on collection 109: Quality report	maxbin2-multi-sample-binning
286	8	67.7	14.89	Neural Network (Specific Model)	11	0.876	7338	263.8168592212238	2107727	0.42	2337	665	28162		SRR24759596	checkm2 on collection 109: Quality report	maxbin2-multi-sample-binning
287	9	41.09	15.24	Neural Network (Specific Model)	11	0.863	1840	236.81638655462183	1955420	0.58	2380	993	56668		SRR24759596	checkm2 on collection 109: Quality report	maxbin2-multi-sample-binning
288	10	35.62	6.5	Gradient Boost (General Model)	11	0.861	6745	278.3594344752583	1780666	0.37	1839	352	58201		SRR24759596	checkm2 on collection 109: Quality report	maxbin2-multi-sample-binning
289	11	51.88	22.21	Neural Network (Specific Model)	11	0.851	2024	223.05240054869685	2860102	0.44	3645	1396	50078		SRR24759596	checkm2 on collection 109: Quality report	maxbin2-multi-sample-binning
290	12	49.1	16.9	Neural Network (Specific Model)	11	0.738	2492	197.50511363636363	4231728	0.31	5280	1829	36774		SRR24759596	checkm2 on collection 109: Quality report	maxbin2-multi-sample-binning
291	13	40.25	8.86	Neural Network (Specific Model)	11	0.865	4281	267.4663494221618	1362758	0.37	1471	332	8532		SRR24759596	checkm2 on collection 109: Quality report	maxbin2-multi-sample-binning
292	14	60.66	29.26	Gradient Boost (General Model)	11	0.901	5094	266.58986928104576	2169453	0.38	2448	800	13949		SRR24759596	checkm2 on collection 109: Quality report	maxbin2-multi-sample-binning
293	15	54.19	38.28	Neural Network (Specific Model)	11	0.733	1999	183.59475409836065	4566821	0.44	6100	2348	22096		SRR24759596	checkm2 on collection 109: Quality report	maxbin2-multi-sample-binning
294	16	69.5	33.79	Gradient Boost (General Model)	11	0.869	2409	240.3911479944675	2994243	0.47	3615	1283	24583		SRR24759596	checkm2 on collection 109: Quality report	maxbin2-multi-sample-binning
295	17	68.65	18.17	Neural Network (Specific Model)	11	0.842	2299	211.48281505728315	2757764	0.35	3666	1288	14066		SRR24759596	checkm2 on collection 109: Quality report	maxbin2-multi-sample-binning
296	18	70.72	38.95	Gradient Boost (General Model)	11	0.794	3421	229.04692130391837	5246585	0.4	6074	1955	39063		SRR24759596	checkm2 on collection 109: Quality report	maxbin2-multi-sample-binning
297	19	58.93	33.14	Gradient Boost (General Model)	11	0.926	1793	274.8786231884058	2453690	0.48	2760	1355	23407		SRR24759596	checkm2 on collection 109: Quality report	maxbin2-multi-sample-binning
298	20	56.15	22.64	Neural Network (Specific Model)	11	0.931	1425	233.34128787878788	1979308	0.63	2640	1343	11667		SRR24759596	checkm2 on collection 109: Quality report	maxbin2-multi-sample-binning
299	1	6.56	0.0	Neural Network (Specific Model)	11	0.813	172811	248.5811965811966	214305	0.37	234	23	172811		SRR24759597	checkm2 on collection 109: Quality report	maxbin2-multi-sample-binning
300	2	11.26	0.49	Neural Network (Specific Model)	11	0.937	1387	266.46683046683046	346982	0.39	407	214	23760		SRR24759597	checkm2 on collection 109: Quality report	maxbin2-multi-sample-binning
301	3	34.82	2.94	Neural Network (Specific Model)	11	0.883	1661	227.75460122699383	1132476	0.37	1467	612	106783		SRR24759597	checkm2 on collection 109: Quality report	maxbin2-multi-sample-binning
302	4	11.01	0.15	Neural Network (Specific Model)	11	0.852	39558	250.4983388704319	264924	0.42	301	79	41710		SRR24759597	checkm2 on collection 109: Quality report	maxbin2-multi-sample-binning
303	5	75.53	23.63	Neural Network (Specific Model)	11	0.859	3987	242.02185514612447	3320618	0.34	3935	1165	151911		SRR24759597	checkm2 on collection 109: Quality report	maxbin2-multi-sample-binning
304	6	53.55	9.55	Gradient Boost (General Model)	11	0.881	9335	247.2789203084833	1308236	0.34	1556	427	78571		SRR24759597	checkm2 on collection 109: Quality report	maxbin2-multi-sample-binning
305	7	70.59	8.71	Gradient Boost (General Model)	11	0.903	18497	276.1759530791789	1248577	0.46	1364	264	57250		SRR24759597	checkm2 on collection 109: Quality report	maxbin2-multi-sample-binning
306	8	45.01	13.19	Gradient Boost (General Model)	11	0.775	1487	191.30569639129135	2476459	0.37	3353	1447	20872		SRR24759597	checkm2 on collection 109: Quality report	maxbin2-multi-sample-binning
307	9	25.33	2.47	Neural Network (Specific Model)	11	0.887	10332	276.20952380952383	684899	0.44	735	151	11639		SRR24759597	checkm2 on collection 109: Quality report	maxbin2-multi-sample-binning
308	10	43.85	10.03	Gradient Boost (General Model)	11	0.875	7989	305.207906295754	1426056	0.43	1366	250	12152		SRR24759597	checkm2 on collection 109: Quality report	maxbin2-multi-sample-binning
309	11	62.68	25.21	Neural Network (Specific Model)	11	0.876	1669	238.16051594410607	2272003	0.47	2791	1078	44257		SRR24759597	checkm2 on collection 109: Quality report	maxbin2-multi-sample-binning
310	12	28.95	5.08	Neural Network (Specific Model)	11	0.893	1645	215.2194381169324	949861	0.35	1317	501	48011		SRR24759597	checkm2 on collection 109: Quality report	maxbin2-multi-sample-binning
311	13	61.77	19.82	Gradient Boost (General Model)	11	0.915	1613	252.7045341305431	1660405	0.38	2007	832	44892		SRR24759597	checkm2 on collection 109: Quality report	maxbin2-multi-sample-binning
312	14	48.96	10.93	Gradient Boost (General Model)	11	0.87	6232	262.07460545193686	1886115	0.45	2091	601	12798		SRR24759597	checkm2 on collection 109: Quality report	maxbin2-multi-sample-binning
313	15	47.89	22.6	Neural Network (Specific Model)	11	0.765	1732	200.87102272727276	2765735	0.44	3520	1341	29418		SRR24759597	checkm2 on collection 109: Quality report	maxbin2-multi-sample-binning
314	16	46.79	6.2	Gradient Boost (General Model)	11	0.869	5706	271.10939357907256	1570477	0.42	1682	375	6135		SRR24759597	checkm2 on collection 109: Quality report	maxbin2-multi-sample-binning
315	17	70.58	36.38	Gradient Boost (General Model)	11	0.789	1836	199.0816348195329	7116645	0.32	9420	3515	36178		SRR24759597	checkm2 on collection 109: Quality report	maxbin2-multi-sample-binning
316	18	42.79	8.22	Neural Network (Specific Model)	11	0.876	4989	247.14135625596944	1768266	0.47	2094	657	17330		SRR24759597	checkm2 on collection 109: Quality report	maxbin2-multi-sample-binning
317	19	70.03	25.59	Gradient Boost (General Model)	11	0.88	4313	255.8153302407776	3937984	0.44	4527	1259	17400		SRR24759597	checkm2 on collection 109: Quality report	maxbin2-multi-sample-binning
318	20	84.62	31.33	Gradient Boost (General Model)	11	0.862	3605	258.8732928679818	4735970	0.44	5272	1376	4078		SRR24759597	checkm2 on collection 109: Quality report	maxbin2-multi-sample-binning
319	21	76.44	19.35	Gradient Boost (General Model)	11	0.854	2767	244.1858037578288	2868896	0.46	3353	1052	3064		SRR24759597	checkm2 on collection 109: Quality report	maxbin2-multi-sample-binning
320	22	60.89	15.05	Gradient Boost (General Model)	11	0.852	2595	238.7143303153294	2684908	0.37	3203	1032	3012		SRR24759597	checkm2 on collection 109: Quality report	maxbin2-multi-sample-binning
321	23	83.94	30.42	Gradient Boost (General Model)	11	0.876	2008	225.09104514841607	6164926	0.54	8018	3476	18262		SRR24759597	checkm2 on collection 109: Quality report	maxbin2-multi-sample-binning
322	24	65.38	26.12	Gradient Boost (General Model)	11	0.84	2127	221.5536448598131	4220948	0.39	5350	2001	2360		SRR24759597	checkm2 on collection 109: Quality report	maxbin2-multi-sample-binning
323	25	70.7	18.1	Gradient Boost (General Model)	11	0.86	1922	222.95855898281135	3295510	0.48	4247	1709	2261		SRR24759597	checkm2 on collection 109: Quality report	maxbin2-multi-sample-binning
324	SemiBin_0	90.83	4.66	Neural Network (Specific Model)	11	0.9	16112	349.8403656821378	1656343	0.61	1422	160	56668		SRR24759596	checkm2 on collection 107: Quality report	semibin-multi-sample-binning
325	SemiBin_11	45.46	12.86	Neural Network (Specific Model)	11	0.838	7570	285.0796597061098	1317616	0.45	1293	185	31365		SRR24759596	checkm2 on collection 107: Quality report	semibin-multi-sample-binning
326	SemiBin_125	9.33	0.0	Neural Network (Specific Model)	11	0.862	7293	273.1829268292683	233636	0.33	246	35	11678		SRR24759596	checkm2 on collection 107: Quality report	semibin-multi-sample-binning
327	SemiBin_129	97.27	2.15	Neural Network (Specific Model)	11	0.892	90094	294.2383419689119	1334503	0.45	1351	18	247462		SRR24759596	checkm2 on collection 107: Quality report	semibin-multi-sample-binning
328	SemiBin_15	8.25	0.0	Neural Network (Specific Model)	11	0.888	3491	262.93189964157705	247501	0.46	279	70	7437		SRR24759596	checkm2 on collection 107: Quality report	semibin-multi-sample-binning
329	SemiBin_2	11.33	0.34	Neural Network (Specific Model)	11	0.865	3348	285.6558641975309	639415	0.56	648	184	9485		SRR24759596	checkm2 on collection 107: Quality report	semibin-multi-sample-binning
330	SemiBin_26	8.3	0.0	Neural Network (Specific Model)	11	0.842	3333	263.9873015873016	295825	0.42	315	82	7650		SRR24759596	checkm2 on collection 107: Quality report	semibin-multi-sample-binning
331	SemiBin_28	38.3	1.79	Neural Network (Specific Model)	11	0.888	7184	301.98732718894007	884754	0.34	868	131	20124		SRR24759596	checkm2 on collection 107: Quality report	semibin-multi-sample-binning
332	SemiBin_29	40.17	8.21	Neural Network (Specific Model)	11	0.877	9774	302.1954277286136	1400855	0.34	1356	160	39632		SRR24759596	checkm2 on collection 107: Quality report	semibin-multi-sample-binning
333	SemiBin_31	4.77	0.01	Neural Network (Specific Model)	4	0.817	4223	248.83450704225356	257436	0.51	284	63	8995		SRR24759596	checkm2 on collection 107: Quality report	semibin-multi-sample-binning
334	SemiBin_4	13.87	0.8	Neural Network (Specific Model)	11	0.752	5133	231.6905829596413	822382	0.29	892	166	24753		SRR24759596	checkm2 on collection 107: Quality report	semibin-multi-sample-binning
335	SemiBin_43	10.58	0.04	Neural Network (Specific Model)	11	0.917	5787	275.9714285714286	315558	0.36	350	61	14066		SRR24759596	checkm2 on collection 107: Quality report	semibin-multi-sample-binning
336	SemiBin_44	40.95	2.27	Neural Network (Specific Model)	11	0.925	6092	289.59178743961354	388252	0.37	414	67	21146		SRR24759596	checkm2 on collection 107: Quality report	semibin-multi-sample-binning
337	SemiBin_45	48.46	11.48	Neural Network (Specific Model)	11	0.887	6577	275.4228949858089	983263	0.37	1057	172	39661		SRR24759596	checkm2 on collection 107: Quality report	semibin-multi-sample-binning
338	SemiBin_5	7.99	1.32	Neural Network (Specific Model)	11	0.918	6217	276.52479338842977	218330	0.34	242	36	20898		SRR24759596	checkm2 on collection 107: Quality report	semibin-multi-sample-binning
339	SemiBin_54	5.79	0.01	Neural Network (Specific Model)	11	0.882	164069	272.69166666666666	222348	0.4	240	5	164069		SRR24759596	checkm2 on collection 107: Quality report	semibin-multi-sample-binning
340	SemiBin_6	82.26	0.14	Neural Network (Specific Model)	11	0.87	16344	314.40856777493605	1694550	0.34	1564	139	39872		SRR24759596	checkm2 on collection 107: Quality report	semibin-multi-sample-binning
341	SemiBin_60	46.54	0.03	Neural Network (Specific Model)	11	0.824	16634	298.2168209876544	1405028	0.46	1296	95	84597		SRR24759596	checkm2 on collection 107: Quality report	semibin-multi-sample-binning
342	SemiBin_7	68.8	8.17	Neural Network (Specific Model)	11	0.9	5611	273.6419420094403	1351643	0.37	1483	262	25622		SRR24759596	checkm2 on collection 107: Quality report	semibin-multi-sample-binning
343	SemiBin_8	72.44	2.48	Neural Network (Specific Model)	11	0.865	7252	287.7402597402597	1611301	0.43	1617	265	26629		SRR24759596	checkm2 on collection 107: Quality report	semibin-multi-sample-binning
344	SemiBin_9	47.58	4.95	Neural Network (Specific Model)	11	0.909	5416	267.7655860349127	707353	0.37	802	143	16917		SRR24759596	checkm2 on collection 107: Quality report	semibin-multi-sample-binning
345	SemiBin_0	63.99	0.12	Gradient Boost (General Model)	11	0.921	5987	299.0572222222222	1749895	0.43	1800	320	19744		SRR24759597	checkm2 on collection 107: Quality report	semibin-multi-sample-binning
346	SemiBin_1	10.71	1.17	Neural Network (Specific Model)	11	0.739	4985	235.7824639289678	860685	0.29	901	182	22281		SRR24759597	checkm2 on collection 107: Quality report	semibin-multi-sample-binning
347	SemiBin_10	86.27	0.66	Neural Network (Specific Model)	11	0.902	16392	289.47359597652974	1146793	0.46	1193	100	57250		SRR24759597	checkm2 on collection 107: Quality report	semibin-multi-sample-binning
348	SemiBin_113	7.71	0.07	Neural Network (Specific Model)	11	0.869	18235	225.6978851963746	256621	0.43	331	26	62824		SRR24759597	checkm2 on collection 107: Quality report	semibin-multi-sample-binning
349	SemiBin_117	5.9	0.02	Neural Network (Specific Model)	11	0.869	36036	286.94170403587447	220768	0.35	223	10	49900		SRR24759597	checkm2 on collection 107: Quality report	semibin-multi-sample-binning
350	SemiBin_12	41.13	0.05	Neural Network (Specific Model)	11	0.86	3791	253.28865058087575	986753	0.36	1119	258	8829		SRR24759597	checkm2 on collection 107: Quality report	semibin-multi-sample-binning
351	SemiBin_13	48.73	7.11	Neural Network (Specific Model)	11	0.897	4757	269.26756198347107	870874	0.37	968	193	27256		SRR24759597	checkm2 on collection 107: Quality report	semibin-multi-sample-binning
352	SemiBin_17	12.69	0.38	Neural Network (Specific Model)	11	0.913	3732	280.1720430107527	342108	0.36	372	91	7688		SRR24759597	checkm2 on collection 107: Quality report	semibin-multi-sample-binning
353	SemiBin_2	13.87	0.33	Neural Network (Specific Model)	11	0.887	3319	302.01660516605165	552505	0.57	542	158	14909		SRR24759597	checkm2 on collection 107: Quality report	semibin-multi-sample-binning
354	SemiBin_20	36.69	0.0	Neural Network (Specific Model)	11	0.894	3519	244.3721136767318	921445	0.32	1126	255	9866		SRR24759597	checkm2 on collection 107: Quality report	semibin-multi-sample-binning
355	SemiBin_21	55.51	4.14	Neural Network (Specific Model)	11	0.896	4740	268.66015132408575	1424392	0.36	1586	310	15736		SRR24759597	checkm2 on collection 107: Quality report	semibin-multi-sample-binning
356	SemiBin_22	99.99	2.62	Neural Network (Specific Model)	11	0.866	33844	318.0511363636364	2131684	0.34	1936	84	151911		SRR24759597	checkm2 on collection 107: Quality report	semibin-multi-sample-binning
357	SemiBin_23	10.53	0.11	Neural Network (Specific Model)	11	0.887	4569	269.2826747720365	597825	0.38	658	139	12473		SRR24759597	checkm2 on collection 107: Quality report	semibin-multi-sample-binning
358	SemiBin_24	17.12	1.11	Neural Network (Specific Model)	11	0.868	3381	274.37052631578945	449410	0.42	475	123	11337		SRR24759597	checkm2 on collection 107: Quality report	semibin-multi-sample-binning
359	SemiBin_26	8.96	0.04	Neural Network (Specific Model)	11	0.851	6197	269.3448275862069	274562	0.47	290	52	12952		SRR24759597	checkm2 on collection 107: Quality report	semibin-multi-sample-binning
360	SemiBin_28	33.51	0.03	Neural Network (Specific Model)	11	0.894	3498	266.10961214165263	1585770	0.56	1779	445	9188		SRR24759597	checkm2 on collection 107: Quality report	semibin-multi-sample-binning
361	SemiBin_3	24.22	4.21	Neural Network (Specific Model)	11	0.826	3727	267.3363740022805	850272	0.46	877	225	14703		SRR24759597	checkm2 on collection 107: Quality report	semibin-multi-sample-binning
362	SemiBin_31	66.01	5.17	Gradient Boost (General Model)	11	0.917	4670	256.5408	523964	0.37	625	119	14660		SRR24759597	checkm2 on collection 107: Quality report	semibin-multi-sample-binning
363	SemiBin_32	8.12	0.02	Neural Network (Specific Model)	11	0.731	3825	239.6619318181818	345327	0.41	352	88	8494		SRR24759597	checkm2 on collection 107: Quality report	semibin-multi-sample-binning
364	SemiBin_4	38.77	0.11	Neural Network (Specific Model)	11	0.88	3922	273.003738317757	1489877	0.51	1605	387	10181		SRR24759597	checkm2 on collection 107: Quality report	semibin-multi-sample-binning
365	SemiBin_41	49.24	4.01	Neural Network (Specific Model)	11	0.88	4769	274.3379953379953	1201730	0.34	1287	266	21027		SRR24759597	checkm2 on collection 107: Quality report	semibin-multi-sample-binning
366	SemiBin_48	5.05	0.05	Neural Network (Specific Model)	11	0.688	3921	215.37201365187715	274171	0.38	293	67	15919		SRR24759597	checkm2 on collection 107: Quality report	semibin-multi-sample-binning
367	SemiBin_5	39.81	18.51	Neural Network (Specific Model)	11	0.837	6260	283.9405010438413	1946627	0.45	1916	337	44257		SRR24759597	checkm2 on collection 107: Quality report	semibin-multi-sample-binning
368	SemiBin_53	31.7	0.69	Neural Network (Specific Model)	11	0.903	3898	293.53547297297297	576678	0.61	592	149	10332		SRR24759597	checkm2 on collection 107: Quality report	semibin-multi-sample-binning
369	SemiBin_6	66.46	0.09	Neural Network (Specific Model)	11	0.868	6984	288.6264367816092	1387645	0.43	1392	234	22332		SRR24759597	checkm2 on collection 107: Quality report	semibin-multi-sample-binning
370	SemiBin_64	37.74	2.41	Neural Network (Specific Model)	11	0.845	11639	297.12605042016804	1002682	0.46	952	103	32957		SRR24759597	checkm2 on collection 107: Quality report	semibin-multi-sample-binning
371	SemiBin_68	9.76	0.18	Neural Network (Specific Model)	11	0.878	9560	295.81907894736844	306959	0.3	304	42	19510		SRR24759597	checkm2 on collection 107: Quality report	semibin-multi-sample-binning
372	SemiBin_7	11.55	0.0	Neural Network (Specific Model)	11	0.859	3138	250.91666666666663	241285	0.3	276	75	6360		SRR24759597	checkm2 on collection 107: Quality report	semibin-multi-sample-binning
373	SemiBin_79	100.0	0.42	Neural Network (Specific Model)	11	0.86	194137	315.72788923424696	3891417	0.39	3539	42	594787		SRR24759597	checkm2 on collection 107: Quality report	semibin-multi-sample-binning
374	SemiBin_9	17.68	0.0	Neural Network (Specific Model)	11	0.924	3336	276.1349782293178	616470	0.44	689	176	9193		SRR24759597	checkm2 on collection 107: Quality report	semibin-multi-sample-binning
375	SemiBin_99	8.81	0.15	Neural Network (Specific Model)	11	0.923	3291	306.82959641255604	222040	0.48	223	67	5366		SRR24759597	checkm2 on collection 107: Quality report	semibin-multi-sample-binning
