Bin Id	Marker lineage	# genomes	# markers	# marker sets	0	1	2	3	4	5+	Completeness	Contamination	Strain heterogeneity
SRR24759596_binette_bin14.fasta	k__Bacteria (UID203)	5449	104	58	89	15	0	0	0	0	24.14	0.00	0.00
SRR24759596_binette_bin16.fasta	root (UID1)	5656	56	24	55	1	0	0	0	0	1.04	0.00	0.00
SRR24759596_binette_bin17.fasta	f__Bifidobacteriaceae (UID1458)	77	464	220	393	61	8	1	1	0	15.20	2.58	76.47
SRR24759596_binette_bin18.fasta	k__Bacteria (UID203)	5449	104	58	83	18	2	1	0	0	30.52	6.90	100.00
SRR24759596_binette_bin19.fasta	root (UID1)	5656	56	24	56	0	0	0	0	0	0.00	0.00	0.00
SRR24759596_binette_bin20.fasta	k__Bacteria (UID203)	5449	104	58	95	9	0	0	0	0	15.52	0.00	0.00
SRR24759596_binette_bin22.fasta	root (UID1)	5656	56	24	56	0	0	0	0	0	0.00	0.00	0.00
SRR24759596_binette_bin23.fasta	root (UID1)	5656	56	24	56	0	0	0	0	0	0.00	0.00	0.00
SRR24759596_binette_bin27.fasta	root (UID1)	5656	56	24	56	0	0	0	0	0	0.00	0.00	0.00
SRR24759596_binette_bin28.fasta	root (UID1)	5656	56	24	56	0	0	0	0	0	0.00	0.00	0.00
SRR24759596_binette_bin33.fasta	root (UID1)	5656	56	24	56	0	0	0	0	0	0.00	0.00	0.00
SRR24759596_binette_bin58.fasta	root (UID1)	5656	56	24	56	0	0	0	0	0	0.00	0.00	0.00
SRR24759597_binette_bin1.fasta	c__Gammaproteobacteria (UID4387)	965	277	177	6	269	2	0	0	0	97.46	0.85	50.00
SRR24759597_binette_bin23.fasta	k__Bacteria (UID203)	5449	104	58	90	13	1	0	0	0	16.18	1.72	100.00
SRR24759597_binette_bin26.fasta	k__Bacteria (UID203)	5449	104	58	98	6	0	0	0	0	7.47	0.00	0.00
SRR24759597_binette_bin27.fasta	k__Bacteria (UID203)	5449	104	58	83	20	1	0	0	0	32.76	1.72	100.00
SRR24759597_binette_bin28.fasta	k__Bacteria (UID203)	5449	104	58	95	7	2	0	0	0	14.66	3.45	100.00
SRR24759597_binette_bin29.fasta	k__Bacteria (UID203)	5449	104	58	99	4	1	0	0	0	7.76	1.72	100.00
SRR24759597_binette_bin32.fasta	k__Bacteria (UID203)	5449	104	58	99	5	0	0	0	0	3.92	0.00	0.00
SRR24759597_binette_bin33.fasta	root (UID1)	5656	56	24	54	2	0	0	0	0	8.33	0.00	0.00
SRR24759597_binette_bin34.fasta	k__Bacteria (UID203)	5449	104	58	97	7	0	0	0	0	10.34	0.00	0.00
SRR24759597_binette_bin35.fasta	k__Bacteria (UID203)	5449	104	58	85	18	1	0	0	0	27.59	1.72	100.00
SRR24759597_binette_bin36.fasta	root (UID1)	5656	56	24	55	1	0	0	0	0	4.17	0.00	0.00
SRR24759597_binette_bin37.fasta	k__Bacteria (UID203)	5449	104	58	91	12	1	0	0	0	10.27	1.72	0.00
SRR24759597_binette_bin39.fasta	k__Bacteria (UID203)	5449	104	58	88	12	4	0	0	0	22.41	3.45	100.00
SRR24759597_binette_bin42.fasta	k__Bacteria (UID203)	5449	104	58	95	8	1	0	0	0	14.66	1.72	100.00
SRR24759597_binette_bin44.fasta	root (UID1)	5656	56	24	55	1	0	0	0	0	4.17	0.00	0.00
SRR24759597_binette_bin45.fasta	k__Bacteria (UID203)	5449	103	57	96	7	0	0	0	0	4.31	0.00	0.00
SRR24759597_binette_bin46.fasta	k__Bacteria (UID203)	5449	104	58	95	9	0	0	0	0	9.25	0.00	0.00
SRR24759597_binette_bin47.fasta	root (UID1)	5656	56	24	56	0	0	0	0	0	0.00	0.00	0.00
SRR24759597_binette_bin48.fasta	root (UID1)	5656	56	24	56	0	0	0	0	0	0.00	0.00	0.00
SRR24759597_binette_bin49.fasta	k__Bacteria (UID203)	5449	104	58	101	3	0	0	0	0	4.02	0.00	0.00
SRR24759597_binette_bin50.fasta	root (UID1)	5656	56	24	56	0	0	0	0	0	0.00	0.00	0.00
SRR24759597_binette_bin51.fasta	root (UID1)	5656	56	24	54	2	0	0	0	0	5.21	0.00	0.00
SRR24759597_binette_bin52.fasta	k__Bacteria (UID203)	5449	104	58	90	12	2	0	0	0	12.98	3.45	50.00
SRR24759597_binette_bin53.fasta	c__Alphaproteobacteria (UID3305)	564	349	230	289	43	17	0	0	0	10.23	2.68	88.24
SRR24759597_binette_bin54.fasta	k__Bacteria (UID203)	5449	104	58	96	8	0	0	0	0	5.09	0.00	0.00
SRR24759597_binette_bin55.fasta	root (UID1)	5656	56	24	56	0	0	0	0	0	0.00	0.00	0.00
SRR24759597_binette_bin57.fasta	k__Archaea (UID2)	207	149	107	148	1	0	0	0	0	0.07	0.00	0.00
SRR24759597_binette_bin60.fasta	root (UID1)	5656	56	24	56	0	0	0	0	0	0.00	0.00	0.00
SRR24759597_binette_bin61.fasta	c__Gammaproteobacteria (UID4387)	965	277	177	262	15	0	0	0	0	0.87	0.00	0.00
SRR24759597_binette_bin62.fasta	root (UID1)	5656	56	24	56	0	0	0	0	0	0.00	0.00	0.00
SRR24759597_binette_bin64.fasta	k__Bacteria (UID203)	5449	104	58	97	7	0	0	0	0	6.64	0.00	0.00
SRR24759597_binette_bin7.fasta	c__Gammaproteobacteria (UID4442)	899	311	184	110	192	9	0	0	0	71.54	3.35	33.33
SRR24759597_binette_bin74.fasta	k__Bacteria (UID203)	5449	104	58	102	2	0	0	0	0	3.45	0.00	0.00
SRR24759597_binette_bin75.fasta	k__Bacteria (UID203)	5449	103	57	100	3	0	0	0	0	3.51	0.00	0.00
SRR24759597_binette_bin76.fasta	root (UID1)	5656	56	24	56	0	0	0	0	0	0.00	0.00	0.00
SRR24759597_binette_bin77.fasta	root (UID1)	5656	56	24	56	0	0	0	0	0	0.00	0.00	0.00
SRR24759597_binette_bin78.fasta	k__Bacteria (UID203)	5449	104	58	102	2	0	0	0	0	2.59	0.00	0.00
SRR24759598_binette_bin100.fasta	root (UID1)	5656	56	24	56	0	0	0	0	0	0.00	0.00	0.00
SRR24759598_binette_bin101.fasta	root (UID1)	5656	56	24	56	0	0	0	0	0	0.00	0.00	0.00
SRR24759598_binette_bin103.fasta	root (UID1)	5656	56	24	56	0	0	0	0	0	0.00	0.00	0.00
SRR24759598_binette_bin104.fasta	root (UID1)	5656	56	24	56	0	0	0	0	0	0.00	0.00	0.00
SRR24759598_binette_bin105.fasta	root (UID1)	5656	56	24	56	0	0	0	0	0	0.00	0.00	0.00
SRR24759598_binette_bin106.fasta	root (UID1)	5656	56	24	56	0	0	0	0	0	0.00	0.00	0.00
SRR24759598_binette_bin107.fasta	root (UID1)	5656	56	24	56	0	0	0	0	0	0.00	0.00	0.00
SRR24759598_binette_bin108.fasta	k__Bacteria (UID203)	5449	104	58	97	5	2	0	0	0	11.21	3.45	100.00
SRR24759598_binette_bin109.fasta	root (UID1)	5656	56	24	56	0	0	0	0	0	0.00	0.00	0.00
SRR24759598_binette_bin110.fasta	root (UID1)	5656	56	24	55	1	0	0	0	0	4.17	0.00	0.00
SRR24759598_binette_bin111.fasta	root (UID1)	5656	56	24	55	1	0	0	0	0	1.04	0.00	0.00
SRR24759598_binette_bin113.fasta	k__Bacteria (UID203)	5449	104	58	93	5	5	1	0	0	18.10	12.07	87.50
SRR24759598_binette_bin114.fasta	c__Alphaproteobacteria (UID3305)	564	349	230	287	43	12	6	1	0	11.26	4.97	91.67
SRR24759598_binette_bin27.fasta	k__Bacteria (UID203)	5449	104	58	85	18	1	0	0	0	28.45	1.72	100.00
SRR24759598_binette_bin3.fasta	f__Enterobacteriaceae (UID5066)	55	546	224	30	503	13	0	0	0	94.81	2.85	53.85
SRR24759598_binette_bin36.fasta	k__Bacteria (UID203)	5449	104	58	100	4	0	0	0	0	6.03	0.00	0.00
SRR24759598_binette_bin38.fasta	k__Bacteria (UID203)	5449	104	58	56	25	20	3	0	0	32.99	13.32	93.10
SRR24759598_binette_bin39.fasta	k__Bacteria (UID203)	5449	104	58	82	18	3	0	1	0	28.06	6.90	100.00
SRR24759598_binette_bin41.fasta	k__Bacteria (UID203)	5449	104	58	102	2	0	0	0	0	1.72	0.00	0.00
SRR24759598_binette_bin42.fasta	root (UID1)	5656	56	24	56	0	0	0	0	0	0.00	0.00	0.00
SRR24759598_binette_bin43.fasta	root (UID1)	5656	56	24	54	1	0	1	0	0	8.33	8.33	100.00
SRR24759598_binette_bin44.fasta	root (UID1)	5656	56	24	55	1	0	0	0	0	4.17	0.00	0.00
SRR24759598_binette_bin45.fasta	root (UID1)	5656	56	24	55	1	0	0	0	0	4.17	0.00	0.00
SRR24759598_binette_bin46.fasta	root (UID1)	5656	56	24	56	0	0	0	0	0	0.00	0.00	0.00
SRR24759598_binette_bin47.fasta	k__Bacteria (UID203)	5449	104	58	102	2	0	0	0	0	2.59	0.00	0.00
SRR24759598_binette_bin48.fasta	k__Bacteria (UID203)	5449	104	58	92	9	1	2	0	0	13.79	5.17	100.00
SRR24759598_binette_bin49.fasta	root (UID1)	5656	56	24	56	0	0	0	0	0	0.00	0.00	0.00
SRR24759598_binette_bin50.fasta	root (UID1)	5656	56	24	56	0	0	0	0	0	0.00	0.00	0.00
SRR24759598_binette_bin52.fasta	root (UID1)	5656	56	24	56	0	0	0	0	0	0.00	0.00	0.00
SRR24759598_binette_bin53.fasta	k__Bacteria (UID203)	5449	102	56	99	3	0	0	0	0	5.36	0.00	0.00
SRR24759598_binette_bin54.fasta	root (UID1)	5656	56	24	56	0	0	0	0	0	0.00	0.00	0.00
SRR24759598_binette_bin55.fasta	root (UID1)	5656	56	24	56	0	0	0	0	0	0.00	0.00	0.00
SRR24759598_binette_bin56.fasta	k__Bacteria (UID203)	5449	104	58	83	17	4	0	0	0	23.86	6.90	75.00
SRR24759598_binette_bin60.fasta	root (UID1)	5656	56	24	56	0	0	0	0	0	0.00	0.00	0.00
SRR24759598_binette_bin61.fasta	root (UID1)	5656	56	24	56	0	0	0	0	0	0.00	0.00	0.00
SRR24759598_binette_bin62.fasta	k__Bacteria (UID203)	5449	104	58	99	5	0	0	0	0	6.90	0.00	0.00
SRR24759598_binette_bin65.fasta	k__Bacteria (UID203)	5449	104	58	96	8	0	0	0	0	7.90	0.00	0.00
SRR24759598_binette_bin67.fasta	root (UID1)	5656	56	24	55	1	0	0	0	0	4.17	0.00	0.00
SRR24759598_binette_bin69.fasta	root (UID1)	5656	56	24	56	0	0	0	0	0	0.00	0.00	0.00
SRR24759598_binette_bin7.fasta	o__Lactobacillales (UID463)	75	376	160	69	299	7	1	0	0	91.93	2.60	40.00
SRR24759598_binette_bin70.fasta	k__Bacteria (UID203)	5449	104	58	98	5	1	0	0	0	4.83	1.72	100.00
SRR24759598_binette_bin71.fasta	k__Bacteria (UID203)	5449	104	58	100	4	0	0	0	0	6.90	0.00	0.00
SRR24759598_binette_bin98.fasta	root (UID1)	5656	56	24	56	0	0	0	0	0	0.00	0.00	0.00
SRR24759599_binette_bin27.fasta	k__Bacteria (UID203)	5449	104	58	82	19	2	1	0	0	31.92	6.90	100.00
SRR24759599_binette_bin29.fasta	f__Bifidobacteriaceae (UID1458)	77	464	220	308	133	21	1	1	0	31.68	4.26	80.00
SRR24759599_binette_bin3.fasta	o__Lactobacillales (UID374)	471	350	191	5	337	7	1	0	0	97.73	2.62	50.00
SRR24759599_binette_bin31.fasta	g__Lactobacillus (UID377)	91	430	154	280	125	22	1	1	1	34.46	9.48	75.61
SRR24759599_binette_bin36.fasta	k__Bacteria (UID203)	5449	104	58	86	18	0	0	0	0	21.32	0.00	0.00
SRR24759599_binette_bin37.fasta	k__Bacteria (UID203)	5449	103	57	82	21	0	0	0	0	23.43	0.00	0.00
SRR24759599_binette_bin38.fasta	k__Bacteria (UID203)	5449	104	58	98	6	0	0	0	0	6.19	0.00	0.00
SRR24759599_binette_bin39.fasta	k__Bacteria (UID203)	5449	104	58	91	10	2	1	0	0	20.69	6.90	80.00
SRR24759599_binette_bin40.fasta	k__Bacteria (UID203)	5449	104	58	96	5	2	1	0	0	12.07	6.90	80.00
SRR24759599_binette_bin41.fasta	k__Bacteria (UID203)	5449	104	58	79	16	6	3	0	0	31.03	16.09	93.33
SRR24759599_binette_bin43.fasta	root (UID1)	5656	56	24	55	1	0	0	0	0	4.17	0.00	0.00
SRR24759599_binette_bin44.fasta	root (UID1)	5656	56	24	56	0	0	0	0	0	0.00	0.00	0.00
SRR24759599_binette_bin45.fasta	root (UID1)	5656	56	24	56	0	0	0	0	0	0.00	0.00	0.00
SRR24759599_binette_bin46.fasta	k__Bacteria (UID203)	5449	104	58	89	15	0	0	0	0	17.55	0.00	0.00
SRR24759599_binette_bin47.fasta	root (UID1)	5656	56	24	56	0	0	0	0	0	0.00	0.00	0.00
SRR24759599_binette_bin48.fasta	root (UID1)	5656	56	24	56	0	0	0	0	0	0.00	0.00	0.00
SRR24759599_binette_bin49.fasta	root (UID1)	5656	56	24	55	1	0	0	0	0	4.17	0.00	0.00
SRR24759599_binette_bin50.fasta	k__Bacteria (UID203)	5449	104	58	92	9	2	0	1	0	18.10	8.62	100.00
SRR24759599_binette_bin51.fasta	k__Bacteria (UID203)	5449	104	58	96	7	1	0	0	0	6.85	1.72	100.00
SRR24759599_binette_bin52.fasta	root (UID1)	5656	56	24	56	0	0	0	0	0	0.00	0.00	0.00
SRR24759599_binette_bin54.fasta	root (UID1)	5656	56	24	56	0	0	0	0	0	0.00	0.00	0.00
SRR24759599_binette_bin55.fasta	root (UID1)	5656	56	24	56	0	0	0	0	0	0.00	0.00	0.00
SRR24759599_binette_bin56.fasta	k__Bacteria (UID203)	5449	103	57	93	10	0	0	0	0	3.03	0.00	0.00
SRR24759599_binette_bin59.fasta	k__Bacteria (UID203)	5449	104	58	98	6	0	0	0	0	6.03	0.00	0.00
SRR24759599_binette_bin60.fasta	k__Bacteria (UID203)	5449	104	58	98	5	1	0	0	0	8.62	1.72	100.00
SRR24759599_binette_bin61.fasta	k__Bacteria (UID203)	5449	104	58	101	3	0	0	0	0	4.31	0.00	0.00
SRR24759599_binette_bin62.fasta	root (UID1)	5656	56	24	56	0	0	0	0	0	0.00	0.00	0.00
SRR24759599_binette_bin63.fasta	c__Alphaproteobacteria (UID3305)	564	349	230	272	58	19	0	0	0	16.96	4.39	100.00
SRR24759599_binette_bin64.fasta	k__Bacteria (UID203)	5449	104	58	99	5	0	0	0	0	7.24	0.00	0.00
SRR24759599_binette_bin65.fasta	root (UID1)	5656	56	24	56	0	0	0	0	0	0.00	0.00	0.00
SRR24759599_binette_bin66.fasta	root (UID1)	5656	56	24	56	0	0	0	0	0	0.00	0.00	0.00
SRR24759599_binette_bin67.fasta	k__Bacteria (UID203)	5449	104	58	99	4	1	0	0	0	6.90	0.86	100.00
SRR24759599_binette_bin68.fasta	root (UID1)	5656	56	24	56	0	0	0	0	0	0.00	0.00	0.00
SRR24759599_binette_bin71.fasta	k__Bacteria (UID203)	5449	104	58	97	7	0	0	0	0	9.48	0.00	0.00
SRR24759599_binette_bin72.fasta	k__Bacteria (UID203)	5449	104	58	95	8	1	0	0	0	5.99	0.34	100.00
SRR24759599_binette_bin74.fasta	root (UID1)	5656	56	24	56	0	0	0	0	0	0.00	0.00	0.00
SRR24759599_binette_bin75.fasta	k__Bacteria (UID203)	5449	104	58	75	15	7	3	3	1	21.47	15.60	86.36
SRR24759599_binette_bin76.fasta	root (UID1)	5656	56	24	55	1	0	0	0	0	4.17	0.00	0.00
SRR24759599_binette_bin77.fasta	k__Bacteria (UID203)	5449	104	58	103	1	0	0	0	0	1.72	0.00	0.00
SRR24759599_binette_bin78.fasta	root (UID1)	5656	56	24	56	0	0	0	0	0	0.00	0.00	0.00
SRR24759599_binette_bin80.fasta	root (UID1)	5656	56	24	56	0	0	0	0	0	0.00	0.00	0.00
SRR24759599_binette_bin88.fasta	root (UID1)	5656	56	24	55	1	0	0	0	0	4.17	0.00	0.00
SRR24759599_binette_bin89.fasta	root (UID1)	5656	56	24	56	0	0	0	0	0	0.00	0.00	0.00
SRR24759599_binette_bin93.fasta	k__Bacteria (UID203)	5449	104	58	95	4	5	0	0	0	10.34	5.46	100.00
SRR24759599_binette_bin95.fasta	k__Bacteria (UID203)	5449	104	58	96	6	2	0	0	0	10.50	2.59	100.00
SRR24759599_binette_bin98.fasta	k__Bacteria (UID203)	5449	104	58	93	8	3	0	0	0	16.38	5.17	100.00
SRR24759600_binette_bin1.fasta	k__Bacteria (UID2565)	2921	152	93	0	152	0	0	0	0	100.00	0.00	0.00
SRR24759600_binette_bin101.fasta	root (UID1)	5656	56	24	56	0	0	0	0	0	0.00	0.00	0.00
SRR24759600_binette_bin102.fasta	root (UID1)	5656	56	24	56	0	0	0	0	0	0.00	0.00	0.00
SRR24759600_binette_bin103.fasta	k__Bacteria (UID203)	5449	104	58	101	2	0	1	0	0	5.17	3.45	100.00
SRR24759600_binette_bin104.fasta	root (UID1)	5656	56	24	56	0	0	0	0	0	0.00	0.00	0.00
SRR24759600_binette_bin105.fasta	k__Bacteria (UID203)	5449	104	58	103	1	0	0	0	0	1.72	0.00	0.00
SRR24759600_binette_bin106.fasta	root (UID1)	5656	56	24	56	0	0	0	0	0	0.00	0.00	0.00
SRR24759600_binette_bin107.fasta	k__Bacteria (UID203)	5449	104	58	101	2	1	0	0	0	5.17	1.72	100.00
SRR24759600_binette_bin108.fasta	root (UID1)	5656	56	24	56	0	0	0	0	0	0.00	0.00	0.00
SRR24759600_binette_bin109.fasta	root (UID1)	5656	56	24	56	0	0	0	0	0	0.00	0.00	0.00
SRR24759600_binette_bin111.fasta	root (UID1)	5656	56	24	56	0	0	0	0	0	0.00	0.00	0.00
SRR24759600_binette_bin112.fasta	k__Bacteria (UID203)	5449	104	58	100	2	0	2	0	0	6.90	6.90	100.00
SRR24759600_binette_bin113.fasta	k__Bacteria (UID203)	5449	104	58	100	4	0	0	0	0	3.95	0.00	0.00
SRR24759600_binette_bin114.fasta	root (UID1)	5656	56	24	54	1	0	1	0	0	5.21	8.33	100.00
SRR24759600_binette_bin115.fasta	k__Bacteria (UID203)	5449	104	58	102	1	0	1	0	0	2.59	3.45	100.00
SRR24759600_binette_bin116.fasta	root (UID1)	5656	56	24	54	1	0	1	0	0	8.33	8.33	100.00
SRR24759600_binette_bin117.fasta	c__Alphaproteobacteria (UID3305)	564	349	230	274	47	20	5	3	0	11.22	7.87	92.45
SRR24759600_binette_bin14.fasta	o__Clostridiales (UID1226)	155	278	158	53	219	6	0	0	0	76.51	2.37	33.33
SRR24759600_binette_bin2.fasta	c__Alphaproteobacteria (UID3305)	564	349	230	40	308	1	0	0	0	97.86	0.43	100.00
SRR24759600_binette_bin24.fasta	k__Bacteria (UID203)	5449	103	57	69	33	1	0	0	0	47.00	1.75	0.00
SRR24759600_binette_bin25.fasta	g__Lactobacillus (UID377)	91	430	154	155	219	55	1	0	0	64.98	15.10	79.31
SRR24759600_binette_bin26.fasta	k__Bacteria (UID203)	5449	103	57	39	43	19	2	0	0	40.19	13.43	84.00
SRR24759600_binette_bin27.fasta	g__Lactobacillus (UID377)	91	430	154	278	136	15	1	0	0	36.70	6.60	61.11
SRR24759600_binette_bin3.fasta	o__Clostridiales (UID1120)	304	250	143	3	246	1	0	0	0	97.90	0.02	100.00
SRR24759600_binette_bin38.fasta	k__Bacteria (UID203)	5449	104	58	88	12	4	0	0	0	13.17	0.63	75.00
SRR24759600_binette_bin42.fasta	c__Gammaproteobacteria (UID4387)	965	277	177	215	56	6	0	0	0	16.71	1.52	100.00
SRR24759600_binette_bin44.fasta	root (UID1)	5656	56	24	56	0	0	0	0	0	0.00	0.00	0.00
SRR24759600_binette_bin45.fasta	k__Bacteria (UID203)	5449	104	58	92	12	0	0	0	0	15.67	0.00	0.00
SRR24759600_binette_bin47.fasta	k__Bacteria (UID203)	5449	104	58	101	3	0	0	0	0	2.30	0.00	0.00
SRR24759600_binette_bin49.fasta	root (UID1)	5656	56	24	56	0	0	0	0	0	0.00	0.00	0.00
SRR24759600_binette_bin50.fasta	root (UID1)	5656	56	24	53	2	1	0	0	0	12.50	4.17	100.00
SRR24759600_binette_bin51.fasta	root (UID1)	5656	56	24	56	0	0	0	0	0	0.00	0.00	0.00
SRR24759600_binette_bin53.fasta	root (UID1)	5656	56	24	55	1	0	0	0	0	4.17	0.00	0.00
SRR24759600_binette_bin54.fasta	root (UID1)	5656	56	24	54	2	0	0	0	0	8.33	0.00	0.00
SRR24759600_binette_bin55.fasta	k__Bacteria (UID203)	5449	104	58	93	9	2	0	0	0	16.02	3.45	100.00
SRR24759600_binette_bin56.fasta	k__Bacteria (UID203)	5449	104	58	104	0	0	0	0	0	0.00	0.00	0.00
SRR24759600_binette_bin58.fasta	c__Alphaproteobacteria (UID3305)	564	349	230	311	37	1	0	0	0	3.64	0.43	100.00
SRR24759600_binette_bin59.fasta	k__Bacteria (UID203)	5449	104	58	94	10	0	0	0	0	12.38	0.00	0.00
SRR24759600_binette_bin6.fasta	k__Bacteria (UID203)	5449	104	58	0	77	27	0	0	0	100.00	5.17	92.59
SRR24759600_binette_bin60.fasta	root (UID1)	5656	56	24	53	3	0	0	0	0	12.50	0.00	0.00
SRR24759600_binette_bin61.fasta	root (UID1)	5656	56	24	56	0	0	0	0	0	0.00	0.00	0.00
SRR24759600_binette_bin62.fasta	k__Bacteria (UID203)	5449	104	58	94	10	0	0	0	0	6.55	0.00	0.00
SRR24759600_binette_bin63.fasta	k__Bacteria (UID203)	5449	104	58	99	5	0	0	0	0	6.90	0.00	0.00
SRR24759600_binette_bin64.fasta	k__Bacteria (UID203)	5449	104	58	87	13	4	0	0	0	16.42	3.76	75.00
SRR24759600_binette_bin65.fasta	k__Bacteria (UID203)	5449	102	57	94	8	0	0	0	0	14.04	0.00	0.00
SRR24759600_binette_bin66.fasta	k__Bacteria (UID203)	5449	104	58	97	6	1	0	0	0	12.07	1.72	100.00
SRR24759600_binette_bin67.fasta	k__Bacteria (UID203)	5449	104	58	98	6	0	0	0	0	10.34	0.00	0.00
SRR24759600_binette_bin68.fasta	root (UID1)	5656	56	24	56	0	0	0	0	0	0.00	0.00	0.00
SRR24759600_binette_bin69.fasta	k__Bacteria (UID203)	5449	104	58	101	2	1	0	0	0	5.17	1.72	100.00
SRR24759600_binette_bin74.fasta	root (UID1)	5656	56	24	56	0	0	0	0	0	0.00	0.00	0.00
SRR24759600_binette_bin75.fasta	root (UID1)	5656	56	24	55	1	0	0	0	0	4.17	0.00	0.00
SRR24759600_binette_bin76.fasta	root (UID1)	5656	56	24	56	0	0	0	0	0	0.00	0.00	0.00
SRR24759600_binette_bin77.fasta	root (UID1)	5656	56	24	56	0	0	0	0	0	0.00	0.00	0.00
SRR24759600_binette_bin79.fasta	root (UID1)	5656	56	24	56	0	0	0	0	0	0.00	0.00	0.00
SRR24759600_binette_bin80.fasta	root (UID1)	5656	56	24	56	0	0	0	0	0	0.00	0.00	0.00
SRR24759600_binette_bin81.fasta	k__Bacteria (UID203)	5449	104	58	100	4	0	0	0	0	0.63	0.00	0.00
SRR24759600_binette_bin86.fasta	root (UID1)	5656	56	24	56	0	0	0	0	0	0.00	0.00	0.00
SRR24759600_binette_bin99.fasta	root (UID1)	5656	56	24	55	1	0	0	0	0	4.17	0.00	0.00
SRR24759601_binette_bin12.fasta	k__Bacteria (UID203)	5449	104	58	85	19	0	0	0	0	25.63	0.00	0.00
SRR24759601_binette_bin16.fasta	k__Bacteria (UID203)	5449	104	58	92	10	2	0	0	0	20.69	3.45	100.00
SRR24759601_binette_bin17.fasta	root (UID1)	5656	56	24	56	0	0	0	0	0	0.00	0.00	0.00
SRR24759601_binette_bin18.fasta	k__Bacteria (UID203)	5449	104	58	93	10	1	0	0	0	17.59	1.72	100.00
SRR24759601_binette_bin19.fasta	k__Bacteria (UID203)	5449	104	58	81	18	3	2	0	0	24.09	2.66	44.44
SRR24759601_binette_bin21.fasta	root (UID1)	5656	56	24	56	0	0	0	0	0	0.00	0.00	0.00
SRR24759601_binette_bin22.fasta	k__Bacteria (UID203)	5449	104	58	96	8	0	0	0	0	9.48	0.00	0.00
SRR24759601_binette_bin23.fasta	k__Bacteria (UID203)	5449	104	58	95	8	1	0	0	0	9.09	1.72	100.00
SRR24759601_binette_bin24.fasta	k__Bacteria (UID203)	5449	104	58	102	2	0	0	0	0	3.45	0.00	0.00
SRR24759601_binette_bin25.fasta	root (UID1)	5656	56	24	56	0	0	0	0	0	0.00	0.00	0.00
SRR24759601_binette_bin26.fasta	k__Bacteria (UID203)	5449	104	58	87	17	0	0	0	0	14.89	0.00	0.00
SRR24759601_binette_bin27.fasta	root (UID1)	5656	56	24	56	0	0	0	0	0	0.00	0.00	0.00
SRR24759601_binette_bin28.fasta	k__Bacteria (UID203)	5449	104	58	93	11	0	0	0	0	14.66	0.00	0.00
SRR24759601_binette_bin29.fasta	k__Bacteria (UID203)	5449	104	58	92	12	0	0	0	0	11.83	0.00	0.00
SRR24759601_binette_bin31.fasta	k__Bacteria (UID203)	5449	104	58	95	9	0	0	0	0	10.82	0.00	0.00
SRR24759601_binette_bin32.fasta	k__Bacteria (UID203)	5449	104	58	96	8	0	0	0	0	12.07	0.00	0.00
SRR24759601_binette_bin33.fasta	k__Bacteria (UID203)	5449	104	58	91	11	2	0	0	0	19.31	3.45	50.00
SRR24759601_binette_bin35.fasta	k__Bacteria (UID203)	5449	104	58	93	10	1	0	0	0	17.24	0.86	100.00
SRR24759601_binette_bin36.fasta	root (UID1)	5656	56	24	54	2	0	0	0	0	8.33	0.00	0.00
SRR24759601_binette_bin37.fasta	k__Bacteria (UID203)	5449	104	58	96	7	1	0	0	0	13.79	1.72	0.00
SRR24759601_binette_bin39.fasta	root (UID1)	5656	56	24	55	1	0	0	0	0	4.17	0.00	0.00
SRR24759601_binette_bin40.fasta	c__Gammaproteobacteria (UID4387)	965	277	177	242	35	0	0	0	0	11.27	0.00	0.00
SRR24759601_binette_bin41.fasta	root (UID1)	5656	56	24	55	1	0	0	0	0	4.17	0.00	0.00
SRR24759601_binette_bin42.fasta	root (UID1)	5656	56	24	56	0	0	0	0	0	0.00	0.00	0.00
SRR24759601_binette_bin43.fasta	root (UID1)	5656	56	24	56	0	0	0	0	0	0.00	0.00	0.00
SRR24759601_binette_bin44.fasta	root (UID1)	5656	56	24	56	0	0	0	0	0	0.00	0.00	0.00
SRR24759601_binette_bin45.fasta	k__Bacteria (UID203)	5449	104	58	103	1	0	0	0	0	1.72	0.00	0.00
SRR24759601_binette_bin46.fasta	root (UID1)	5656	56	24	56	0	0	0	0	0	0.00	0.00	0.00
SRR24759601_binette_bin58.fasta	root (UID1)	5656	56	24	56	0	0	0	0	0	0.00	0.00	0.00
SRR24759601_binette_bin59.fasta	root (UID1)	5656	56	24	56	0	0	0	0	0	0.00	0.00	0.00
SRR24759601_binette_bin7.fasta	c__Gammaproteobacteria (UID4387)	965	277	177	99	171	7	0	0	0	70.86	3.30	71.43
SRR24759602_binette_bin17.fasta	k__Bacteria (UID203)	5449	104	58	88	14	2	0	0	0	25.00	3.45	100.00
SRR24759602_binette_bin18.fasta	f__Bifidobacteriaceae (UID1458)	77	464	220	265	154	38	7	0	0	43.71	11.81	86.44
SRR24759602_binette_bin20.fasta	k__Bacteria (UID203)	5449	104	58	91	10	3	0	0	0	18.10	4.02	66.67
SRR24759602_binette_bin21.fasta	root (UID1)	5656	56	24	56	0	0	0	0	0	0.00	0.00	0.00
SRR24759602_binette_bin23.fasta	k__Bacteria (UID203)	5449	103	57	95	8	0	0	0	0	9.47	0.00	0.00
SRR24759602_binette_bin25.fasta	k__Bacteria (UID203)	5449	104	58	94	9	1	0	0	0	13.62	0.86	100.00
SRR24759602_binette_bin27.fasta	root (UID1)	5656	56	24	54	2	0	0	0	0	8.33	0.00	0.00
SRR24759602_binette_bin28.fasta	k__Bacteria (UID203)	5449	104	58	95	9	0	0	0	0	12.23	0.00	0.00
SRR24759602_binette_bin29.fasta	k__Bacteria (UID203)	5449	104	58	100	4	0	0	0	0	4.47	0.00	0.00
SRR24759602_binette_bin30.fasta	root (UID1)	5656	56	24	56	0	0	0	0	0	0.00	0.00	0.00
SRR24759602_binette_bin31.fasta	root (UID1)	5656	56	24	56	0	0	0	0	0	0.00	0.00	0.00
SRR24759602_binette_bin33.fasta	k__Bacteria (UID203)	5449	104	58	104	0	0	0	0	0	0.00	0.00	0.00
SRR24759602_binette_bin34.fasta	root (UID1)	5656	56	24	55	0	1	0	0	0	4.17	4.17	100.00
SRR24759602_binette_bin35.fasta	root (UID1)	5656	56	24	56	0	0	0	0	0	0.00	0.00	0.00
SRR24759602_binette_bin36.fasta	root (UID1)	5656	56	24	56	0	0	0	0	0	0.00	0.00	0.00
SRR24759602_binette_bin37.fasta	root (UID1)	5656	56	24	56	0	0	0	0	0	0.00	0.00	0.00
SRR24759602_binette_bin38.fasta	k__Bacteria (UID203)	5449	104	58	101	3	0	0	0	0	4.31	0.00	0.00
SRR24759602_binette_bin39.fasta	c__Alphaproteobacteria (UID3305)	564	349	230	276	55	8	9	1	0	13.37	4.48	92.68
SRR24759602_binette_bin40.fasta	root (UID1)	5656	56	24	56	0	0	0	0	0	0.00	0.00	0.00
SRR24759602_binette_bin41.fasta	root (UID1)	5656	56	24	56	0	0	0	0	0	0.00	0.00	0.00
SRR24759602_binette_bin42.fasta	root (UID1)	5656	56	24	55	1	0	0	0	0	4.17	0.00	0.00
SRR24759602_binette_bin44.fasta	k__Bacteria (UID203)	5449	104	58	102	2	0	0	0	0	3.45	0.00	0.00
SRR24759602_binette_bin45.fasta	root (UID1)	5656	56	24	56	0	0	0	0	0	0.00	0.00	0.00
SRR24759602_binette_bin46.fasta	k__Bacteria (UID203)	5449	104	58	95	9	0	0	0	0	5.64	0.00	0.00
SRR24759602_binette_bin48.fasta	root (UID1)	5656	56	24	54	2	0	0	0	0	8.33	0.00	0.00
SRR24759602_binette_bin49.fasta	root (UID1)	5656	56	24	56	0	0	0	0	0	0.00	0.00	0.00
SRR24759602_binette_bin51.fasta	k__Bacteria (UID203)	5449	104	58	101	3	0	0	0	0	2.04	0.00	0.00
SRR24759602_binette_bin52.fasta	root (UID1)	5656	56	24	56	0	0	0	0	0	0.00	0.00	0.00
SRR24759602_binette_bin54.fasta	root (UID1)	5656	56	24	55	0	0	1	0	0	4.17	8.33	100.00
SRR24759602_binette_bin55.fasta	root (UID1)	5656	56	24	56	0	0	0	0	0	0.00	0.00	0.00
SRR24759602_binette_bin72.fasta	root (UID1)	5656	56	24	56	0	0	0	0	0	0.00	0.00	0.00
SRR24759602_binette_bin73.fasta	root (UID1)	5656	56	24	56	0	0	0	0	0	0.00	0.00	0.00
SRR24759602_binette_bin75.fasta	root (UID1)	5656	56	24	56	0	0	0	0	0	0.00	0.00	0.00
SRR24759602_binette_bin76.fasta	root (UID1)	5656	56	24	56	0	0	0	0	0	0.00	0.00	0.00
SRR24759602_binette_bin77.fasta	root (UID1)	5656	56	24	56	0	0	0	0	0	0.00	0.00	0.00
SRR24759602_binette_bin78.fasta	root (UID1)	5656	56	24	56	0	0	0	0	0	0.00	0.00	0.00
SRR24759602_binette_bin8.fasta	k__Bacteria (UID203)	5449	103	57	73	29	1	0	0	0	47.37	1.75	0.00
SRR24759603_binette_bin1.fasta	c__Gammaproteobacteria (UID4442)	899	311	184	1	310	0	0	0	0	99.46	0.00	0.00
SRR24759603_binette_bin13.fasta	c__Betaproteobacteria (UID3888)	323	387	234	53	321	13	0	0	0	85.76	4.19	76.92
SRR24759603_binette_bin17.fasta	k__Bacteria (UID203)	5449	104	58	65	36	2	1	0	0	58.45	6.90	100.00
SRR24759603_binette_bin2.fasta	c__Gammaproteobacteria (UID4444)	263	507	232	52	453	2	0	0	0	95.33	0.13	50.00
SRR24759603_binette_bin20.fasta	k__Bacteria (UID2570)	433	273	183	131	137	5	0	0	0	54.85	2.24	60.00
SRR24759603_binette_bin27.fasta	k__Bacteria (UID203)	5449	104	58	68	23	13	0	0	0	41.32	15.13	84.62
SRR24759603_binette_bin29.fasta	k__Bacteria (UID203)	5449	104	58	86	14	4	0	0	0	17.63	2.19	25.00
SRR24759603_binette_bin34.fasta	root (UID1)	5656	56	24	56	0	0	0	0	0	0.00	0.00	0.00
SRR24759603_binette_bin35.fasta	c__Alphaproteobacteria (UID3305)	564	349	230	298	46	5	0	0	0	9.75	0.88	60.00
SRR24759603_binette_bin36.fasta	root (UID1)	5656	56	24	55	1	0	0	0	0	4.17	0.00	0.00
SRR24759603_binette_bin39.fasta	root (UID1)	5656	56	24	56	0	0	0	0	0	0.00	0.00	0.00
SRR24759603_binette_bin41.fasta	k__Bacteria (UID203)	5449	104	58	99	5	0	0	0	0	1.72	0.00	0.00
SRR24759603_binette_bin42.fasta	root (UID1)	5656	56	24	55	1	0	0	0	0	4.17	0.00	0.00
SRR24759603_binette_bin44.fasta	root (UID1)	5656	56	24	56	0	0	0	0	0	0.00	0.00	0.00
SRR24759603_binette_bin45.fasta	k__Bacteria (UID203)	5449	104	58	88	13	3	0	0	0	5.67	2.04	100.00
SRR24759603_binette_bin46.fasta	k__Bacteria (UID203)	5449	104	58	95	6	2	1	0	0	13.79	6.03	100.00
SRR24759603_binette_bin49.fasta	root (UID1)	5656	56	24	56	0	0	0	0	0	0.00	0.00	0.00
SRR24759603_binette_bin51.fasta	k__Bacteria (UID203)	5449	104	58	103	1	0	0	0	0	0.86	0.00	0.00
SRR24759603_binette_bin52.fasta	root (UID1)	5656	56	24	56	0	0	0	0	0	0.00	0.00	0.00
SRR24759603_binette_bin53.fasta	root (UID1)	5656	56	24	56	0	0	0	0	0	0.00	0.00	0.00
SRR24759603_binette_bin54.fasta	root (UID1)	5656	56	24	56	0	0	0	0	0	0.00	0.00	0.00
SRR24759603_binette_bin55.fasta	root (UID1)	5656	56	24	56	0	0	0	0	0	0.00	0.00	0.00
SRR24759603_binette_bin56.fasta	root (UID1)	5656	56	24	56	0	0	0	0	0	0.00	0.00	0.00
SRR24759603_binette_bin57.fasta	root (UID1)	5656	56	24	56	0	0	0	0	0	0.00	0.00	0.00
SRR24759603_binette_bin6.fasta	c__Gammaproteobacteria (UID4444)	263	507	232	48	445	14	0	0	0	89.83	3.62	28.57
SRR24759603_binette_bin86.fasta	k__Bacteria (UID203)	5449	102	57	95	7	0	0	0	0	1.12	0.00	0.00
SRR24759603_binette_bin88.fasta	k__Bacteria (UID203)	5449	104	58	100	4	0	0	0	0	6.90	0.00	0.00
SRR24759603_binette_bin89.fasta	root (UID1)	5656	56	24	56	0	0	0	0	0	0.00	0.00	0.00
SRR24759603_binette_bin90.fasta	root (UID1)	5656	56	24	56	0	0	0	0	0	0.00	0.00	0.00
SRR24759604_binette_bin10.fasta	g__Lactobacillus (UID377)	91	430	154	89	333	7	1	0	0	77.27	1.63	50.00
SRR24759604_binette_bin100.fasta	root (UID1)	5656	56	24	56	0	0	0	0	0	0.00	0.00	0.00
SRR24759604_binette_bin101.fasta	root (UID1)	5656	56	24	56	0	0	0	0	0	0.00	0.00	0.00
SRR24759604_binette_bin102.fasta	k__Bacteria (UID203)	5449	104	58	96	6	1	0	1	0	13.79	6.90	100.00
SRR24759604_binette_bin12.fasta	o__Clostridiales (UID1120)	304	250	143	61	187	2	0	0	0	74.25	1.05	50.00
SRR24759604_binette_bin21.fasta	f__Bifidobacteriaceae (UID1458)	77	464	220	168	219	70	7	0	0	62.73	19.01	81.32
SRR24759604_binette_bin23.fasta	k__Bacteria (UID203)	5449	104	58	82	21	1	0	0	0	27.07	0.34	100.00
SRR24759604_binette_bin26.fasta	root (UID1)	5656	56	24	54	2	0	0	0	0	8.33	0.00	0.00
SRR24759604_binette_bin27.fasta	root (UID1)	5656	56	24	56	0	0	0	0	0	0.00	0.00	0.00
SRR24759604_binette_bin28.fasta	root (UID1)	5656	56	24	56	0	0	0	0	0	0.00	0.00	0.00
SRR24759604_binette_bin29.fasta	k__Bacteria (UID203)	5449	104	58	86	16	2	0	0	0	29.89	3.45	50.00
SRR24759604_binette_bin3.fasta	f__Bifidobacteriaceae (UID1458)	77	464	220	11	438	15	0	0	0	95.86	4.03	66.67
SRR24759604_binette_bin34.fasta	root (UID1)	5656	56	24	56	0	0	0	0	0	0.00	0.00	0.00
SRR24759604_binette_bin35.fasta	k__Bacteria (UID203)	5449	104	58	88	12	4	0	0	0	9.46	0.63	50.00
SRR24759604_binette_bin36.fasta	root (UID1)	5656	56	24	54	2	0	0	0	0	8.33	0.00	0.00
SRR24759604_binette_bin37.fasta	root (UID1)	5656	56	24	56	0	0	0	0	0	0.00	0.00	0.00
SRR24759604_binette_bin39.fasta	k__Bacteria (UID203)	5449	104	58	64	20	8	5	4	3	18.36	12.21	79.27
SRR24759604_binette_bin42.fasta	root (UID1)	5656	56	24	56	0	0	0	0	0	0.00	0.00	0.00
SRR24759604_binette_bin43.fasta	k__Bacteria (UID203)	5449	104	58	97	7	0	0	0	0	11.21	0.00	0.00
SRR24759604_binette_bin44.fasta	k__Bacteria (UID203)	5449	104	58	100	3	1	0	0	0	5.17	1.72	100.00
SRR24759604_binette_bin45.fasta	root (UID1)	5656	56	24	56	0	0	0	0	0	0.00	0.00	0.00
SRR24759604_binette_bin46.fasta	root (UID1)	5656	56	24	56	0	0	0	0	0	0.00	0.00	0.00
SRR24759604_binette_bin47.fasta	root (UID1)	5656	56	24	55	1	0	0	0	0	4.17	0.00	0.00
SRR24759604_binette_bin48.fasta	root (UID1)	5656	56	24	56	0	0	0	0	0	0.00	0.00	0.00
SRR24759604_binette_bin50.fasta	root (UID1)	5656	56	24	56	0	0	0	0	0	0.00	0.00	0.00
SRR24759604_binette_bin51.fasta	root (UID1)	5656	56	24	56	0	0	0	0	0	0.00	0.00	0.00
SRR24759604_binette_bin52.fasta	root (UID1)	5656	56	24	56	0	0	0	0	0	0.00	0.00	0.00
SRR24759604_binette_bin53.fasta	k__Bacteria (UID203)	5449	104	58	99	3	2	0	0	0	7.76	3.45	100.00
SRR24759604_binette_bin54.fasta	root (UID1)	5656	56	24	55	1	0	0	0	0	4.17	0.00	0.00
SRR24759604_binette_bin55.fasta	k__Bacteria (UID203)	5449	104	58	99	5	0	0	0	0	6.90	0.00	0.00
SRR24759604_binette_bin57.fasta	root (UID1)	5656	56	24	56	0	0	0	0	0	0.00	0.00	0.00
SRR24759604_binette_bin58.fasta	k__Bacteria (UID203)	5449	104	58	92	8	3	1	0	0	16.25	6.03	83.33
SRR24759604_binette_bin6.fasta	k__Bacteria (UID203)	5449	104	58	57	45	2	0	0	0	64.47	2.59	100.00
SRR24759604_binette_bin8.fasta	o__Lactobacillales (UID463)	75	376	160	16	334	25	1	0	0	94.01	6.71	50.00
SRR24759604_binette_bin87.fasta	root (UID1)	5656	56	24	56	0	0	0	0	0	0.00	0.00	0.00
SRR24759604_binette_bin88.fasta	root (UID1)	5656	56	24	56	0	0	0	0	0	0.00	0.00	0.00
SRR24759604_binette_bin9.fasta	c__Betaproteobacteria (UID3888)	323	387	234	117	262	8	0	0	0	77.71	1.91	50.00
SRR24759604_binette_bin91.fasta	root (UID1)	5656	56	24	56	0	0	0	0	0	0.00	0.00	0.00
SRR24759604_binette_bin93.fasta	k__Bacteria (UID203)	5449	104	58	102	2	0	0	0	0	2.59	0.00	0.00
SRR24759604_binette_bin96.fasta	root (UID1)	5656	56	24	56	0	0	0	0	0	0.00	0.00	0.00
SRR24759604_binette_bin98.fasta	root (UID1)	5656	56	24	55	0	1	0	0	0	4.17	4.17	100.00
SRR24759605_binette_bin20.fasta	g__Lactobacillus (UID377)	91	430	154	346	81	3	0	0	0	19.67	0.43	0.00
SRR24759605_binette_bin21.fasta	k__Bacteria (UID203)	5449	104	58	96	7	1	0	0	0	12.41	1.72	100.00
SRR24759605_binette_bin22.fasta	k__Bacteria (UID203)	5449	104	58	63	26	12	3	0	0	45.94	20.85	28.57
SRR24759605_binette_bin23.fasta	root (UID1)	5656	56	24	52	2	2	0	0	0	16.67	8.33	50.00
SRR24759605_binette_bin26.fasta	root (UID1)	5656	56	24	54	2	0	0	0	0	8.33	0.00	0.00
SRR24759605_binette_bin27.fasta	k__Bacteria (UID203)	5449	104	58	89	15	0	0	0	0	17.24	0.00	0.00
SRR24759605_binette_bin28.fasta	k__Bacteria (UID203)	5449	104	58	97	7	0	0	0	0	10.34	0.00	0.00
SRR24759605_binette_bin29.fasta	k__Bacteria (UID203)	5449	104	58	94	10	0	0	0	0	8.03	0.00	0.00
SRR24759605_binette_bin3.fasta	c__Gammaproteobacteria (UID4442)	899	312	185	30	281	1	0	0	0	98.92	0.54	0.00
SRR24759605_binette_bin30.fasta	k__Bacteria (UID203)	5449	104	58	101	3	0	0	0	0	5.17	0.00	0.00
SRR24759605_binette_bin31.fasta	k__Bacteria (UID203)	5449	104	58	92	11	1	0	0	0	17.24	1.72	0.00
SRR24759605_binette_bin32.fasta	root (UID1)	5656	56	24	56	0	0	0	0	0	0.00	0.00	0.00
SRR24759605_binette_bin34.fasta	k__Bacteria (UID203)	5449	104	58	95	8	1	0	0	0	13.79	1.72	100.00
SRR24759605_binette_bin35.fasta	k__Bacteria (UID203)	5449	104	58	91	13	0	0	0	0	11.44	0.00	0.00
SRR24759605_binette_bin36.fasta	k__Bacteria (UID203)	5449	103	58	96	7	0	0	0	0	9.48	0.00	0.00
SRR24759605_binette_bin38.fasta	k__Bacteria (UID203)	5449	104	58	99	5	0	0	0	0	8.62	0.00	0.00
SRR24759605_binette_bin40.fasta	root (UID1)	5656	56	24	56	0	0	0	0	0	0.00	0.00	0.00
SRR24759605_binette_bin42.fasta	k__Bacteria (UID203)	5449	104	58	102	2	0	0	0	0	3.45	0.00	0.00
SRR24759605_binette_bin51.fasta	root (UID1)	5656	56	24	56	0	0	0	0	0	0.00	0.00	0.00
SRR24759605_binette_bin81.fasta	root (UID1)	5656	56	24	56	0	0	0	0	0	0.00	0.00	0.00
SRR24759605_binette_bin85.fasta	root (UID1)	5656	56	24	56	0	0	0	0	0	0.00	0.00	0.00
SRR24759605_binette_bin88.fasta	root (UID1)	5656	56	24	56	0	0	0	0	0	0.00	0.00	0.00
SRR24759605_binette_bin90.fasta	root (UID1)	5656	56	24	56	0	0	0	0	0	0.00	0.00	0.00
SRR24759606_binette_bin1.fasta	c__Gammaproteobacteria (UID4442)	899	312	185	1	310	1	0	0	0	99.46	0.54	0.00
SRR24759606_binette_bin16.fasta	o__Clostridiales (UID1120)	304	250	143	185	59	6	0	0	0	21.96	1.89	16.67
SRR24759606_binette_bin2.fasta	c__Gammaproteobacteria (UID4444)	263	507	232	23	484	0	0	0	0	93.82	0.00	0.00
SRR24759606_binette_bin25.fasta	c__Alphaproteobacteria (UID3305)	564	349	230	268	75	6	0	0	0	18.78	0.78	100.00
SRR24759606_binette_bin26.fasta	root (UID1)	5656	56	24	56	0	0	0	0	0	0.00	0.00	0.00
SRR24759606_binette_bin3.fasta	o__Lactobacillales (UID463)	75	376	160	5	364	7	0	0	0	97.76	3.44	57.14
SRR24759606_binette_bin30.fasta	k__Bacteria (UID203)	5449	104	58	92	10	1	1	0	0	16.38	4.31	50.00
SRR24759606_binette_bin31.fasta	c__Gammaproteobacteria (UID4387)	965	277	177	229	44	4	0	0	0	12.49	0.99	100.00
SRR24759606_binette_bin32.fasta	k__Bacteria (UID203)	5449	104	58	92	10	2	0	0	0	17.24	1.72	100.00
SRR24759606_binette_bin34.fasta	root (UID1)	5656	56	24	56	0	0	0	0	0	0.00	0.00	0.00
SRR24759606_binette_bin35.fasta	root (UID1)	5656	56	24	56	0	0	0	0	0	0.00	0.00	0.00
SRR24759606_binette_bin36.fasta	root (UID1)	5656	56	24	55	1	0	0	0	0	4.17	0.00	0.00
SRR24759606_binette_bin37.fasta	root (UID1)	5656	56	24	55	1	0	0	0	0	4.17	0.00	0.00
SRR24759606_binette_bin38.fasta	k__Bacteria (UID203)	5449	104	58	89	12	2	1	0	0	25.00	5.17	100.00
SRR24759606_binette_bin39.fasta	root (UID1)	5656	56	24	56	0	0	0	0	0	0.00	0.00	0.00
SRR24759606_binette_bin40.fasta	root (UID1)	5656	56	24	56	0	0	0	0	0	0.00	0.00	0.00
SRR24759606_binette_bin42.fasta	root (UID1)	5656	56	24	56	0	0	0	0	0	0.00	0.00	0.00
SRR24759606_binette_bin43.fasta	root (UID1)	5656	56	24	56	0	0	0	0	0	0.00	0.00	0.00
SRR24759606_binette_bin44.fasta	k__Bacteria (UID203)	5449	104	58	93	9	2	0	0	0	14.94	3.45	50.00
SRR24759606_binette_bin46.fasta	k__Bacteria (UID203)	5449	102	57	97	4	1	0	0	0	7.02	0.88	100.00
SRR24759606_binette_bin48.fasta	root (UID1)	5656	56	24	56	0	0	0	0	0	0.00	0.00	0.00
SRR24759606_binette_bin49.fasta	root (UID1)	5656	56	24	56	0	0	0	0	0	0.00	0.00	0.00
SRR24759606_binette_bin50.fasta	k__Bacteria (UID203)	5449	104	58	84	15	4	1	0	0	24.32	8.33	100.00
SRR24759606_binette_bin64.fasta	root (UID1)	5656	56	24	56	0	0	0	0	0	0.00	0.00	0.00
SRR24759606_binette_bin78.fasta	root (UID1)	5656	56	24	56	0	0	0	0	0	0.00	0.00	0.00
SRR24759606_binette_bin86.fasta	root (UID1)	5656	56	24	56	0	0	0	0	0	0.00	0.00	0.00
SRR24759606_binette_bin87.fasta	root (UID1)	5656	56	24	56	0	0	0	0	0	0.00	0.00	0.00
SRR24759606_binette_bin89.fasta	root (UID1)	5656	56	24	56	0	0	0	0	0	0.00	0.00	0.00
SRR24759606_binette_bin90.fasta	root (UID1)	5656	56	24	56	0	0	0	0	0	0.00	0.00	0.00
SRR24759607_binette_bin15.fasta	k__Bacteria (UID203)	5449	104	58	84	18	2	0	0	0	31.90	3.45	100.00
SRR24759607_binette_bin17.fasta	c__Alphaproteobacteria (UID3305)	564	349	230	254	93	2	0	0	0	21.93	0.26	50.00
SRR24759607_binette_bin18.fasta	k__Bacteria (UID203)	5449	104	58	88	13	3	0	0	0	20.85	4.31	33.33
SRR24759607_binette_bin19.fasta	k__Bacteria (UID203)	5449	103	57	97	6	0	0	0	0	8.77	0.00	0.00
SRR24759607_binette_bin20.fasta	k__Bacteria (UID203)	5449	104	58	97	7	0	0	0	0	10.34	0.00	0.00
SRR24759607_binette_bin23.fasta	root (UID1)	5656	56	24	55	1	0	0	0	0	4.17	0.00	0.00
SRR24759607_binette_bin24.fasta	k__Bacteria (UID203)	5449	104	58	102	2	0	0	0	0	3.45	0.00	0.00
SRR24759607_binette_bin25.fasta	root (UID1)	5656	56	24	56	0	0	0	0	0	0.00	0.00	0.00
SRR24759607_binette_bin26.fasta	root (UID1)	5656	56	24	56	0	0	0	0	0	0.00	0.00	0.00
SRR24759607_binette_bin27.fasta	k__Bacteria (UID203)	5449	104	58	98	4	2	0	0	0	7.76	2.59	100.00
SRR24759607_binette_bin28.fasta	root (UID1)	5656	56	24	56	0	0	0	0	0	0.00	0.00	0.00
SRR24759607_binette_bin29.fasta	root (UID1)	5656	56	24	56	0	0	0	0	0	0.00	0.00	0.00
SRR24759607_binette_bin3.fasta	k__Bacteria (UID203)	5449	104	58	61	41	2	0	0	0	63.95	3.45	50.00
SRR24759607_binette_bin31.fasta	root (UID1)	5656	56	24	56	0	0	0	0	0	0.00	0.00	0.00
SRR24759607_binette_bin32.fasta	root (UID1)	5656	56	24	56	0	0	0	0	0	0.00	0.00	0.00
SRR24759607_binette_bin33.fasta	root (UID1)	5656	56	24	56	0	0	0	0	0	0.00	0.00	0.00
SRR24759607_binette_bin34.fasta	k__Bacteria (UID203)	5449	104	58	102	2	0	0	0	0	3.45	0.00	0.00
SRR24759607_binette_bin35.fasta	k__Bacteria (UID203)	5449	104	58	100	4	0	0	0	0	4.47	0.00	0.00
SRR24759607_binette_bin36.fasta	root (UID1)	5656	56	24	56	0	0	0	0	0	0.00	0.00	0.00
SRR24759607_binette_bin42.fasta	root (UID1)	5656	56	24	55	1	0	0	0	0	4.17	0.00	0.00
SRR24759607_binette_bin43.fasta	root (UID1)	5656	56	24	56	0	0	0	0	0	0.00	0.00	0.00
SRR24759607_binette_bin44.fasta	root (UID1)	5656	56	24	56	0	0	0	0	0	0.00	0.00	0.00
SRR24759607_binette_bin45.fasta	root (UID1)	5656	56	24	56	0	0	0	0	0	0.00	0.00	0.00
SRR24759607_binette_bin46.fasta	c__Alphaproteobacteria (UID3305)	564	349	230	278	53	12	5	1	0	13.04	2.19	93.94
SRR24759607_binette_bin9.fasta	c__Alphaproteobacteria (UID3305)	564	349	230	170	175	4	0	0	0	56.38	1.74	100.00
SRR24759608_binette_bin13.fasta	c__Gammaproteobacteria (UID4387)	965	277	177	109	150	18	0	0	0	67.83	8.80	88.89
SRR24759608_binette_bin15.fasta	k__Bacteria (UID203)	5449	104	58	68	34	2	0	0	0	49.80	1.72	0.00
SRR24759608_binette_bin23.fasta	k__Bacteria (UID203)	5449	104	58	80	17	6	1	0	0	37.93	12.93	88.89
SRR24759608_binette_bin26.fasta	root (UID1)	5656	56	24	56	0	0	0	0	0	0.00	0.00	0.00
SRR24759608_binette_bin27.fasta	k__Bacteria (UID203)	5449	104	58	84	18	1	1	0	0	26.72	4.31	100.00
SRR24759608_binette_bin29.fasta	k__Bacteria (UID203)	5449	104	58	86	17	1	0	0	0	27.01	1.72	0.00
SRR24759608_binette_bin30.fasta	k__Bacteria (UID203)	5449	104	58	56	23	17	6	2	0	29.73	12.85	95.74
SRR24759608_binette_bin34.fasta	k__Bacteria (UID203)	5449	104	58	89	13	2	0	0	0	19.98	3.45	100.00
SRR24759608_binette_bin36.fasta	root (UID1)	5656	56	24	55	1	0	0	0	0	4.17	0.00	0.00
SRR24759608_binette_bin37.fasta	c__Gammaproteobacteria (UID4387)	965	277	177	208	48	18	3	0	0	19.11	7.41	96.30
SRR24759608_binette_bin40.fasta	k__Bacteria (UID203)	5449	104	58	96	8	0	0	0	0	2.82	0.00	0.00
SRR24759608_binette_bin41.fasta	root (UID1)	5656	56	24	56	0	0	0	0	0	0.00	0.00	0.00
SRR24759608_binette_bin42.fasta	k__Bacteria (UID203)	5449	104	58	102	1	1	0	0	0	3.45	1.72	100.00
SRR24759608_binette_bin43.fasta	k__Bacteria (UID203)	5449	104	58	101	3	0	0	0	0	4.31	0.00	0.00
SRR24759608_binette_bin44.fasta	k__Bacteria (UID203)	5449	104	58	92	12	0	0	0	0	12.04	0.00	0.00
SRR24759608_binette_bin45.fasta	k__Bacteria (UID203)	5449	104	58	103	1	0	0	0	0	0.86	0.00	0.00
SRR24759608_binette_bin46.fasta	root (UID1)	5656	56	24	55	1	0	0	0	0	4.17	0.00	0.00
SRR24759608_binette_bin47.fasta	k__Bacteria (UID203)	5449	104	58	89	13	1	0	1	0	22.41	6.90	100.00
SRR24759608_binette_bin48.fasta	k__Bacteria (UID203)	5449	104	58	102	2	0	0	0	0	3.45	0.00	0.00
SRR24759608_binette_bin49.fasta	root (UID1)	5656	56	24	56	0	0	0	0	0	0.00	0.00	0.00
SRR24759608_binette_bin50.fasta	k__Bacteria (UID203)	5449	104	58	96	8	0	0	0	0	9.48	0.00	0.00
SRR24759608_binette_bin53.fasta	root (UID1)	5656	56	24	56	0	0	0	0	0	0.00	0.00	0.00
SRR24759608_binette_bin55.fasta	root (UID1)	5656	56	24	56	0	0	0	0	0	0.00	0.00	0.00
SRR24759608_binette_bin56.fasta	c__Alphaproteobacteria (UID3305)	564	349	230	327	18	4	0	0	0	3.22	0.68	50.00
SRR24759608_binette_bin58.fasta	root (UID1)	5656	56	24	56	0	0	0	0	0	0.00	0.00	0.00
SRR24759608_binette_bin61.fasta	k__Bacteria (UID203)	5449	104	58	96	8	0	0	0	0	13.79	0.00	0.00
SRR24759608_binette_bin63.fasta	root (UID1)	5656	56	24	56	0	0	0	0	0	0.00	0.00	0.00
SRR24759608_binette_bin64.fasta	root (UID1)	5656	56	24	56	0	0	0	0	0	0.00	0.00	0.00
SRR24759608_binette_bin65.fasta	root (UID1)	5656	56	24	55	0	1	0	0	0	4.17	4.17	100.00
SRR24759608_binette_bin66.fasta	k__Bacteria (UID203)	5449	104	58	99	5	0	0	0	0	6.38	0.00	0.00
SRR24759608_binette_bin68.fasta	root (UID1)	5656	56	24	56	0	0	0	0	0	0.00	0.00	0.00
SRR24759608_binette_bin70.fasta	c__Alphaproteobacteria (UID3305)	564	349	230	303	34	6	3	3	0	11.95	8.04	100.00
SRR24759608_binette_bin71.fasta	root (UID1)	5656	56	24	56	0	0	0	0	0	0.00	0.00	0.00
SRR24759608_binette_bin84.fasta	k__Bacteria (UID203)	5449	104	58	80	17	5	2	0	0	28.17	12.38	81.82
SRR24759608_binette_bin85.fasta	root (UID1)	5656	56	24	56	0	0	0	0	0	0.00	0.00	0.00
SRR24759608_binette_bin86.fasta	root (UID1)	5656	56	24	56	0	0	0	0	0	0.00	0.00	0.00
SRR24759608_binette_bin87.fasta	k__Bacteria (UID203)	5449	104	58	86	12	5	1	0	0	16.65	4.23	87.50
SRR24759608_binette_bin88.fasta	k__Bacteria (UID203)	5449	104	58	102	2	0	0	0	0	1.72	0.00	0.00
SRR24759608_binette_bin90.fasta	root (UID1)	5656	56	24	56	0	0	0	0	0	0.00	0.00	0.00
SRR24759608_binette_bin91.fasta	root (UID1)	5656	56	24	56	0	0	0	0	0	0.00	0.00	0.00
SRR24759608_binette_bin93.fasta	root (UID1)	5656	56	24	55	1	0	0	0	0	4.17	0.00	0.00
SRR24759608_binette_bin94.fasta	root (UID1)	5656	56	24	56	0	0	0	0	0	0.00	0.00	0.00
SRR24759608_binette_bin95.fasta	root (UID1)	5656	56	24	56	0	0	0	0	0	0.00	0.00	0.00
SRR24759608_binette_bin96.fasta	k__Bacteria (UID203)	5449	104	58	99	3	2	0	0	0	3.95	1.21	100.00
SRR24759609_binette_bin15.fasta	k__Bacteria (UID203)	5449	104	58	77	23	3	1	0	0	40.52	6.90	33.33
SRR24759609_binette_bin21.fasta	k__Bacteria (UID203)	5449	104	58	70	30	4	0	0	0	47.21	5.17	100.00
SRR24759609_binette_bin23.fasta	c__Gammaproteobacteria (UID4387)	965	277	177	193	71	12	1	0	0	27.99	4.67	66.67
SRR24759609_binette_bin24.fasta	k__Bacteria (UID203)	5449	104	58	87	13	3	1	0	0	23.33	7.24	100.00
SRR24759609_binette_bin3.fasta	c__Gammaproteobacteria (UID4387)	965	277	177	45	229	3	0	0	0	89.49	0.67	33.33
SRR24759609_binette_bin30.fasta	k__Bacteria (UID203)	5449	104	58	95	4	4	1	0	0	14.66	10.34	28.57
SRR24759609_binette_bin32.fasta	root (UID1)	5656	56	24	54	2	0	0	0	0	8.33	0.00	0.00
SRR24759609_binette_bin33.fasta	k__Bacteria (UID203)	5449	104	58	100	4	0	0	0	0	5.17	0.00	0.00
SRR24759609_binette_bin34.fasta	k__Bacteria (UID203)	5449	104	58	92	12	0	0	0	0	16.38	0.00	0.00
SRR24759609_binette_bin35.fasta	k__Bacteria (UID203)	5449	104	58	98	6	0	0	0	0	10.34	0.00	0.00
SRR24759609_binette_bin36.fasta	k__Bacteria (UID203)	5449	104	58	101	3	0	0	0	0	5.17	0.00	0.00
SRR24759609_binette_bin37.fasta	root (UID1)	5656	56	24	54	1	1	0	0	0	8.33	4.17	100.00
SRR24759609_binette_bin38.fasta	root (UID1)	5656	56	24	56	0	0	0	0	0	0.00	0.00	0.00
SRR24759609_binette_bin39.fasta	k__Bacteria (UID203)	5449	104	58	93	10	1	0	0	0	16.67	1.72	100.00
SRR24759609_binette_bin41.fasta	k__Bacteria (UID203)	5449	104	58	103	1	0	0	0	0	1.72	0.00	0.00
SRR24759609_binette_bin42.fasta	root (UID1)	5656	56	24	56	0	0	0	0	0	0.00	0.00	0.00
SRR24759609_binette_bin43.fasta	k__Bacteria (UID203)	5449	104	58	94	7	3	0	0	0	15.52	3.45	100.00
SRR24759609_binette_bin44.fasta	root (UID1)	5656	56	24	54	2	0	0	0	0	8.33	0.00	0.00
SRR24759609_binette_bin46.fasta	root (UID1)	5656	56	24	56	0	0	0	0	0	0.00	0.00	0.00
SRR24759609_binette_bin48.fasta	root (UID1)	5656	56	24	55	1	0	0	0	0	4.17	0.00	0.00
SRR24759609_binette_bin50.fasta	root (UID1)	5656	56	24	56	0	0	0	0	0	0.00	0.00	0.00
SRR24759609_binette_bin51.fasta	k__Bacteria (UID203)	5449	104	58	96	7	1	0	0	0	13.79	1.72	100.00
SRR24759609_binette_bin52.fasta	k__Bacteria (UID203)	5449	104	58	93	10	1	0	0	0	14.94	1.72	100.00
SRR24759609_binette_bin54.fasta	k__Bacteria (UID203)	5449	104	58	103	1	0	0	0	0	1.72	0.00	0.00
SRR24759609_binette_bin55.fasta	root (UID1)	5656	56	24	56	0	0	0	0	0	0.00	0.00	0.00
SRR24759609_binette_bin56.fasta	k__Bacteria (UID203)	5449	104	58	97	7	0	0	0	0	10.34	0.00	0.00
SRR24759609_binette_bin57.fasta	root (UID1)	5656	56	24	54	1	1	0	0	0	8.33	4.17	100.00
SRR24759609_binette_bin59.fasta	root (UID1)	5656	56	24	56	0	0	0	0	0	0.00	0.00	0.00
SRR24759609_binette_bin60.fasta	root (UID1)	5656	56	24	56	0	0	0	0	0	0.00	0.00	0.00
SRR24759609_binette_bin61.fasta	root (UID1)	5656	56	24	56	0	0	0	0	0	0.00	0.00	0.00
SRR24759609_binette_bin62.fasta	k__Bacteria (UID203)	5449	104	58	101	2	1	0	0	0	5.17	1.72	100.00
SRR24759609_binette_bin63.fasta	root (UID1)	5656	56	24	56	0	0	0	0	0	0.00	0.00	0.00
SRR24759609_binette_bin64.fasta	root (UID1)	5656	56	24	56	0	0	0	0	0	0.00	0.00	0.00
SRR24759609_binette_bin65.fasta	root (UID1)	5656	56	24	56	0	0	0	0	0	0.00	0.00	0.00
SRR24759609_binette_bin67.fasta	root (UID1)	5656	56	24	56	0	0	0	0	0	0.00	0.00	0.00
SRR24759609_binette_bin69.fasta	root (UID1)	5656	56	24	56	0	0	0	0	0	0.00	0.00	0.00
SRR24759609_binette_bin7.fasta	f__Enterobacteriaceae (UID5121)	138	1160	336	249	884	27	0	0	0	75.42	1.64	22.22
SRR24759609_binette_bin79.fasta	root (UID1)	5656	56	24	56	0	0	0	0	0	0.00	0.00	0.00
SRR24759609_binette_bin80.fasta	root (UID1)	5656	56	24	56	0	0	0	0	0	0.00	0.00	0.00
SRR24759609_binette_bin82.fasta	root (UID1)	5656	56	24	54	2	0	0	0	0	8.33	0.00	0.00
SRR24759609_binette_bin86.fasta	root (UID1)	5656	56	24	56	0	0	0	0	0	0.00	0.00	0.00
SRR24759609_binette_bin87.fasta	root (UID1)	5656	56	24	56	0	0	0	0	0	0.00	0.00	0.00
SRR24759609_binette_bin88.fasta	root (UID1)	5656	56	24	56	0	0	0	0	0	0.00	0.00	0.00
SRR24759609_binette_bin90.fasta	root (UID1)	5656	56	24	56	0	0	0	0	0	0.00	0.00	0.00
SRR24759609_binette_bin91.fasta	root (UID1)	5656	56	24	56	0	0	0	0	0	0.00	0.00	0.00
SRR24759609_binette_bin92.fasta	k__Bacteria (UID203)	5449	104	58	80	22	2	0	0	0	23.12	0.31	100.00
SRR24759610_binette_bin1.fasta	f__Enterobacteriaceae (UID5121)	138	1159	336	25	1126	8	0	0	0	98.23	0.72	50.00
SRR24759610_binette_bin102.fasta	root (UID1)	5656	56	24	56	0	0	0	0	0	0.00	0.00	0.00
SRR24759610_binette_bin103.fasta	k__Bacteria (UID203)	5449	104	58	96	4	3	1	0	0	7.93	5.86	100.00
SRR24759610_binette_bin104.fasta	k__Bacteria (UID203)	5449	104	58	75	21	7	1	0	0	23.28	5.80	80.00
SRR24759610_binette_bin105.fasta	root (UID1)	5656	56	24	54	1	1	0	0	0	8.33	4.17	100.00
SRR24759610_binette_bin106.fasta	k__Bacteria (UID203)	5449	104	58	93	8	3	0	0	0	17.24	4.31	100.00
SRR24759610_binette_bin108.fasta	k__Bacteria (UID203)	5449	104	58	98	1	2	3	0	0	8.62	11.21	100.00
SRR24759610_binette_bin2.fasta	o__Lactobacillales (UID544)	293	475	267	7	464	4	0	0	0	97.57	0.56	50.00
SRR24759610_binette_bin23.fasta	k__Bacteria (UID203)	5449	104	58	67	28	8	1	0	0	52.76	14.48	90.91
SRR24759610_binette_bin25.fasta	o__Actinomycetales (UID1572)	580	288	173	223	62	3	0	0	0	17.53	0.95	0.00
SRR24759610_binette_bin26.fasta	k__Bacteria (UID203)	5449	104	58	89	15	0	0	0	0	23.28	0.00	0.00
SRR24759610_binette_bin31.fasta	k__Bacteria (UID203)	5449	104	58	90	13	1	0	0	0	21.55	1.72	100.00
SRR24759610_binette_bin33.fasta	k__Bacteria (UID203)	5449	103	57	86	17	0	0	0	0	18.34	0.00	0.00
SRR24759610_binette_bin34.fasta	k__Bacteria (UID203)	5449	104	58	97	7	0	0	0	0	10.34	0.00	0.00
SRR24759610_binette_bin35.fasta	root (UID1)	5656	56	24	54	1	1	0	0	0	8.33	4.17	100.00
SRR24759610_binette_bin37.fasta	root (UID1)	5656	56	24	56	0	0	0	0	0	0.00	0.00	0.00
SRR24759610_binette_bin38.fasta	root (UID1)	5656	56	24	55	0	1	0	0	0	4.17	4.17	0.00
SRR24759610_binette_bin39.fasta	root (UID1)	5656	56	24	56	0	0	0	0	0	0.00	0.00	0.00
SRR24759610_binette_bin41.fasta	k__Bacteria (UID203)	5449	104	58	103	1	0	0	0	0	0.86	0.00	0.00
SRR24759610_binette_bin42.fasta	k__Bacteria (UID203)	5449	104	58	101	2	1	0	0	0	5.17	1.72	100.00
SRR24759610_binette_bin43.fasta	root (UID1)	5656	56	24	55	0	1	0	0	0	4.17	4.17	100.00
SRR24759610_binette_bin47.fasta	root (UID1)	5656	56	24	56	0	0	0	0	0	0.00	0.00	0.00
SRR24759610_binette_bin49.fasta	root (UID1)	5656	56	24	56	0	0	0	0	0	0.00	0.00	0.00
SRR24759610_binette_bin5.fasta	g__Lactobacillus (UID377)	91	430	154	44	381	5	0	0	0	93.59	2.35	20.00
SRR24759610_binette_bin51.fasta	root (UID1)	5656	56	24	56	0	0	0	0	0	0.00	0.00	0.00
SRR24759610_binette_bin52.fasta	root (UID1)	5656	56	24	56	0	0	0	0	0	0.00	0.00	0.00
SRR24759610_binette_bin53.fasta	k__Bacteria (UID203)	5449	104	58	98	6	0	0	0	0	4.78	0.00	0.00
SRR24759610_binette_bin54.fasta	root (UID1)	5656	56	24	56	0	0	0	0	0	0.00	0.00	0.00
SRR24759610_binette_bin55.fasta	root (UID1)	5656	56	24	56	0	0	0	0	0	0.00	0.00	0.00
SRR24759610_binette_bin56.fasta	root (UID1)	5656	56	24	56	0	0	0	0	0	0.00	0.00	0.00
SRR24759610_binette_bin58.fasta	k__Bacteria (UID203)	5449	104	58	100	3	1	0	0	0	5.52	1.72	100.00
SRR24759610_binette_bin59.fasta	k__Bacteria (UID203)	5449	104	58	96	8	0	0	0	0	8.62	0.00	0.00
SRR24759610_binette_bin60.fasta	k__Bacteria (UID203)	5449	104	58	103	1	0	0	0	0	0.86	0.00	0.00
SRR24759610_binette_bin62.fasta	root (UID1)	5656	56	24	56	0	0	0	0	0	0.00	0.00	0.00
SRR24759610_binette_bin63.fasta	root (UID1)	5656	56	24	55	1	0	0	0	0	4.17	0.00	0.00
SRR24759610_binette_bin64.fasta	k__Bacteria (UID203)	5449	103	57	92	10	1	0	0	0	2.47	0.16	100.00
SRR24759610_binette_bin65.fasta	root (UID1)	5656	56	24	55	1	0	0	0	0	4.17	0.00	0.00
SRR24759610_binette_bin66.fasta	root (UID1)	5656	56	24	55	1	0	0	0	0	4.17	0.00	0.00
SRR24759610_binette_bin68.fasta	root (UID1)	5656	56	24	56	0	0	0	0	0	0.00	0.00	0.00
SRR24759610_binette_bin69.fasta	k__Bacteria (UID203)	5449	104	58	81	23	0	0	0	0	14.50	0.00	0.00
SRR24759610_binette_bin70.fasta	root (UID1)	5656	56	24	56	0	0	0	0	0	0.00	0.00	0.00
SRR24759610_binette_bin71.fasta	k__Bacteria (UID203)	5449	104	58	100	4	0	0	0	0	2.38	0.00	0.00
SRR24759610_binette_bin72.fasta	root (UID1)	5656	56	24	55	1	0	0	0	0	4.17	0.00	0.00
SRR24759610_binette_bin73.fasta	root (UID1)	5656	56	24	56	0	0	0	0	0	0.00	0.00	0.00
SRR24759610_binette_bin74.fasta	root (UID1)	5656	56	24	56	0	0	0	0	0	0.00	0.00	0.00
SRR24759610_binette_bin75.fasta	root (UID1)	5656	56	24	56	0	0	0	0	0	0.00	0.00	0.00
SRR24759610_binette_bin78.fasta	root (UID1)	5656	56	24	56	0	0	0	0	0	0.00	0.00	0.00
SRR24759610_binette_bin9.fasta	g__Lactobacillus (UID377)	91	430	154	71	326	33	0	0	0	90.53	9.81	63.64
SRR24759610_binette_bin91.fasta	k__Bacteria (UID203)	5449	104	58	101	3	0	0	0	0	4.31	0.00	0.00
SRR24759610_binette_bin92.fasta	root (UID1)	5656	56	24	56	0	0	0	0	0	0.00	0.00	0.00
SRR24759610_binette_bin93.fasta	root (UID1)	5656	56	24	56	0	0	0	0	0	0.00	0.00	0.00
SRR24759610_binette_bin95.fasta	root (UID1)	5656	56	24	56	0	0	0	0	0	0.00	0.00	0.00
SRR24759610_binette_bin97.fasta	k__Bacteria (UID203)	5449	104	58	102	2	0	0	0	0	3.45	0.00	0.00
SRR24759610_binette_bin98.fasta	k__Bacteria (UID203)	5449	104	58	82	12	9	1	0	0	28.95	14.66	91.67
SRR24759610_binette_bin99.fasta	root (UID1)	5656	56	24	56	0	0	0	0	0	0.00	0.00	0.00
SRR24759611_binette_bin18.fasta	k__Bacteria (UID203)	5449	104	58	73	23	7	1	0	0	32.37	7.82	90.00
SRR24759611_binette_bin26.fasta	root (UID1)	5656	56	24	55	1	0	0	0	0	4.17	0.00	0.00
SRR24759611_binette_bin28.fasta	root (UID1)	5656	56	24	56	0	0	0	0	0	0.00	0.00	0.00
SRR24759611_binette_bin29.fasta	k__Bacteria (UID203)	5449	104	58	94	8	2	0	0	0	11.52	3.45	100.00
SRR24759611_binette_bin30.fasta	k__Bacteria (UID203)	5449	104	58	99	5	0	0	0	0	6.90	0.00	0.00
SRR24759611_binette_bin31.fasta	root (UID1)	5656	56	24	56	0	0	0	0	0	0.00	0.00	0.00
SRR24759611_binette_bin32.fasta	root (UID1)	5656	56	24	56	0	0	0	0	0	0.00	0.00	0.00
SRR24759611_binette_bin33.fasta	root (UID1)	5656	56	24	56	0	0	0	0	0	0.00	0.00	0.00
SRR24759611_binette_bin34.fasta	k__Bacteria (UID203)	5449	104	58	82	14	8	0	0	0	34.48	12.07	100.00
SRR24759611_binette_bin35.fasta	root (UID1)	5656	56	24	55	1	0	0	0	0	4.17	0.00	0.00
SRR24759611_binette_bin36.fasta	root (UID1)	5656	56	24	55	1	0	0	0	0	4.17	0.00	0.00
SRR24759611_binette_bin39.fasta	k__Bacteria (UID203)	5449	104	58	97	7	0	0	0	0	12.07	0.00	0.00
SRR24759611_binette_bin40.fasta	root (UID1)	5656	56	24	56	0	0	0	0	0	0.00	0.00	0.00
SRR24759611_binette_bin41.fasta	k__Bacteria (UID203)	5449	104	58	98	6	0	0	0	0	10.34	0.00	0.00
SRR24759611_binette_bin42.fasta	k__Bacteria (UID203)	5449	103	57	93	10	0	0	0	0	15.79	0.00	0.00
SRR24759611_binette_bin43.fasta	root (UID1)	5656	56	24	56	0	0	0	0	0	0.00	0.00	0.00
SRR24759611_binette_bin45.fasta	k__Bacteria (UID203)	5449	104	58	102	2	0	0	0	0	1.88	0.00	0.00
SRR24759611_binette_bin47.fasta	k__Bacteria (UID203)	5449	104	58	101	3	0	0	0	0	5.17	0.00	0.00
SRR24759611_binette_bin48.fasta	k__Bacteria (UID203)	5449	104	58	96	8	0	0	0	0	7.50	0.00	0.00
SRR24759611_binette_bin5.fasta	c__Gammaproteobacteria (UID4387)	965	277	177	93	180	4	0	0	0	74.72	1.55	75.00
SRR24759611_binette_bin70.fasta	root (UID1)	5656	56	24	56	0	0	0	0	0	0.00	0.00	0.00
SRR24759611_binette_bin71.fasta	k__Bacteria (UID203)	5449	104	58	101	3	0	0	0	0	0.47	0.00	0.00
SRR24759611_binette_bin73.fasta	root (UID1)	5656	56	24	56	0	0	0	0	0	0.00	0.00	0.00
SRR24759611_binette_bin74.fasta	k__Bacteria (UID203)	5449	104	58	100	4	0	0	0	0	3.45	0.00	0.00
SRR24759611_binette_bin75.fasta	root (UID1)	5656	56	24	56	0	0	0	0	0	0.00	0.00	0.00
SRR24759611_binette_bin78.fasta	k__Bacteria (UID203)	5449	104	58	98	5	1	0	0	0	10.34	1.72	0.00
SRR24759611_binette_bin79.fasta	root (UID1)	5656	56	24	56	0	0	0	0	0	0.00	0.00	0.00
SRR24759611_binette_bin80.fasta	root (UID1)	5656	56	24	56	0	0	0	0	0	0.00	0.00	0.00
SRR24759611_binette_bin82.fasta	root (UID1)	5656	56	24	56	0	0	0	0	0	0.00	0.00	0.00
SRR24759611_binette_bin84.fasta	root (UID1)	5656	56	24	56	0	0	0	0	0	0.00	0.00	0.00
SRR24759611_binette_bin92.fasta	root (UID1)	5656	56	24	56	0	0	0	0	0	0.00	0.00	0.00
SRR24759612_binette_bin1.fasta	c__Bacilli (UID256)	765	274	150	8	263	3	0	0	0	95.67	0.67	0.00
SRR24759612_binette_bin17.fasta	c__Alphaproteobacteria (UID3305)	564	349	230	197	111	34	5	2	0	45.54	16.64	90.16
SRR24759612_binette_bin19.fasta	k__Bacteria (UID203)	5449	104	58	94	10	0	0	0	0	17.24	0.00	0.00
SRR24759612_binette_bin21.fasta	k__Bacteria (UID203)	5449	104	58	82	19	3	0	0	0	26.36	2.04	100.00
SRR24759612_binette_bin23.fasta	k__Bacteria (UID203)	5449	104	58	84	20	0	0	0	0	15.96	0.00	0.00
SRR24759612_binette_bin24.fasta	root (UID1)	5656	56	24	56	0	0	0	0	0	0.00	0.00	0.00
SRR24759612_binette_bin25.fasta	root (UID1)	5656	56	24	56	0	0	0	0	0	0.00	0.00	0.00
SRR24759612_binette_bin27.fasta	root (UID1)	5656	56	24	55	1	0	0	0	0	4.17	0.00	0.00
SRR24759612_binette_bin28.fasta	k__Bacteria (UID203)	5449	104	58	98	6	0	0	0	0	10.34	0.00	0.00
SRR24759612_binette_bin30.fasta	k__Bacteria (UID203)	5449	103	57	92	11	0	0	0	0	16.67	0.00	0.00
SRR24759612_binette_bin31.fasta	k__Bacteria (UID203)	5449	103	57	98	5	0	0	0	0	3.30	0.00	0.00
SRR24759612_binette_bin33.fasta	root (UID1)	5656	56	24	54	2	0	0	0	0	8.33	0.00	0.00
SRR24759612_binette_bin35.fasta	root (UID1)	5656	56	24	54	2	0	0	0	0	8.33	0.00	0.00
SRR24759612_binette_bin36.fasta	root (UID1)	5656	56	24	56	0	0	0	0	0	0.00	0.00	0.00
SRR24759612_binette_bin38.fasta	k__Bacteria (UID203)	5449	104	58	75	23	6	0	0	0	24.89	6.03	100.00
SRR24759612_binette_bin39.fasta	k__Bacteria (UID203)	5449	104	58	95	9	0	0	0	0	10.34	0.00	0.00
SRR24759612_binette_bin40.fasta	root (UID1)	5656	56	24	56	0	0	0	0	0	0.00	0.00	0.00
SRR24759612_binette_bin41.fasta	root (UID1)	5656	56	24	56	0	0	0	0	0	0.00	0.00	0.00
SRR24759612_binette_bin42.fasta	root (UID1)	5656	56	24	55	1	0	0	0	0	4.17	0.00	0.00
SRR24759612_binette_bin5.fasta	g__Lactobacillus (UID377)	91	430	154	109	311	9	1	0	0	83.69	1.85	58.33
SRR24759612_binette_bin60.fasta	k__Bacteria (UID203)	5449	103	57	99	4	0	0	0	0	7.02	0.00	0.00
SRR24759612_binette_bin62.fasta	root (UID1)	5656	56	24	56	0	0	0	0	0	0.00	0.00	0.00
SRR24759612_binette_bin63.fasta	k__Bacteria (UID203)	5449	104	58	104	0	0	0	0	0	0.00	0.00	0.00
SRR24759612_binette_bin65.fasta	root (UID1)	5656	56	24	56	0	0	0	0	0	0.00	0.00	0.00
SRR24759612_binette_bin66.fasta	root (UID1)	5656	56	24	55	1	0	0	0	0	4.17	0.00	0.00
SRR24759613_binette_bin1.fasta	o__Clostridiales (UID1226)	155	278	158	10	268	0	0	0	0	96.20	0.00	0.00
SRR24759613_binette_bin15.fasta	k__Bacteria (UID203)	5449	104	58	79	25	0	0	0	0	35.21	0.00	0.00
SRR24759613_binette_bin2.fasta	o__Lactobacillales (UID374)	471	350	191	4	346	0	0	0	0	98.52	0.00	0.00
SRR24759613_binette_bin21.fasta	g__Lactobacillus (UID377)	91	430	154	261	141	25	3	0	0	43.96	10.54	76.47
SRR24759613_binette_bin22.fasta	p__Proteobacteria (UID3214)	2231	190	119	125	54	10	1	0	0	30.89	3.33	7.69
SRR24759613_binette_bin23.fasta	k__Bacteria (UID203)	5449	104	58	79	24	1	0	0	0	25.89	1.72	0.00
SRR24759613_binette_bin24.fasta	k__Bacteria (UID203)	5449	104	58	90	13	1	0	0	0	24.14	1.72	100.00
SRR24759613_binette_bin25.fasta	k__Bacteria (UID203)	5449	104	58	80	24	0	0	0	0	27.66	0.00	0.00
SRR24759613_binette_bin27.fasta	k__Bacteria (UID203)	5449	104	58	81	15	3	4	1	0	32.92	22.41	100.00
SRR24759613_binette_bin30.fasta	k__Bacteria (UID203)	5449	104	58	92	11	1	0	0	0	18.26	1.72	100.00
SRR24759613_binette_bin32.fasta	k__Bacteria (UID203)	5449	104	58	86	16	2	0	0	0	23.45	3.45	50.00
SRR24759613_binette_bin33.fasta	root (UID1)	5656	56	24	56	0	0	0	0	0	0.00	0.00	0.00
SRR24759613_binette_bin34.fasta	root (UID1)	5656	56	24	56	0	0	0	0	0	0.00	0.00	0.00
SRR24759613_binette_bin36.fasta	root (UID1)	5656	56	24	56	0	0	0	0	0	0.00	0.00	0.00
SRR24759613_binette_bin37.fasta	root (UID1)	5656	56	24	56	0	0	0	0	0	0.00	0.00	0.00
SRR24759613_binette_bin39.fasta	root (UID1)	5656	56	24	56	0	0	0	0	0	0.00	0.00	0.00
SRR24759613_binette_bin40.fasta	root (UID1)	5656	56	24	56	0	0	0	0	0	0.00	0.00	0.00
SRR24759613_binette_bin41.fasta	root (UID1)	5656	56	24	56	0	0	0	0	0	0.00	0.00	0.00
SRR24759613_binette_bin42.fasta	k__Bacteria (UID203)	5449	104	58	97	7	0	0	0	0	4.23	0.00	0.00
SRR24759613_binette_bin43.fasta	k__Bacteria (UID203)	5449	104	58	91	12	1	0	0	0	17.59	1.72	100.00
SRR24759613_binette_bin44.fasta	k__Bacteria (UID203)	5449	104	58	102	1	1	0	0	0	3.45	1.72	100.00
SRR24759613_binette_bin45.fasta	k__Bacteria (UID203)	5449	103	57	97	6	0	0	0	0	9.65	0.00	0.00
SRR24759613_binette_bin46.fasta	root (UID1)	5656	56	24	56	0	0	0	0	0	0.00	0.00	0.00
SRR24759613_binette_bin47.fasta	root (UID1)	5656	56	24	56	0	0	0	0	0	0.00	0.00	0.00
SRR24759613_binette_bin54.fasta	root (UID1)	5656	56	24	56	0	0	0	0	0	0.00	0.00	0.00
SRR24759613_binette_bin55.fasta	root (UID1)	5656	56	24	56	0	0	0	0	0	0.00	0.00	0.00
SRR24759613_binette_bin56.fasta	root (UID1)	5656	56	24	56	0	0	0	0	0	0.00	0.00	0.00
SRR24759613_binette_bin58.fasta	k__Bacteria (UID203)	5449	104	58	99	4	1	0	0	0	8.62	1.72	100.00
SRR24759613_binette_bin59.fasta	root (UID1)	5656	56	24	56	0	0	0	0	0	0.00	0.00	0.00
SRR24759613_binette_bin6.fasta	c__Alphaproteobacteria (UID3305)	564	349	230	6	312	28	3	0	0	97.81	9.10	86.49
SRR24759613_binette_bin60.fasta	k__Bacteria (UID203)	5449	104	58	73	21	8	2	0	0	27.10	12.70	85.71
SRR24759614_binette_bin101.fasta	root (UID1)	5656	56	24	55	1	0	0	0	0	4.17	0.00	0.00
SRR24759614_binette_bin103.fasta	k__Bacteria (UID203)	5449	104	58	94	8	1	1	0	0	17.24	5.17	50.00
SRR24759614_binette_bin22.fasta	f__Bifidobacteriaceae (UID1458)	77	464	220	321	108	29	1	4	1	30.20	10.42	72.73
SRR24759614_binette_bin23.fasta	c__Alphaproteobacteria (UID3305)	564	349	230	267	71	11	0	0	0	21.09	2.35	90.91
SRR24759614_binette_bin24.fasta	k__Bacteria (UID203)	5449	104	58	90	14	0	0	0	0	22.41	0.00	0.00
SRR24759614_binette_bin28.fasta	c__Gammaproteobacteria (UID4387)	965	277	177	200	61	14	2	0	0	24.15	6.51	80.00
SRR24759614_binette_bin34.fasta	k__Bacteria (UID203)	5449	104	58	56	19	23	5	1	0	28.06	10.02	97.73
SRR24759614_binette_bin35.fasta	k__Bacteria (UID203)	5449	104	58	98	6	0	0	0	0	10.34	0.00	0.00
SRR24759614_binette_bin38.fasta	k__Bacteria (UID203)	5449	104	58	92	12	0	0	0	0	18.10	0.00	0.00
SRR24759614_binette_bin40.fasta	root (UID1)	5656	56	24	56	0	0	0	0	0	0.00	0.00	0.00
SRR24759614_binette_bin41.fasta	k__Bacteria (UID203)	5449	104	58	99	5	0	0	0	0	8.62	0.00	0.00
SRR24759614_binette_bin42.fasta	k__Bacteria (UID203)	5449	104	58	94	9	1	0	0	0	10.97	1.72	100.00
SRR24759614_binette_bin43.fasta	k__Bacteria (UID203)	5449	104	58	92	12	0	0	0	0	13.85	0.00	0.00
SRR24759614_binette_bin45.fasta	root (UID1)	5656	56	24	55	1	0	0	0	0	4.17	0.00	0.00
SRR24759614_binette_bin46.fasta	root (UID1)	5656	56	24	56	0	0	0	0	0	0.00	0.00	0.00
SRR24759614_binette_bin48.fasta	root (UID1)	5656	56	24	54	2	0	0	0	0	8.33	0.00	0.00
SRR24759614_binette_bin49.fasta	k__Bacteria (UID203)	5449	103	57	93	10	0	0	0	0	12.60	0.00	0.00
SRR24759614_binette_bin5.fasta	c__Betaproteobacteria (UID3888)	323	387	234	11	353	23	0	0	0	97.08	6.63	73.91
SRR24759614_binette_bin50.fasta	root (UID1)	5656	56	24	56	0	0	0	0	0	0.00	0.00	0.00
SRR24759614_binette_bin52.fasta	root (UID1)	5656	56	24	56	0	0	0	0	0	0.00	0.00	0.00
SRR24759614_binette_bin53.fasta	k__Bacteria (UID203)	5449	104	58	95	9	0	0	0	0	13.79	0.00	0.00
SRR24759614_binette_bin54.fasta	root (UID1)	5656	56	24	56	0	0	0	0	0	0.00	0.00	0.00
SRR24759614_binette_bin55.fasta	k__Bacteria (UID203)	5449	104	58	100	3	1	0	0	0	6.03	1.72	100.00
SRR24759614_binette_bin56.fasta	root (UID1)	5656	56	24	56	0	0	0	0	0	0.00	0.00	0.00
SRR24759614_binette_bin57.fasta	root (UID1)	5656	56	24	53	1	2	0	0	0	12.50	8.33	50.00
SRR24759614_binette_bin58.fasta	k__Bacteria (UID203)	5449	104	58	100	4	0	0	0	0	6.03	0.00	0.00
SRR24759614_binette_bin59.fasta	root (UID1)	5656	56	24	56	0	0	0	0	0	0.00	0.00	0.00
SRR24759614_binette_bin6.fasta	o__Clostridiales (UID1212)	172	263	149	20	242	1	0	0	0	92.28	0.06	0.00
SRR24759614_binette_bin61.fasta	k__Bacteria (UID203)	5449	104	58	100	4	0	0	0	0	6.90	0.00	0.00
SRR24759614_binette_bin62.fasta	root (UID1)	5656	56	24	56	0	0	0	0	0	0.00	0.00	0.00
SRR24759614_binette_bin63.fasta	root (UID1)	5656	56	24	56	0	0	0	0	0	0.00	0.00	0.00
SRR24759614_binette_bin64.fasta	root (UID1)	5656	56	24	55	1	0	0	0	0	4.17	0.00	0.00
SRR24759614_binette_bin67.fasta	k__Bacteria (UID203)	5449	104	58	102	2	0	0	0	0	2.59	0.00	0.00
SRR24759614_binette_bin92.fasta	root (UID1)	5656	56	24	55	1	0	0	0	0	4.17	0.00	0.00
SRR24759614_binette_bin93.fasta	root (UID1)	5656	56	24	56	0	0	0	0	0	0.00	0.00	0.00
SRR24759614_binette_bin96.fasta	root (UID1)	5656	56	24	55	1	0	0	0	0	4.17	0.00	0.00
SRR24759614_binette_bin98.fasta	root (UID1)	5656	56	24	55	0	0	1	0	0	4.17	8.33	100.00
SRR24759615_binette_bin1.fasta	c__Gammaproteobacteria (UID4442)	899	312	185	3	308	1	0	0	0	98.38	0.54	100.00
SRR24759615_binette_bin12.fasta	c__Alphaproteobacteria (UID3305)	564	349	230	87	260	2	0	0	0	75.65	0.87	100.00
SRR24759615_binette_bin15.fasta	k__Bacteria (UID203)	5449	104	58	75	25	4	0	0	0	48.28	6.90	75.00
SRR24759615_binette_bin24.fasta	k__Bacteria (UID203)	5449	104	58	75	26	3	0	0	0	31.58	4.31	100.00
SRR24759615_binette_bin28.fasta	k__Bacteria (UID203)	5449	104	58	98	6	0	0	0	0	8.97	0.00	0.00
SRR24759615_binette_bin32.fasta	k__Bacteria (UID203)	5449	104	58	98	5	1	0	0	0	9.20	1.72	0.00
SRR24759615_binette_bin35.fasta	k__Bacteria (UID203)	5449	104	58	91	12	1	0	0	0	18.97	1.72	100.00
SRR24759615_binette_bin36.fasta	root (UID1)	5656	56	24	55	1	0	0	0	0	4.17	0.00	0.00
SRR24759615_binette_bin38.fasta	root (UID1)	5656	56	24	56	0	0	0	0	0	0.00	0.00	0.00
SRR24759615_binette_bin39.fasta	root (UID1)	5656	56	24	55	1	0	0	0	0	4.17	0.00	0.00
SRR24759615_binette_bin40.fasta	k__Bacteria (UID203)	5449	104	58	101	3	0	0	0	0	4.31	0.00	0.00
SRR24759615_binette_bin41.fasta	root (UID1)	5656	56	24	56	0	0	0	0	0	0.00	0.00	0.00
SRR24759615_binette_bin43.fasta	k__Bacteria (UID203)	5449	104	58	93	8	2	1	0	0	12.70	6.90	80.00
SRR24759615_binette_bin44.fasta	k__Bacteria (UID203)	5449	104	58	92	11	1	0	0	0	11.68	1.72	0.00
SRR24759615_binette_bin45.fasta	root (UID1)	5656	56	24	55	1	0	0	0	0	4.17	0.00	0.00
SRR24759615_binette_bin46.fasta	k__Bacteria (UID203)	5449	104	58	96	7	1	0	0	0	6.66	1.72	100.00
SRR24759615_binette_bin47.fasta	k__Bacteria (UID203)	5449	104	58	102	2	0	0	0	0	3.45	0.00	0.00
SRR24759615_binette_bin48.fasta	root (UID1)	5656	56	24	56	0	0	0	0	0	0.00	0.00	0.00
SRR24759615_binette_bin49.fasta	root (UID1)	5656	56	24	56	0	0	0	0	0	0.00	0.00	0.00
SRR24759615_binette_bin51.fasta	k__Bacteria (UID203)	5449	104	58	100	3	1	0	0	0	6.90	1.72	100.00
SRR24759615_binette_bin52.fasta	root (UID1)	5656	56	24	56	0	0	0	0	0	0.00	0.00	0.00
SRR24759615_binette_bin54.fasta	root (UID1)	5656	56	24	56	0	0	0	0	0	0.00	0.00	0.00
SRR24759615_binette_bin56.fasta	root (UID1)	5656	56	24	56	0	0	0	0	0	0.00	0.00	0.00
SRR24759615_binette_bin58.fasta	root (UID1)	5656	56	24	56	0	0	0	0	0	0.00	0.00	0.00
SRR24759615_binette_bin59.fasta	root (UID1)	5656	56	24	56	0	0	0	0	0	0.00	0.00	0.00
SRR24759615_binette_bin60.fasta	k__Bacteria (UID203)	5449	104	58	101	2	1	0	0	0	5.17	1.72	0.00
SRR24759615_binette_bin61.fasta	root (UID1)	5656	56	24	54	2	0	0	0	0	8.33	0.00	0.00
SRR24759615_binette_bin62.fasta	k__Bacteria (UID203)	5449	104	58	56	26	14	8	0	0	27.42	13.65	44.74
SRR24759615_binette_bin63.fasta	root (UID1)	5656	56	24	56	0	0	0	0	0	0.00	0.00	0.00
SRR24759615_binette_bin64.fasta	root (UID1)	5656	56	24	55	0	1	0	0	0	4.17	4.17	100.00
SRR24759615_binette_bin66.fasta	root (UID1)	5656	56	24	55	1	0	0	0	0	4.17	0.00	0.00
SRR24759615_binette_bin67.fasta	k__Bacteria (UID203)	5449	104	58	101	3	0	0	0	0	2.07	0.00	0.00
SRR24759615_binette_bin68.fasta	k__Bacteria (UID203)	5449	104	58	100	4	0	0	0	0	6.03	0.00	0.00
SRR24759615_binette_bin69.fasta	root (UID1)	5656	56	24	56	0	0	0	0	0	0.00	0.00	0.00
SRR24759615_binette_bin71.fasta	root (UID1)	5656	56	24	55	0	1	0	0	0	4.17	4.17	100.00
SRR24759615_binette_bin83.fasta	root (UID1)	5656	56	24	56	0	0	0	0	0	0.00	0.00	0.00
SRR24759615_binette_bin84.fasta	k__Bacteria (UID203)	5449	104	58	102	2	0	0	0	0	1.72	0.00	0.00
SRR24759615_binette_bin85.fasta	k__Bacteria (UID203)	5449	104	58	99	5	0	0	0	0	8.62	0.00	0.00
SRR24759615_binette_bin86.fasta	root (UID1)	5656	56	24	56	0	0	0	0	0	0.00	0.00	0.00
SRR24759615_binette_bin87.fasta	root (UID1)	5656	56	24	56	0	0	0	0	0	0.00	0.00	0.00
SRR24759615_binette_bin88.fasta	k__Bacteria (UID203)	5449	104	58	99	4	0	0	1	0	6.90	5.17	66.67
SRR24759615_binette_bin92.fasta	k__Bacteria (UID203)	5449	104	58	89	8	5	2	0	0	18.95	12.76	100.00
SRR24759616_binette_bin12.fasta	o__Clostridiales (UID1212)	172	263	149	67	179	15	2	0	0	73.25	7.11	0.00
SRR24759616_binette_bin16.fasta	c__Alphaproteobacteria (UID3305)	564	349	230	183	135	27	3	1	0	50.34	13.93	73.81
SRR24759616_binette_bin23.fasta	k__Bacteria (UID203)	5449	104	58	89	14	1	0	0	0	18.57	1.72	100.00
SRR24759616_binette_bin24.fasta	k__Bacteria (UID203)	5449	103	57	92	11	0	0	0	0	15.79	0.00	0.00
SRR24759616_binette_bin26.fasta	root (UID1)	5656	56	24	56	0	0	0	0	0	0.00	0.00	0.00
SRR24759616_binette_bin27.fasta	k__Bacteria (UID203)	5449	103	57	99	4	0	0	0	0	6.14	0.00	0.00
SRR24759616_binette_bin28.fasta	root (UID1)	5656	56	24	55	1	0	0	0	0	4.17	0.00	0.00
SRR24759616_binette_bin30.fasta	k__Bacteria (UID203)	5449	103	57	94	9	0	0	0	0	8.60	0.00	0.00
SRR24759616_binette_bin31.fasta	k__Bacteria (UID203)	5449	104	58	100	4	0	0	0	0	5.33	0.00	0.00
SRR24759616_binette_bin34.fasta	k__Bacteria (UID203)	5449	103	57	97	6	0	0	0	0	1.34	0.00	0.00
SRR24759616_binette_bin72.fasta	root (UID1)	5656	56	24	55	1	0	0	0	0	4.17	0.00	0.00
SRR24759616_binette_bin75.fasta	root (UID1)	5656	56	24	56	0	0	0	0	0	0.00	0.00	0.00
SRR24759616_binette_bin76.fasta	root (UID1)	5656	56	24	56	0	0	0	0	0	0.00	0.00	0.00
SRR24759616_binette_bin77.fasta	root (UID1)	5656	56	24	56	0	0	0	0	0	0.00	0.00	0.00
SRR24759616_binette_bin78.fasta	root (UID1)	5656	56	24	56	0	0	0	0	0	0.00	0.00	0.00
SRR24759616_binette_bin82.fasta	root (UID1)	5656	56	24	56	0	0	0	0	0	0.00	0.00	0.00
