SRR24759597_binette_bin23.fasta	integron_01	k141_62726	k141_62726_8	5472	6047	-1	NA	protein	protein	NA	CALIN	No	NA	lin
SRR24759597_binette_bin23.fasta	integron_01	k141_62726	attc_001	5784	5842	1	0.0013	attC	attC	attc_4	CALIN	No	NA	lin
SRR24759597_binette_bin23.fasta	integron_01	k141_62726	attc_002	5975	6040	1	0.043	attC	attC	attc_4	CALIN	No	133.0	lin
SRR24759597_binette_bin23.fasta	integron_01	k141_62726	k141_62726_9	6044	6679	-1	NA	protein	protein	NA	CALIN	No	NA	lin
SRR24759597_binette_bin28.fasta	integron_01	k141_451020	k141_451020_1	3	62	-1	NA	protein	protein	NA	CALIN	No	NA	lin
SRR24759597_binette_bin28.fasta	integron_01	k141_451020	attc_001	163	213	1	0.64	attC	attC	attc_4	CALIN	No	NA	lin
SRR24759597_binette_bin28.fasta	integron_01	k141_451020	k141_451020_2	199	774	-1	NA	protein	protein	NA	CALIN	No	NA	lin
SRR24759597_binette_bin28.fasta	integron_01	k141_451020	attc_002	926	1012	1	0.013	attC	attC	attc_4	CALIN	No	713.0	lin
SRR24759597_binette_bin33.fasta	integron_01	k141_450867	attc_001	1419	1477	1	0.0098	attC	attC	attc_4	CALIN	No	NA	lin
SRR24759597_binette_bin33.fasta	integron_01	k141_450867	attc_002	2037	2082	1	0.94	attC	attC	attc_4	CALIN	No	560.0	lin
SRR24759597_binette_bin44.fasta	integron_01	k141_262232	attc_001	42	88	-1	0.0033	attC	attC	attc_4	CALIN	No	NA	lin
SRR24759597_binette_bin44.fasta	integron_01	k141_262232	k141_262232_1	715	2229	1	NA	protein	protein	NA	CALIN	No	NA	lin
SRR24759597_binette_bin44.fasta	integron_01	k141_262232	k141_262232_2	2233	3504	1	NA	protein	protein	NA	CALIN	No	NA	lin
SRR24759597_binette_bin44.fasta	integron_01	k141_262232	k141_262232_3	3501	4634	1	NA	protein	protein	NA	CALIN	No	NA	lin
SRR24759597_binette_bin44.fasta	integron_01	k141_262232	attc_002	3533	3621	-1	0.63	attC	attC	attc_4	CALIN	No	3445.0	lin
SRR24759597_binette_bin51.fasta	integron_01	k141_457137	attc_001	1	87	-1	0.9	attC	attC	attc_4	CALIN	No	NA	lin
SRR24759597_binette_bin51.fasta	integron_01	k141_457137	k141_457137_1	3	713	-1	NA	protein	protein	NA	CALIN	No	NA	lin
SRR24759597_binette_bin51.fasta	integron_01	k141_457137	attc_002	575	646	-1	0.77	attC	attC	attc_4	CALIN	No	488.0	lin
SRR24759597_binette_bin51.fasta	integron_01	k141_457137	k141_457137_2	716	1234	-1	NA	protein	protein	NA	CALIN	No	NA	lin
SRR24759597_binette_bin51.fasta	integron_01	k141_457137	attc_003	922	1090	-1	0.074	attC	attC	attc_4	CALIN	No	276.0	lin
SRR24759597_binette_bin54.fasta	integron_01	k141_29899	attc_001	302	400	1	0.044	attC	attC	attc_4	CALIN	No	NA	lin
SRR24759597_binette_bin54.fasta	integron_01	k141_29899	k141_29899_1	605	769	-1	NA	protein	protein	NA	CALIN	No	NA	lin
SRR24759597_binette_bin54.fasta	integron_01	k141_29899	k141_29899_2	818	1012	-1	NA	protein	protein	NA	CALIN	No	NA	lin
SRR24759597_binette_bin54.fasta	integron_01	k141_29899	attc_002	883	962	1	0.015	attC	attC	attc_4	CALIN	No	483.0	lin
SRR24759598_binette_bin27.fasta	integron_01	k141_551904	k141_551904_1	2	574	1	NA	protein	protein	NA	CALIN	No	NA	lin
SRR24759598_binette_bin27.fasta	integron_01	k141_551904	attc_001	476	522	1	0.38	attC	attC	attc_4	CALIN	No	NA	lin
SRR24759598_binette_bin27.fasta	integron_01	k141_551904	k141_551904_2	608	2716	1	NA	protein	protein	NA	CALIN	No	NA	lin
SRR24759598_binette_bin27.fasta	integron_01	k141_551904	attc_002	2177	2273	1	0.076	attC	attC	attc_4	CALIN	No	1655.0	lin
SRR24759598_binette_bin27.fasta	integron_01	k141_551904	k141_551904_3	2864	3373	1	NA	protein	protein	NA	CALIN	No	NA	lin
SRR24759598_binette_bin27.fasta	integron_01	k141_551904	attc_003	2952	3001	1	0.41	attC	attC	attc_4	CALIN	No	679.0	lin
SRR24759598_binette_bin36.fasta	integron_01	k141_143575	k141_143575_1	3	941	-1	NA	protein	protein	NA	CALIN	No	NA	lin
SRR24759598_binette_bin36.fasta	integron_01	k141_143575	attc_001	29	192	-1	0.045	attC	attC	attc_4	CALIN	No	NA	lin
SRR24759598_binette_bin36.fasta	integron_01	k141_143575	k141_143575_2	920	1573	-1	NA	protein	protein	NA	CALIN	No	NA	lin
SRR24759598_binette_bin36.fasta	integron_01	k141_143575	attc_002	1228	1275	-1	0.61	attC	attC	attc_4	CALIN	No	1036.0	lin
SRR24759598_binette_bin36.fasta	integron_01	k141_258597	k141_258597_1	3	95	-1	NA	protein	protein	NA	CALIN	No	NA	lin
SRR24759598_binette_bin36.fasta	integron_01	k141_258597	k141_258597_2	92	415	-1	NA	protein	protein	NA	CALIN	No	NA	lin
SRR24759598_binette_bin36.fasta	integron_01	k141_258597	attc_001	254	323	1	0.54	attC	attC	attc_4	CALIN	No	NA	lin
SRR24759598_binette_bin36.fasta	integron_01	k141_258597	k141_258597_3	408	665	-1	NA	protein	protein	NA	CALIN	No	NA	lin
SRR24759598_binette_bin36.fasta	integron_01	k141_258597	attc_002	501	697	1	0.008	attC	attC	attc_4	CALIN	No	178.0	lin
SRR24759598_binette_bin36.fasta	integron_01	k141_258597	k141_258597_4	666	980	-1	NA	protein	protein	NA	CALIN	No	NA	lin
SRR24759598_binette_bin45.fasta	integron_01	k141_647993	k141_647993_2	3082	9129	1	NA	protein	protein	NA	CALIN	No	NA	lin
SRR24759598_binette_bin45.fasta	integron_01	k141_647993	attc_001	7301	7362	1	0.27	attC	attC	attc_4	CALIN	No	NA	lin
SRR24759598_binette_bin45.fasta	integron_01	k141_647993	k141_647993_3	9239	11596	1	NA	protein	protein	NA	CALIN	No	NA	lin
SRR24759598_binette_bin45.fasta	integron_01	k141_647993	attc_002	9778	9820	1	0.22	attC	attC	attc_4	CALIN	No	2416.0	lin
SRR24759598_binette_bin45.fasta	integron_01	k141_248332	k141_248332_1	3	1952	-1	NA	protein	protein	NA	CALIN	No	NA	lin
SRR24759598_binette_bin45.fasta	integron_01	k141_248332	attc_001	722	801	1	0.0063	attC	attC	attc_4	CALIN	No	NA	lin
SRR24759598_binette_bin45.fasta	integron_01	k141_248332	k141_248332_2	2842	3267	-1	NA	protein	protein	NA	CALIN	No	NA	lin
SRR24759598_binette_bin45.fasta	integron_01	k141_248332	k141_248332_3	3576	4397	1	NA	protein	protein	NA	CALIN	No	NA	lin
SRR24759598_binette_bin45.fasta	integron_01	k141_248332	attc_002	4321	4374	1	0.32	attC	attC	attc_4	CALIN	No	3520.0	lin
SRR24759598_binette_bin50.fasta	integron_01	k141_199012	k141_199012_1	32	607	-1	NA	protein	protein	NA	CALIN	No	NA	lin
SRR24759598_binette_bin50.fasta	integron_01	k141_199012	attc_001	344	402	1	0.002	attC	attC	attc_4	CALIN	No	NA	lin
SRR24759598_binette_bin50.fasta	integron_01	k141_199012	attc_002	535	600	1	0.0034	attC	attC	attc_4	CALIN	No	133.0	lin
SRR24759598_binette_bin50.fasta	integron_01	k141_199012	k141_199012_2	604	1239	-1	NA	protein	protein	NA	CALIN	No	NA	lin
SRR24759598_binette_bin50.fasta	integron_01	k141_246638	k141_246638_1	18	305	-1	NA	protein	protein	NA	CALIN	No	NA	lin
SRR24759598_binette_bin50.fasta	integron_01	k141_246638	attc_001	26	69	-1	0.0073	attC	attC	attc_4	CALIN	No	NA	lin
SRR24759598_binette_bin50.fasta	integron_01	k141_246638	k141_246638_2	434	865	-1	NA	protein	protein	NA	CALIN	No	NA	lin
SRR24759598_binette_bin50.fasta	integron_01	k141_246638	k141_246638_3	1332	1547	1	NA	protein	protein	NA	CALIN	No	NA	lin
SRR24759598_binette_bin50.fasta	integron_01	k141_246638	k141_246638_4	1821	2912	1	NA	protein	protein	NA	CALIN	No	NA	lin
SRR24759598_binette_bin50.fasta	integron_01	k141_246638	attc_002	2036	2111	-1	0.85	attC	attC	attc_4	CALIN	No	1967.0	lin
SRR24759599_binette_bin27.fasta	integron_01	k141_222105	k141_222105_5	2665	3141	1	NA	protein	protein	NA	CALIN	No	NA	lin
SRR24759599_binette_bin27.fasta	integron_01	k141_222105	k141_222105_6	3138	3875	1	NA	protein	protein	NA	CALIN	No	NA	lin
SRR24759599_binette_bin27.fasta	integron_01	k141_222105	attc_001	3148	3218	1	0.1	attC	attC	attc_4	CALIN	No	NA	lin
SRR24759599_binette_bin27.fasta	integron_01	k141_222105	attc_002	3342	3399	1	0.17	attC	attC	attc_4	CALIN	No	124.0	lin
SRR24759599_binette_bin27.fasta	integron_01	k141_129588	attc_001	759	818	-1	0.44	attC	attC	attc_4	CALIN	No	NA	lin
SRR24759599_binette_bin27.fasta	integron_01	k141_129588	attc_002	1329	1421	-1	0.0033	attC	attC	attc_4	CALIN	No	511.0	lin
SRR24759599_binette_bin27.fasta	integron_01	k141_482449	k141_482449_2	361	1515	-1	NA	protein	protein	NA	CALIN	No	NA	lin
SRR24759599_binette_bin27.fasta	integron_01	k141_482449	attc_001	693	746	1	0.83	attC	attC	attc_4	CALIN	No	NA	lin
SRR24759599_binette_bin27.fasta	integron_01	k141_482449	attc_002	1351	1426	1	0.0053	attC	attC	attc_4	CALIN	No	605.0	lin
SRR24759599_binette_bin27.fasta	integron_01	k141_482449	k141_482449_3	1548	1643	1	NA	protein	protein	NA	CALIN	No	NA	lin
SRR24759599_binette_bin27.fasta	integron_01	k141_592847	k141_592847_1	2	1003	-1	NA	protein	protein	NA	CALIN	No	NA	lin
SRR24759599_binette_bin27.fasta	integron_01	k141_592847	attc_001	422	464	-1	0.047	attC	attC	attc_4	CALIN	No	NA	lin
SRR24759599_binette_bin27.fasta	integron_01	k141_592847	k141_592847_2	1113	2477	-1	NA	protein	protein	NA	CALIN	No	NA	lin
SRR24759599_binette_bin27.fasta	integron_01	k141_592847	attc_002	1734	1791	-1	0.68	attC	attC	attc_4	CALIN	No	1270.0	lin
SRR24759599_binette_bin38.fasta	integron_01	k141_849348	k141_849348_4	2491	3555	-1	NA	protein	protein	NA	CALIN	No	NA	lin
SRR24759599_binette_bin38.fasta	integron_01	k141_849348	k141_849348_5	3564	4808	-1	NA	protein	protein	NA	CALIN	No	NA	lin
SRR24759599_binette_bin38.fasta	integron_01	k141_849348	attc_001	3659	3706	-1	0.65	attC	attC	attc_4	CALIN	No	NA	lin
SRR24759599_binette_bin38.fasta	integron_01	k141_849348	attc_002	4017	4120	-1	0.00029	attC	attC	attc_4	CALIN	No	311.0	lin
SRR24759599_binette_bin55.fasta	integron_01	k141_486255	attc_001	509	550	1	0.0057	attC	attC	attc_4	CALIN	No	NA	lin
SRR24759599_binette_bin55.fasta	integron_01	k141_486255	k141_486255_1	915	1043	1	NA	protein	protein	NA	CALIN	No	NA	lin
SRR24759599_binette_bin55.fasta	integron_01	k141_486255	attc_002	938	1004	1	0.78	attC	attC	attc_4	CALIN	No	388.0	lin
SRR24759599_binette_bin56.fasta	integron_01	k141_802100	k141_802100_1	136	435	1	NA	protein	protein	NA	CALIN	No	NA	lin
SRR24759599_binette_bin56.fasta	integron_01	k141_802100	attc_001	331	378	1	0.011	attC	attC	attc_4	CALIN	No	NA	lin
SRR24759599_binette_bin56.fasta	integron_01	k141_802100	k141_802100_2	437	1048	1	NA	protein	protein	NA	CALIN	No	NA	lin
SRR24759599_binette_bin56.fasta	integron_01	k141_802100	attc_002	866	925	1	0.41	attC	attC	attc_4	CALIN	No	488.0	lin
SRR24759599_binette_bin65.fasta	integron_01	k141_596747	k141_596747_1	1	432	-1	NA	protein	protein	NA	CALIN	No	NA	lin
SRR24759599_binette_bin65.fasta	integron_01	k141_596747	attc_001	211	276	-1	0.48	attC	attC	attc_4	CALIN	No	NA	lin
SRR24759599_binette_bin65.fasta	integron_01	k141_596747	k141_596747_2	650	1132	1	NA	protein	protein	NA	CALIN	No	NA	lin
SRR24759599_binette_bin65.fasta	integron_01	k141_596747	attc_002	1002	1061	-1	0.029	attC	attC	attc_4	CALIN	No	726.0	lin
SRR24759599_binette_bin65.fasta	integron_01	k141_596747	k141_596747_3	1225	1938	1	NA	protein	protein	NA	CALIN	No	NA	lin
SRR24759599_binette_bin72.fasta	integron_01	k141_878524	k141_878524_1	57	632	-1	NA	protein	protein	NA	CALIN	No	NA	lin
SRR24759599_binette_bin72.fasta	integron_01	k141_878524	attc_001	369	427	1	0.0006	attC	attC	attc_4	CALIN	No	NA	lin
SRR24759599_binette_bin72.fasta	integron_01	k141_878524	attc_002	560	625	1	0.0099	attC	attC	attc_4	CALIN	No	133.0	lin
SRR24759599_binette_bin72.fasta	integron_01	k141_878524	k141_878524_2	629	1264	-1	NA	protein	protein	NA	CALIN	No	NA	lin
SRR24759599_binette_bin72.fasta	integron_01	k141_475810	k141_475810_1	19	654	1	NA	protein	protein	NA	CALIN	No	NA	lin
SRR24759599_binette_bin72.fasta	integron_01	k141_475810	k141_475810_2	651	1226	1	NA	protein	protein	NA	CALIN	No	NA	lin
SRR24759599_binette_bin72.fasta	integron_01	k141_475810	attc_001	658	723	-1	0.016	attC	attC	attc_4	CALIN	No	NA	lin
SRR24759599_binette_bin72.fasta	integron_01	k141_475810	attc_002	856	914	-1	0.041	attC	attC	attc_4	CALIN	No	133.0	lin
SRR24759599_binette_bin72.fasta	integron_01	k141_175471	k141_175471_1	2	250	-1	NA	protein	protein	NA	CALIN	No	NA	lin
SRR24759599_binette_bin72.fasta	integron_01	k141_175471	attc_001	125	298	1	0.43	attC	attC	attc_4	CALIN	No	NA	lin
SRR24759599_binette_bin72.fasta	integron_01	k141_175471	k141_175471_2	250	663	-1	NA	protein	protein	NA	CALIN	No	NA	lin
SRR24759599_binette_bin72.fasta	integron_01	k141_175471	k141_175471_3	716	1174	-1	NA	protein	protein	NA	CALIN	No	NA	lin
SRR24759599_binette_bin72.fasta	integron_01	k141_175471	attc_002	1028	1086	1	0.00046	attC	attC	attc_4	CALIN	No	730.0	lin
SRR24759600_binette_bin106.fasta	integron_01	k141_692402	k141_692402_4	3656	4480	-1	NA	protein	protein	NA	CALIN	No	NA	lin
SRR24759600_binette_bin106.fasta	integron_01	k141_692402	k141_692402_5	4477	4800	-1	NA	protein	protein	NA	CALIN	No	NA	lin
SRR24759600_binette_bin106.fasta	integron_01	k141_692402	attc_001	4639	4708	1	0.98	attC	attC	attc_4	CALIN	No	NA	lin
SRR24759600_binette_bin106.fasta	integron_01	k141_692402	k141_692402_6	4793	5050	-1	NA	protein	protein	NA	CALIN	No	NA	lin
SRR24759600_binette_bin106.fasta	integron_01	k141_692402	attc_002	4886	5082	1	0.015	attC	attC	attc_4	CALIN	No	178.0	lin
SRR24759600_binette_bin106.fasta	integron_01	k141_692402	k141_692402_7	5051	5194	-1	NA	protein	protein	NA	CALIN	No	NA	lin
SRR24759600_binette_bin106.fasta	integron_01	k141_239920	k141_239920_1	2	1108	1	NA	protein	protein	NA	CALIN	No	NA	lin
SRR24759600_binette_bin106.fasta	integron_01	k141_239920	attc_001	28	105	-1	0.14	attC	attC	attc_4	CALIN	No	NA	lin
SRR24759600_binette_bin106.fasta	integron_01	k141_239920	attc_002	330	399	-1	0.84	attC	attC	attc_4	CALIN	No	225.0	lin
SRR24759600_binette_bin115.fasta	integron_01	k141_541826	attc_001	82	173	-1	0.31	attC	attC	attc_4	CALIN	No	NA	lin
SRR24759600_binette_bin115.fasta	integron_01	k141_541826	k141_541826_1	297	698	-1	NA	protein	protein	NA	CALIN	No	NA	lin
SRR24759600_binette_bin115.fasta	integron_01	k141_541826	attc_002	818	886	-1	0.0062	attC	attC	attc_4	CALIN	No	645.0	lin
SRR24759600_binette_bin115.fasta	integron_01	k141_541826	k141_541826_2	1006	1080	-1	NA	protein	protein	NA	CALIN	No	NA	lin
SRR24759600_binette_bin24.fasta	integron_01	k141_89816	k141_89816_3	576	1463	-1	NA	protein	protein	NA	CALIN	No	NA	lin
SRR24759600_binette_bin24.fasta	integron_01	k141_89816	attc_001	1008	1075	-1	0.81	attC	attC	attc_4	CALIN	No	NA	lin
SRR24759600_binette_bin24.fasta	integron_01	k141_89816	k141_89816_4	1453	2223	-1	NA	protein	protein	NA	CALIN	No	NA	lin
SRR24759600_binette_bin24.fasta	integron_01	k141_89816	k141_89816_5	2272	2766	-1	NA	protein	protein	NA	CALIN	No	NA	lin
SRR24759600_binette_bin24.fasta	integron_01	k141_89816	k141_89816_6	2801	3985	-1	NA	protein	protein	NA	CALIN	No	NA	lin
SRR24759600_binette_bin24.fasta	integron_01	k141_89816	attc_002	3573	3756	-1	0.043	attC	attC	attc_4	CALIN	No	2498.0	lin
SRR24759600_binette_bin26.fasta	integron_01	k141_460489	k141_460489_2	642	1271	-1	NA	protein	protein	NA	CALIN	No	NA	lin
SRR24759600_binette_bin26.fasta	integron_01	k141_460489	attc_001	1258	1330	1	0.061	attC	attC	attc_4	CALIN	No	NA	lin
SRR24759600_binette_bin26.fasta	integron_01	k141_460489	k141_460489_3	1303	1614	-1	NA	protein	protein	NA	CALIN	No	NA	lin
SRR24759600_binette_bin26.fasta	integron_01	k141_460489	attc_002	1865	1918	1	0.45	attC	attC	attc_4	CALIN	No	535.0	lin
SRR24759600_binette_bin26.fasta	integron_01	k141_460489	k141_460489_4	1951	2217	-1	NA	protein	protein	NA	CALIN	No	NA	lin
SRR24759600_binette_bin27.fasta	integron_01	k141_214433	k141_214433_1	28	1044	-1	NA	protein	protein	NA	CALIN	No	NA	lin
SRR24759600_binette_bin27.fasta	integron_01	k141_214433	attc_001	1097	1162	1	0.97	attC	attC	attc_4	CALIN	No	NA	lin
SRR24759600_binette_bin27.fasta	integron_01	k141_214433	k141_214433_2	1179	2279	1	NA	protein	protein	NA	CALIN	No	NA	lin
SRR24759600_binette_bin27.fasta	integron_01	k141_214433	k141_214433_3	2359	2775	-1	NA	protein	protein	NA	CALIN	No	NA	lin
SRR24759600_binette_bin27.fasta	integron_01	k141_214433	k141_214433_4	2793	3203	-1	NA	protein	protein	NA	CALIN	No	NA	lin
SRR24759600_binette_bin27.fasta	integron_01	k141_214433	attc_002	2994	3087	1	0.018	attC	attC	attc_4	CALIN	No	1832.0	lin
SRR24759600_binette_bin47.fasta	integron_01	k141_701044	attc_001	570	669	-1	0.0096	attC	attC	attc_4	CALIN	No	NA	lin
SRR24759600_binette_bin47.fasta	integron_01	k141_701044	attc_002	731	783	-1	0.091	attC	attC	attc_4	CALIN	No	62.0	lin
SRR24759600_binette_bin58.fasta	integron_01	k141_171590	k141_171590_3	1377	4037	1	NA	protein	protein	NA	CALIN	No	NA	lin
SRR24759600_binette_bin58.fasta	integron_01	k141_171590	attc_001	3260	3315	-1	0.0047	attC	attC	attc_4	CALIN	No	NA	lin
SRR24759600_binette_bin58.fasta	integron_01	k141_171590	k141_171590_4	4086	5519	1	NA	protein	protein	NA	CALIN	No	NA	lin
SRR24759600_binette_bin58.fasta	integron_01	k141_171590	attc_002	4260	4343	-1	0.08	attC	attC	attc_4	CALIN	No	945.0	lin
SRR24759600_binette_bin58.fasta	integron_01	k141_630862	k141_630862_1	1	249	1	NA	protein	protein	NA	CALIN	No	NA	lin
SRR24759600_binette_bin58.fasta	integron_01	k141_630862	k141_630862_2	246	821	1	NA	protein	protein	NA	CALIN	No	NA	lin
SRR24759600_binette_bin58.fasta	integron_01	k141_630862	attc_001	253	318	-1	0.008	attC	attC	attc_4	CALIN	No	NA	lin
SRR24759600_binette_bin58.fasta	integron_01	k141_630862	attc_002	451	509	-1	0.00024	attC	attC	attc_4	CALIN	No	133.0	lin
SRR24759600_binette_bin58.fasta	integron_01	k141_110923	k141_110923_1	1	432	1	NA	protein	protein	NA	CALIN	No	NA	lin
SRR24759600_binette_bin58.fasta	integron_01	k141_110923	attc_001	134	189	-1	0.46	attC	attC	attc_4	CALIN	No	NA	lin
SRR24759600_binette_bin58.fasta	integron_01	k141_110923	attc_002	200	260	-1	0.84	attC	attC	attc_4	CALIN	No	11.0	lin
SRR24759600_binette_bin58.fasta	integron_01	k141_110923	k141_110923_2	433	1128	-1	NA	protein	protein	NA	CALIN	No	NA	lin
SRR24759600_binette_bin58.fasta	integron_01	k141_506381	k141_506381_2	279	791	-1	NA	protein	protein	NA	CALIN	No	NA	lin
SRR24759600_binette_bin58.fasta	integron_01	k141_506381	attc_001	591	649	1	0.00043	attC	attC	attc_4	CALIN	No	NA	lin
SRR24759600_binette_bin58.fasta	integron_01	k141_506381	attc_002	782	847	1	0.0072	attC	attC	attc_4	CALIN	No	133.0	lin
SRR24759600_binette_bin58.fasta	integron_01	k141_506381	k141_506381_3	842	1108	-1	NA	protein	protein	NA	CALIN	No	NA	lin
SRR24759600_binette_bin61.fasta	integron_01	k141_32996	k141_32996_3	1227	2633	1	NA	protein	protein	NA	CALIN	No	NA	lin
SRR24759600_binette_bin61.fasta	integron_01	k141_32996	attc_001	1622	1764	-1	0.014	attC	attC	attc_4	CALIN	No	NA	lin
SRR24759600_binette_bin61.fasta	integron_01	k141_32996	k141_32996_4	3043	3651	1	NA	protein	protein	NA	CALIN	No	NA	lin
SRR24759600_binette_bin61.fasta	integron_01	k141_32996	attc_002	3575	3636	-1	0.56	attC	attC	attc_4	CALIN	No	1811.0	lin
SRR24759600_binette_bin67.fasta	integron_01	k141_594777	k141_594777_1	2	1015	1	NA	protein	protein	NA	CALIN	No	NA	lin
SRR24759600_binette_bin67.fasta	integron_01	k141_594777	attc_001	259	358	-1	0.44	attC	attC	attc_4	CALIN	No	NA	lin
SRR24759600_binette_bin67.fasta	integron_01	k141_594777	attc_002	802	965	-1	0.33	attC	attC	attc_4	CALIN	No	444.0	lin
SRR24759601_binette_bin17.fasta	integron_01	k141_163262	k141_163262_33	20425	20727	-1	NA	protein	protein	NA	CALIN	No	NA	lin
SRR24759601_binette_bin17.fasta	integron_01	k141_163262	attc_001	20550	20623	-1	0.39	attC	attC	attc_4	CALIN	No	NA	lin
SRR24759601_binette_bin17.fasta	integron_01	k141_163262	k141_163262_34	21034	21141	-1	NA	protein	protein	NA	CALIN	No	NA	lin
SRR24759601_binette_bin17.fasta	integron_01	k141_163262	k141_163262_35	21275	23578	-1	NA	protein	protein	NA	CALIN	No	NA	lin
SRR24759601_binette_bin17.fasta	integron_01	k141_163262	attc_002	24480	24534	-1	0.32	attC	attC	attc_4	CALIN	No	3857.0	lin
SRR24759601_binette_bin17.fasta	integron_01	k141_19947	k141_19947_57	51122	55363	-1	NA	protein	protein	NA	CALIN	No	NA	lin
SRR24759601_binette_bin17.fasta	integron_01	k141_19947	attc_001	54270	54359	1	0.64	attC	attC	attc_4	CALIN	No	NA	lin
SRR24759601_binette_bin17.fasta	integron_01	k141_19947	k141_19947_58	55480	56172	-1	NA	protein	protein	NA	CALIN	No	NA	lin
SRR24759601_binette_bin17.fasta	integron_01	k141_19947	k141_19947_59	56317	57360	-1	NA	protein	protein	NA	CALIN	No	NA	lin
SRR24759601_binette_bin17.fasta	integron_01	k141_19947	attc_002	56581	56638	1	0.19	attC	attC	attc_4	CALIN	No	2222.0	lin
SRR24759601_binette_bin17.fasta	integron_01	k141_336893	attc_001	3706	3805	-1	0.042	attC	attC	attc_4	CALIN	No	NA	lin
SRR24759601_binette_bin17.fasta	integron_01	k141_336893	attc_002	3867	3919	-1	0.4	attC	attC	attc_4	CALIN	No	62.0	lin
SRR24759601_binette_bin17.fasta	integron_01	k141_391971	k141_391971_2	691	1647	1	NA	protein	protein	NA	CALIN	No	NA	lin
SRR24759601_binette_bin17.fasta	integron_01	k141_391971	attc_001	693	862	-1	0.01	attC	attC	attc_4	CALIN	No	NA	lin
SRR24759601_binette_bin17.fasta	integron_01	k141_391971	attc_002	1437	1483	-1	0.72	attC	attC	attc_4	CALIN	No	575.0	lin
SRR24759601_binette_bin24.fasta	integron_01	k141_257635	k141_257635_1	3	1826	1	NA	protein	protein	NA	CALIN	No	NA	lin
SRR24759601_binette_bin24.fasta	integron_01	k141_257635	attc_001	184	296	1	0.001	attC	attC	attc_4	CALIN	No	NA	lin
SRR24759601_binette_bin24.fasta	integron_01	k141_257635	attc_002	1353	1443	1	0.54	attC	attC	attc_4	CALIN	No	1057.0	lin
SRR24759601_binette_bin26.fasta	integron_01	k141_126880	k141_126880_2	588	1925	-1	NA	protein	protein	NA	CALIN	No	NA	lin
SRR24759601_binette_bin26.fasta	integron_01	k141_126880	attc_001	734	799	-1	0.069	attC	attC	attc_4	CALIN	No	NA	lin
SRR24759601_binette_bin26.fasta	integron_01	k141_126880	attc_002	1107	1165	-1	0.65	attC	attC	attc_4	CALIN	No	308.0	lin
SRR24759601_binette_bin26.fasta	integron_01	k141_126880	attc_003	1824	1926	-1	0.23	attC	attC	attc_4	CALIN	No	659.0	lin
SRR24759601_binette_bin40.fasta	integron_01	k141_55805	attc_001	219	266	1	0.15	attC	attC	attc_4	CALIN	No	NA	lin
SRR24759601_binette_bin40.fasta	integron_01	k141_55805	k141_55805_1	232	369	-1	NA	protein	protein	NA	CALIN	No	NA	lin
SRR24759601_binette_bin40.fasta	integron_01	k141_55805	k141_55805_2	360	713	-1	NA	protein	protein	NA	CALIN	No	NA	lin
SRR24759601_binette_bin40.fasta	integron_01	k141_55805	attc_002	669	774	1	0.029	attC	attC	attc_4	CALIN	No	403.0	lin
SRR24759601_binette_bin40.fasta	integron_01	k141_55805	k141_55805_3	841	1020	-1	NA	protein	protein	NA	CALIN	No	NA	lin
SRR24759601_binette_bin59.fasta	integron_01	k141_87919	k141_87919_1	1	498	1	NA	protein	protein	NA	CALIN	No	NA	lin
SRR24759601_binette_bin59.fasta	integron_01	k141_87919	attc_001	502	567	-1	0.0052	attC	attC	attc_4	CALIN	No	NA	lin
SRR24759601_binette_bin59.fasta	integron_01	k141_87919	k141_87919_2	687	1070	1	NA	protein	protein	NA	CALIN	No	NA	lin
SRR24759601_binette_bin59.fasta	integron_01	k141_87919	attc_002	700	758	-1	0.00016	attC	attC	attc_4	CALIN	No	133.0	lin
SRR24759602_binette_bin20.fasta	integron_01	k141_446675	k141_446675_1	1	111	-1	NA	protein	protein	NA	CALIN	No	NA	lin
SRR24759602_binette_bin20.fasta	integron_01	k141_446675	k141_446675_2	108	1055	-1	NA	protein	protein	NA	CALIN	No	NA	lin
SRR24759602_binette_bin20.fasta	integron_01	k141_446675	attc_001	246	369	1	0.023	attC	attC	attc_4	CALIN	No	NA	lin
SRR24759602_binette_bin20.fasta	integron_01	k141_446675	k141_446675_3	1076	1915	-1	NA	protein	protein	NA	CALIN	No	NA	lin
SRR24759602_binette_bin20.fasta	integron_01	k141_446675	k141_446675_4	1926	2690	-1	NA	protein	protein	NA	CALIN	No	NA	lin
SRR24759602_binette_bin20.fasta	integron_01	k141_446675	attc_002	2334	2406	1	0.37	attC	attC	attc_4	CALIN	No	1965.0	lin
SRR24759602_binette_bin8.fasta	integron_01	k141_405288	k141_405288_1	2	2686	-1	NA	protein	protein	NA	CALIN	No	NA	lin
SRR24759602_binette_bin8.fasta	integron_01	k141_405288	attc_001	1392	1470	-1	0.6	attC	attC	attc_4	CALIN	No	NA	lin
SRR24759602_binette_bin8.fasta	integron_01	k141_405288	k141_405288_2	2720	3616	-1	NA	protein	protein	NA	CALIN	No	NA	lin
SRR24759602_binette_bin8.fasta	integron_01	k141_405288	attc_002	2790	2834	-1	0.016	attC	attC	attc_4	CALIN	No	1320.0	lin
SRR24759603_binette_bin35.fasta	integron_01	k141_264724	attc_001	970	1025	-1	0.0028	attC	attC	attc_4	CALIN	No	NA	lin
SRR24759603_binette_bin35.fasta	integron_01	k141_264724	attc_002	1970	2053	-1	0.049	attC	attC	attc_4	CALIN	No	945.0	lin
SRR24759603_binette_bin35.fasta	integron_01	k141_264724	attc_003	2951	3028	-1	0.65	attC	attC	attc_4	CALIN	No	898.0	lin
SRR24759603_binette_bin6.fasta	integron_01	k141_706105	k141_706105_1	146	1330	-1	NA	protein	protein	NA	CALIN	No	NA	lin
SRR24759603_binette_bin6.fasta	integron_01	k141_706105	attc_001	1380	1421	1	0.1	attC	attC	attc_4	CALIN	No	NA	lin
SRR24759603_binette_bin6.fasta	integron_01	k141_706105	k141_706105_2	1382	1693	-1	NA	protein	protein	NA	CALIN	No	NA	lin
SRR24759603_binette_bin6.fasta	integron_01	k141_706105	k141_706105_3	1683	1811	-1	NA	protein	protein	NA	CALIN	No	NA	lin
SRR24759603_binette_bin6.fasta	integron_01	k141_706105	k141_706105_4	2745	2843	-1	NA	protein	protein	NA	CALIN	No	NA	lin
SRR24759603_binette_bin6.fasta	integron_01	k141_706105	k141_706105_5	2959	3267	1	NA	protein	protein	NA	CALIN	No	NA	lin
SRR24759603_binette_bin6.fasta	integron_01	k141_706105	k141_706105_6	3552	3866	1	NA	protein	protein	NA	CALIN	No	NA	lin
SRR24759603_binette_bin6.fasta	integron_01	k141_706105	attc_002	4133	4256	1	0.074	attC	attC	attc_4	CALIN	No	2712.0	lin
SRR24759603_binette_bin6.fasta	integron_01	k141_255705	attc_001	1307	1361	-1	0.0048	attC	attC	attc_4	CALIN	No	NA	lin
SRR24759603_binette_bin6.fasta	integron_01	k141_255705	attc_002	1739	1785	-1	0.16	attC	attC	attc_4	CALIN	No	378.0	lin
SRR24759603_binette_bin6.fasta	integron_01	k141_709501	k141_709501_4	3975	4463	-1	NA	protein	protein	NA	CALIN	No	NA	lin
SRR24759603_binette_bin6.fasta	integron_01	k141_709501	attc_001	4263	4337	-1	0.56	attC	attC	attc_4	CALIN	No	NA	lin
SRR24759603_binette_bin6.fasta	integron_01	k141_709501	k141_709501_5	4488	5192	-1	NA	protein	protein	NA	CALIN	No	NA	lin
SRR24759603_binette_bin6.fasta	integron_01	k141_709501	k141_709501_6	5317	5565	1	NA	protein	protein	NA	CALIN	No	NA	lin
SRR24759603_binette_bin6.fasta	integron_01	k141_709501	attc_002	5384	5448	-1	0.043	attC	attC	attc_4	CALIN	No	1047.0	lin
SRR24759603_binette_bin6.fasta	integron_01	k141_266638	k141_266638_10	9062	10957	1	NA	protein	protein	NA	CALIN	No	NA	lin
SRR24759603_binette_bin6.fasta	integron_01	k141_266638	k141_266638_11	10957	11982	1	NA	protein	protein	NA	CALIN	No	NA	lin
SRR24759603_binette_bin6.fasta	integron_01	k141_266638	attc_001	10970	11015	-1	0.13	attC	attC	attc_4	CALIN	No	NA	lin
SRR24759603_binette_bin6.fasta	integron_01	k141_266638	k141_266638_12	11987	12520	1	NA	protein	protein	NA	CALIN	No	NA	lin
SRR24759603_binette_bin6.fasta	integron_01	k141_266638	k141_266638_13	12520	14814	1	NA	protein	protein	NA	CALIN	No	NA	lin
SRR24759603_binette_bin6.fasta	integron_01	k141_266638	attc_002	13539	13596	-1	0.0094	attC	attC	attc_4	CALIN	No	2524.0	lin
SRR24759604_binette_bin100.fasta	integron_01	k141_29265	attc_001	32	78	-1	0.0031	attC	attC	attc_4	CALIN	No	NA	lin
SRR24759604_binette_bin100.fasta	integron_01	k141_29265	attc_002	1105	1211	-1	0.083	attC	attC	attc_4	CALIN	No	1027.0	lin
SRR24759604_binette_bin100.fasta	integron_01	k141_29265	k141_29265_1	1146	1301	1	NA	protein	protein	NA	CALIN	No	NA	lin
SRR24759604_binette_bin36.fasta	integron_01	k141_855574	k141_855574_2	185	850	-1	NA	protein	protein	NA	CALIN	No	NA	lin
SRR24759604_binette_bin36.fasta	integron_01	k141_855574	attc_001	569	698	1	0.011	attC	attC	attc_4	CALIN	No	NA	lin
SRR24759604_binette_bin36.fasta	integron_01	k141_855574	k141_855574_3	861	1226	-1	NA	protein	protein	NA	CALIN	No	NA	lin
SRR24759604_binette_bin36.fasta	integron_01	k141_855574	attc_002	916	966	1	0.97	attC	attC	attc_4	CALIN	No	218.0	lin
SRR24759604_binette_bin42.fasta	integron_01	k141_146662	k141_146662_3	1982	2557	-1	NA	protein	protein	NA	CALIN	No	NA	lin
SRR24759604_binette_bin42.fasta	integron_01	k141_146662	attc_001	2294	2352	1	0.0017	attC	attC	attc_4	CALIN	No	NA	lin
SRR24759604_binette_bin42.fasta	integron_01	k141_146662	attc_002	2485	2550	1	0.028	attC	attC	attc_4	CALIN	No	133.0	lin
SRR24759604_binette_bin42.fasta	integron_01	k141_146662	k141_146662_4	2554	3189	-1	NA	protein	protein	NA	CALIN	No	NA	lin
SRR24759604_binette_bin58.fasta	integron_01	k141_473112	k141_473112_1	2	613	1	NA	protein	protein	NA	CALIN	No	NA	lin
SRR24759604_binette_bin58.fasta	integron_01	k141_473112	attc_001	128	304	-1	0.34	attC	attC	attc_4	CALIN	No	NA	lin
SRR24759604_binette_bin58.fasta	integron_01	k141_473112	k141_473112_2	717	2549	-1	NA	protein	protein	NA	CALIN	No	NA	lin
SRR24759604_binette_bin58.fasta	integron_01	k141_473112	attc_002	2334	2429	-1	0.0048	attC	attC	attc_4	CALIN	No	2030.0	lin
SRR24759605_binette_bin22.fasta	integron_01	k141_976114	k141_976114_1	1	1641	1	NA	protein	protein	NA	CALIN	No	NA	lin
SRR24759605_binette_bin22.fasta	integron_01	k141_976114	attc_001	26	204	-1	0.012	attC	attC	attc_4	CALIN	No	NA	lin
SRR24759605_binette_bin22.fasta	integron_01	k141_976114	attc_002	348	394	-1	0.73	attC	attC	attc_4	CALIN	No	144.0	lin
SRR24759606_binette_bin3.fasta	integron_01	k141_982870	k141_982870_8	9108	10034	1	NA	protein	protein	NA	CALIN	No	NA	lin
SRR24759606_binette_bin3.fasta	integron_01	k141_982870	attc_001	9342	9463	1	0.6	attC	attC	attc_4	CALIN	No	NA	lin
SRR24759606_binette_bin3.fasta	integron_01	k141_982870	k141_982870_9	10158	10865	1	NA	protein	protein	NA	CALIN	No	NA	lin
SRR24759606_binette_bin3.fasta	integron_01	k141_982870	k141_982870_10	10989	11426	1	NA	protein	protein	NA	CALIN	No	NA	lin
SRR24759606_binette_bin3.fasta	integron_01	k141_982870	k141_982870_11	11444	11965	1	NA	protein	protein	NA	CALIN	No	NA	lin
SRR24759606_binette_bin3.fasta	integron_01	k141_982870	attc_002	11492	11544	1	0.0011	attC	attC	attc_4	CALIN	No	2029.0	lin
SRR24759606_binette_bin37.fasta	integron_01	k141_924241	k141_924241_2	1171	3279	-1	NA	protein	protein	NA	CALIN	No	NA	lin
SRR24759606_binette_bin37.fasta	integron_01	k141_924241	attc_001	1614	1710	-1	0.12	attC	attC	attc_4	CALIN	No	NA	lin
SRR24759606_binette_bin37.fasta	integron_01	k141_924241	k141_924241_3	3313	3972	-1	NA	protein	protein	NA	CALIN	No	NA	lin
SRR24759606_binette_bin37.fasta	integron_01	k141_924241	attc_002	3365	3411	-1	0.62	attC	attC	attc_4	CALIN	No	1655.0	lin
SRR24759606_binette_bin46.fasta	integron_01	k141_630445	k141_630445_1	2	1099	1	NA	protein	protein	NA	CALIN	No	NA	lin
SRR24759606_binette_bin46.fasta	integron_01	k141_630445	attc_001	452	533	-1	0.66	attC	attC	attc_4	CALIN	No	NA	lin
SRR24759606_binette_bin46.fasta	integron_01	k141_630445	attc_002	1000	1093	-1	0.24	attC	attC	attc_4	CALIN	No	467.0	lin
SRR24759607_binette_bin26.fasta	integron_01	k141_225115	attc_001	1	67	-1	0.0068	attC	attC	attc_4	CALIN	No	NA	lin
SRR24759607_binette_bin26.fasta	integron_01	k141_225115	k141_225115_1	2	619	-1	NA	protein	protein	NA	CALIN	No	NA	lin
SRR24759607_binette_bin26.fasta	integron_01	k141_225115	attc_002	253	442	-1	0.63	attC	attC	attc_4	CALIN	No	186.0	lin
SRR24759607_binette_bin29.fasta	integron_01	k141_223346	k141_223346_1	1	591	1	NA	protein	protein	NA	CALIN	No	NA	lin
SRR24759607_binette_bin29.fasta	integron_01	k141_223346	attc_001	23	88	-1	0.009	attC	attC	attc_4	CALIN	No	NA	lin
SRR24759607_binette_bin29.fasta	integron_01	k141_223346	attc_002	221	279	-1	0.00054	attC	attC	attc_4	CALIN	No	133.0	lin
SRR24759607_binette_bin42.fasta	integron_01	k141_287593	k141_287593_2	3069	3704	1	NA	protein	protein	NA	CALIN	No	NA	lin
SRR24759607_binette_bin42.fasta	integron_01	k141_287593	k141_287593_3	3701	4276	1	NA	protein	protein	NA	CALIN	No	NA	lin
SRR24759607_binette_bin42.fasta	integron_01	k141_287593	attc_001	3708	3773	-1	0.025	attC	attC	attc_4	CALIN	No	NA	lin
SRR24759607_binette_bin42.fasta	integron_01	k141_287593	attc_002	3906	3964	-1	0.00074	attC	attC	attc_4	CALIN	No	133.0	lin
SRR24759607_binette_bin46.fasta	integron_01	k141_10933	k141_10933_1	1	1221	1	NA	protein	protein	NA	CALIN	No	NA	lin
SRR24759607_binette_bin46.fasta	integron_01	k141_10933	attc_001	765	913	-1	0.43	attC	attC	attc_4	CALIN	No	NA	lin
SRR24759607_binette_bin46.fasta	integron_01	k141_10933	attc_002	1235	1364	-1	0.022	attC	attC	attc_4	CALIN	No	322.0	lin
SRR24759607_binette_bin46.fasta	integron_01	k141_10933	k141_10933_2	1372	2385	1	NA	protein	protein	NA	CALIN	No	NA	lin
SRR24759608_binette_bin26.fasta	integron_01	k141_223282	k141_223282_21	13196	13498	-1	NA	protein	protein	NA	CALIN	No	NA	lin
SRR24759608_binette_bin26.fasta	integron_01	k141_223282	attc_001	13321	13394	-1	0.13	attC	attC	attc_4	CALIN	No	NA	lin
SRR24759608_binette_bin26.fasta	integron_01	k141_223282	k141_223282_22	13805	13912	-1	NA	protein	protein	NA	CALIN	No	NA	lin
SRR24759608_binette_bin26.fasta	integron_01	k141_223282	k141_223282_23	14046	16349	-1	NA	protein	protein	NA	CALIN	No	NA	lin
SRR24759608_binette_bin26.fasta	integron_01	k141_223282	attc_002	17251	17305	-1	0.1	attC	attC	attc_4	CALIN	No	3857.0	lin
SRR24759608_binette_bin26.fasta	integron_01	k141_502192	k141_502192_6	5316	9557	-1	NA	protein	protein	NA	CALIN	No	NA	lin
SRR24759608_binette_bin26.fasta	integron_01	k141_502192	attc_001	8464	8553	1	0.11	attC	attC	attc_4	CALIN	No	NA	lin
SRR24759608_binette_bin26.fasta	integron_01	k141_502192	k141_502192_7	9674	10366	-1	NA	protein	protein	NA	CALIN	No	NA	lin
SRR24759608_binette_bin26.fasta	integron_01	k141_502192	k141_502192_8	10511	11554	-1	NA	protein	protein	NA	CALIN	No	NA	lin
SRR24759608_binette_bin26.fasta	integron_01	k141_502192	attc_002	10775	10832	1	0.034	attC	attC	attc_4	CALIN	No	2222.0	lin
SRR24759608_binette_bin41.fasta	integron_01	k141_178024	k141_178024_2	708	1850	-1	NA	protein	protein	NA	CALIN	No	NA	lin
SRR24759608_binette_bin41.fasta	integron_01	k141_178024	attc_001	1040	1093	1	0.94	attC	attC	attc_4	CALIN	No	NA	lin
SRR24759608_binette_bin41.fasta	integron_01	k141_178024	attc_002	1698	1773	1	0.006	attC	attC	attc_4	CALIN	No	605.0	lin
SRR24759608_binette_bin66.fasta	integron_01	k141_558831	k141_558831_1	3	440	-1	NA	protein	protein	NA	CALIN	No	NA	lin
SRR24759608_binette_bin66.fasta	integron_01	k141_558831	attc_001	145	192	-1	0.0023	attC	attC	attc_4	CALIN	No	NA	lin
SRR24759608_binette_bin66.fasta	integron_01	k141_558831	k141_558831_2	449	1126	-1	NA	protein	protein	NA	CALIN	No	NA	lin
SRR24759608_binette_bin66.fasta	integron_01	k141_558831	attc_002	947	999	-1	0.71	attC	attC	attc_4	CALIN	No	755.0	lin
SRR24759609_binette_bin23.fasta	integron_01	k141_620106	attc_001	449	509	1	0.92	attC	attC	attc_4	CALIN	No	NA	lin
SRR24759609_binette_bin23.fasta	integron_01	k141_620106	k141_620106_2	504	1451	-1	NA	protein	protein	NA	CALIN	No	NA	lin
SRR24759609_binette_bin23.fasta	integron_01	k141_620106	attc_002	1202	1255	1	0.013	attC	attC	attc_4	CALIN	No	693.0	lin
SRR24759609_binette_bin23.fasta	integron_01	k141_28134	k141_28134_1	3	164	1	NA	protein	protein	NA	CALIN	No	NA	lin
SRR24759609_binette_bin23.fasta	integron_01	k141_28134	attc_001	5	65	1	0.0029	attC	attC	attc_4	CALIN	No	NA	lin
SRR24759609_binette_bin23.fasta	integron_01	k141_28134	k141_28134_2	363	1199	1	NA	protein	protein	NA	CALIN	No	NA	lin
SRR24759609_binette_bin23.fasta	integron_01	k141_28134	attc_002	648	710	1	0.039	attC	attC	attc_4	CALIN	No	583.0	lin
SRR24759609_binette_bin33.fasta	integron_01	k141_168885	attc_001	4035	4077	-1	0.056	attC	attC	attc_4	CALIN	No	NA	lin
SRR24759609_binette_bin33.fasta	integron_01	k141_168885	attc_002	5978	6025	-1	0.038	attC	attC	attc_4	CALIN	No	1901.0	lin
SRR24759609_binette_bin37.fasta	integron_01	k141_474093	attc_001	1994	2067	1	0.27	attC	attC	attc_4	CALIN	No	NA	lin
SRR24759609_binette_bin37.fasta	integron_01	k141_474093	attc_002	2237	2328	1	0.0065	attC	attC	attc_4	CALIN	No	170.0	lin
SRR24759609_binette_bin55.fasta	integron_01	k141_524215	attc_001	83	292	-1	0.14	attC	attC	attc_4	CALIN	No	NA	lin
SRR24759609_binette_bin55.fasta	integron_01	k141_524215	k141_524215_1	250	1077	-1	NA	protein	protein	NA	CALIN	No	NA	lin
SRR24759609_binette_bin55.fasta	integron_01	k141_524215	attc_002	720	817	-1	0.13	attC	attC	attc_4	CALIN	No	428.0	lin
SRR24759609_binette_bin7.fasta	integron_01	k141_779839	k141_779839_1	2	781	-1	NA	protein	protein	NA	CALIN	No	NA	lin
SRR24759609_binette_bin7.fasta	integron_01	k141_779839	attc_001	632	720	1	0.2	attC	attC	attc_4	CALIN	No	NA	lin
SRR24759609_binette_bin7.fasta	integron_01	k141_779839	k141_779839_2	850	1416	-1	NA	protein	protein	NA	CALIN	No	NA	lin
SRR24759609_binette_bin7.fasta	integron_01	k141_779839	k141_779839_3	1449	2123	-1	NA	protein	protein	NA	CALIN	No	NA	lin
SRR24759609_binette_bin7.fasta	integron_01	k141_779839	attc_002	1940	2028	1	0.0085	attC	attC	attc_4	CALIN	No	1220.0	lin
SRR24759610_binette_bin104.fasta	integron_01	k141_225520	k141_225520_1	1	342	1	NA	protein	protein	NA	CALIN	No	NA	lin
SRR24759610_binette_bin104.fasta	integron_01	k141_225520	attc_001	5	59	-1	0.4	attC	attC	attc_4	CALIN	No	NA	lin
SRR24759610_binette_bin104.fasta	integron_01	k141_225520	k141_225520_2	643	1146	1	NA	protein	protein	NA	CALIN	No	NA	lin
SRR24759610_binette_bin104.fasta	integron_01	k141_225520	attc_002	1196	1237	-1	0.81	attC	attC	attc_4	CALIN	No	1137.0	lin
SRR24759610_binette_bin104.fasta	integron_01	k141_225520	k141_225520_3	1223	2515	1	NA	protein	protein	NA	CALIN	No	NA	lin
SRR24759610_binette_bin2.fasta	integron_01	k141_463087	k141_463087_27	24500	25129	1	NA	protein	protein	NA	CALIN	No	NA	lin
SRR24759610_binette_bin2.fasta	integron_01	k141_463087	attc_001	24566	24700	-1	0.24	attC	attC	attc_4	CALIN	No	NA	lin
SRR24759610_binette_bin2.fasta	integron_01	k141_463087	k141_463087_28	25171	26046	-1	NA	protein	protein	NA	CALIN	No	NA	lin
SRR24759610_binette_bin2.fasta	integron_01	k141_463087	k141_463087_29	26080	26862	-1	NA	protein	protein	NA	CALIN	No	NA	lin
SRR24759610_binette_bin2.fasta	integron_01	k141_463087	k141_463087_30	26883	28286	-1	NA	protein	protein	NA	CALIN	No	NA	lin
SRR24759610_binette_bin2.fasta	integron_01	k141_463087	attc_002	27603	27745	-1	0.49	attC	attC	attc_4	CALIN	No	2903.0	lin
SRR24759610_binette_bin2.fasta	integron_01	k141_879829	k141_879829_8	6986	8614	-1	NA	protein	protein	NA	CALIN	No	NA	lin
SRR24759610_binette_bin2.fasta	integron_01	k141_879829	k141_879829_9	8692	9414	1	NA	protein	protein	NA	CALIN	No	NA	lin
SRR24759610_binette_bin2.fasta	integron_01	k141_879829	attc_001	8806	8849	1	0.6	attC	attC	attc_4	CALIN	No	NA	lin
SRR24759610_binette_bin2.fasta	integron_01	k141_879829	k141_879829_10	9507	10385	-1	NA	protein	protein	NA	CALIN	No	NA	lin
SRR24759610_binette_bin2.fasta	integron_01	k141_879829	k141_879829_11	10505	11050	-1	NA	protein	protein	NA	CALIN	No	NA	lin
SRR24759610_binette_bin2.fasta	integron_01	k141_879829	k141_879829_12	11175	11345	-1	NA	protein	protein	NA	CALIN	No	NA	lin
SRR24759610_binette_bin2.fasta	integron_01	k141_879829	k141_879829_13	11366	11518	-1	NA	protein	protein	NA	CALIN	No	NA	lin
SRR24759610_binette_bin2.fasta	integron_01	k141_879829	k141_879829_14	11804	12442	1	NA	protein	protein	NA	CALIN	No	NA	lin
SRR24759610_binette_bin2.fasta	integron_01	k141_879829	attc_002	12049	12113	1	0.36	attC	attC	attc_4	CALIN	No	3200.0	lin
SRR24759610_binette_bin43.fasta	integron_01	k141_591265	k141_591265_1	2	991	1	NA	protein	protein	NA	CALIN	No	NA	lin
SRR24759610_binette_bin43.fasta	integron_01	k141_591265	attc_001	313	370	1	0.65	attC	attC	attc_4	CALIN	No	NA	lin
SRR24759610_binette_bin43.fasta	integron_01	k141_591265	k141_591265_2	1101	2375	1	NA	protein	protein	NA	CALIN	No	NA	lin
SRR24759610_binette_bin43.fasta	integron_01	k141_591265	attc_002	1640	1682	1	0.045	attC	attC	attc_4	CALIN	No	1270.0	lin
SRR24759610_binette_bin54.fasta	integron_01	k141_792652	k141_792652_1	1	246	-1	NA	protein	protein	NA	CALIN	No	NA	lin
SRR24759610_binette_bin54.fasta	integron_01	k141_792652	attc_001	62	240	-1	0.43	attC	attC	attc_4	CALIN	No	NA	lin
SRR24759610_binette_bin54.fasta	integron_01	k141_792652	k141_792652_2	239	532	-1	NA	protein	protein	NA	CALIN	No	NA	lin
SRR24759610_binette_bin54.fasta	integron_01	k141_792652	k141_792652_3	567	734	-1	NA	protein	protein	NA	CALIN	No	NA	lin
SRR24759610_binette_bin54.fasta	integron_01	k141_792652	k141_792652_4	738	965	-1	NA	protein	protein	NA	CALIN	No	NA	lin
SRR24759610_binette_bin54.fasta	integron_01	k141_792652	k141_792652_5	1094	1372	-1	NA	protein	protein	NA	CALIN	No	NA	lin
SRR24759610_binette_bin54.fasta	integron_01	k141_792652	k141_792652_6	1536	1697	1	NA	protein	protein	NA	CALIN	No	NA	lin
SRR24759610_binette_bin54.fasta	integron_01	k141_792652	k141_792652_7	1707	2165	1	NA	protein	protein	NA	CALIN	No	NA	lin
SRR24759610_binette_bin54.fasta	integron_01	k141_792652	attc_002	2470	2518	-1	0.011	attC	attC	attc_4	CALIN	No	2230.0	lin
SRR24759610_binette_bin72.fasta	integron_01	k141_652997	k141_652997_1	113	748	1	NA	protein	protein	NA	CALIN	No	NA	lin
SRR24759610_binette_bin72.fasta	integron_01	k141_652997	k141_652997_2	745	1089	1	NA	protein	protein	NA	CALIN	No	NA	lin
SRR24759610_binette_bin72.fasta	integron_01	k141_652997	attc_001	752	817	-1	0.007	attC	attC	attc_4	CALIN	No	NA	lin
SRR24759610_binette_bin72.fasta	integron_01	k141_652997	attc_002	950	1008	-1	0.00043	attC	attC	attc_4	CALIN	No	133.0	lin
SRR24759611_binette_bin42.fasta	integron_01	k141_755140	k141_755140_1	3	431	-1	NA	protein	protein	NA	CALIN	No	NA	lin
SRR24759611_binette_bin42.fasta	integron_01	k141_755140	k141_755140_2	444	1064	-1	NA	protein	protein	NA	CALIN	No	NA	lin
SRR24759611_binette_bin42.fasta	integron_01	k141_755140	attc_001	521	687	-1	0.013	attC	attC	attc_4	CALIN	No	NA	lin
SRR24759611_binette_bin42.fasta	integron_01	k141_755140	attc_002	802	904	-1	0.67	attC	attC	attc_4	CALIN	No	115.0	lin
SRR24759611_binette_bin45.fasta	integron_01	k141_823772	k141_823772_3	2149	2886	-1	NA	protein	protein	NA	CALIN	No	NA	lin
SRR24759611_binette_bin45.fasta	integron_01	k141_823772	attc_001	2625	2682	-1	0.17	attC	attC	attc_4	CALIN	No	NA	lin
SRR24759611_binette_bin45.fasta	integron_01	k141_823772	attc_002	2806	2876	-1	0.1	attC	attC	attc_4	CALIN	No	124.0	lin
SRR24759611_binette_bin45.fasta	integron_01	k141_823772	k141_823772_4	2883	3359	-1	NA	protein	protein	NA	CALIN	No	NA	lin
SRR24759611_binette_bin71.fasta	integron_01	k141_541615	k141_541615_1	3	3275	1	NA	protein	protein	NA	CALIN	No	NA	lin
SRR24759611_binette_bin71.fasta	integron_01	k141_541615	attc_001	1157	1205	1	0.22	attC	attC	attc_4	CALIN	No	NA	lin
SRR24759611_binette_bin71.fasta	integron_01	k141_541615	attc_002	1649	1709	1	0.064	attC	attC	attc_4	CALIN	No	444.0	lin
SRR24759611_binette_bin71.fasta	integron_01	k141_541615	attc_003	2217	2284	1	0.66	attC	attC	attc_4	CALIN	No	508.0	lin
SRR24759611_binette_bin71.fasta	integron_01	k141_541615	attc_004	3119	3173	1	0.83	attC	attC	attc_4	CALIN	No	835.0	lin
SRR24759612_binette_bin19.fasta	integron_01	k141_207268	k141_207268_3	1781	2257	1	NA	protein	protein	NA	CALIN	No	NA	lin
SRR24759612_binette_bin19.fasta	integron_01	k141_207268	k141_207268_4	2254	2991	1	NA	protein	protein	NA	CALIN	No	NA	lin
SRR24759612_binette_bin19.fasta	integron_01	k141_207268	attc_001	2264	2334	1	0.099	attC	attC	attc_4	CALIN	No	NA	lin
SRR24759612_binette_bin19.fasta	integron_01	k141_207268	attc_002	2458	2515	1	0.16	attC	attC	attc_4	CALIN	No	124.0	lin
SRR24759612_binette_bin35.fasta	integron_01	k141_602202	k141_602202_1	1	468	1	NA	protein	protein	NA	CALIN	No	NA	lin
SRR24759612_binette_bin35.fasta	integron_01	k141_602202	attc_001	356	433	-1	0.078	attC	attC	attc_4	CALIN	No	NA	lin
SRR24759612_binette_bin35.fasta	integron_01	k141_602202	attc_002	525	571	-1	0.0005	attC	attC	attc_4	CALIN	No	92.0	lin
SRR24759612_binette_bin35.fasta	integron_01	k141_602202	k141_602202_2	727	936	1	NA	protein	protein	NA	CALIN	No	NA	lin
SRR24759612_binette_bin38.fasta	integron_01	k141_558383	k141_558383_1	1	2019	-1	NA	protein	protein	NA	CALIN	No	NA	lin
SRR24759612_binette_bin38.fasta	integron_01	k141_558383	attc_001	1882	1984	-1	0.98	attC	attC	attc_4	CALIN	No	NA	lin
SRR24759612_binette_bin38.fasta	integron_01	k141_558383	k141_558383_2	1979	3271	-1	NA	protein	protein	NA	CALIN	No	NA	lin
SRR24759612_binette_bin38.fasta	integron_01	k141_558383	k141_558383_3	3668	3916	-1	NA	protein	protein	NA	CALIN	No	NA	lin
SRR24759612_binette_bin38.fasta	integron_01	k141_558383	k141_558383_4	4851	7769	-1	NA	protein	protein	NA	CALIN	No	NA	lin
SRR24759612_binette_bin38.fasta	integron_01	k141_558383	attc_002	5825	5939	-1	0.12	attC	attC	attc_4	CALIN	No	3841.0	lin
SRR24759612_binette_bin38.fasta	integron_01	k141_558383	attc_003	7224	7292	-1	0.28	attC	attC	attc_4	CALIN	No	1285.0	lin
SRR24759612_binette_bin39.fasta	integron_01	k141_234909	attc_001	1	50	-1	0.45	attC	attC	attc_4	CALIN	No	NA	lin
SRR24759612_binette_bin39.fasta	integron_01	k141_234909	k141_234909_1	3	1376	1	NA	protein	protein	NA	CALIN	No	NA	lin
SRR24759612_binette_bin39.fasta	integron_01	k141_234909	attc_002	1076	1168	-1	0.65	attC	attC	attc_4	CALIN	No	1026.0	lin
SRR24759613_binette_bin21.fasta	integron_01	k141_400494	k141_400494_2	216	635	-1	NA	protein	protein	NA	CALIN	No	NA	lin
SRR24759613_binette_bin21.fasta	integron_01	k141_400494	attc_001	450	501	1	0.61	attC	attC	attc_4	CALIN	No	NA	lin
SRR24759613_binette_bin21.fasta	integron_01	k141_400494	attc_002	614	657	1	0.39	attC	attC	attc_4	CALIN	No	113.0	lin
SRR24759613_binette_bin21.fasta	integron_01	k141_400494	attc_003	771	814	1	0.044	attC	attC	attc_4	CALIN	No	114.0	lin
SRR24759613_binette_bin21.fasta	integron_01	k141_400494	k141_400494_3	786	2321	-1	NA	protein	protein	NA	CALIN	No	NA	lin
SRR24759613_binette_bin21.fasta	integron_01	k141_400494	attc_004	1157	1230	1	0.88	attC	attC	attc_4	CALIN	No	343.0	lin
SRR24759613_binette_bin22.fasta	integron_01	k141_342859	k141_342859_1	2	379	1	NA	protein	protein	NA	CALIN	No	NA	lin
SRR24759613_binette_bin22.fasta	integron_01	k141_342859	attc_001	297	364	-1	0.48	attC	attC	attc_4	CALIN	No	NA	lin
SRR24759613_binette_bin22.fasta	integron_01	k141_342859	k141_342859_2	390	1055	1	NA	protein	protein	NA	CALIN	No	NA	lin
SRR24759613_binette_bin22.fasta	integron_01	k141_342859	attc_002	542	671	-1	0.0025	attC	attC	attc_4	CALIN	No	178.0	lin
SRR24759613_binette_bin22.fasta	integron_01	k141_734755	k141_734755_1	1	99	-1	NA	protein	protein	NA	CALIN	No	NA	lin
SRR24759613_binette_bin22.fasta	integron_01	k141_734755	attc_001	270	356	1	0.00055	attC	attC	attc_4	CALIN	No	NA	lin
SRR24759613_binette_bin22.fasta	integron_01	k141_734755	k141_734755_2	292	987	-1	NA	protein	protein	NA	CALIN	No	NA	lin
SRR24759613_binette_bin22.fasta	integron_01	k141_734755	attc_002	924	996	1	0.23	attC	attC	attc_4	CALIN	No	568.0	lin
SRR24759613_binette_bin22.fasta	integron_01	k141_734755	k141_734755_3	987	1418	-1	NA	protein	protein	NA	CALIN	No	NA	lin
SRR24759613_binette_bin22.fasta	integron_01	k141_164509	k141_164509_1	2	1072	1	NA	protein	protein	NA	CALIN	No	NA	lin
SRR24759613_binette_bin22.fasta	integron_01	k141_164509	attc_001	516	619	1	0.0001	attC	attC	attc_4	CALIN	No	NA	lin
SRR24759613_binette_bin22.fasta	integron_01	k141_164509	attc_002	808	863	1	0.44	attC	attC	attc_4	CALIN	No	189.0	lin
SRR24759613_binette_bin22.fasta	integron_01	k141_164509	attc_003	930	977	1	0.23	attC	attC	attc_4	CALIN	No	67.0	lin
SRR24759613_binette_bin22.fasta	integron_01	k141_164509	k141_164509_2	1081	2013	1	NA	protein	protein	NA	CALIN	No	NA	lin
SRR24759613_binette_bin30.fasta	integron_01	k141_141413	k141_141413_5	2551	3300	-1	NA	protein	protein	NA	CALIN	No	NA	lin
SRR24759613_binette_bin30.fasta	integron_01	k141_141413	attc_001	2866	2986	1	0.061	attC	attC	attc_4	CALIN	No	NA	lin
SRR24759613_binette_bin30.fasta	integron_01	k141_141413	k141_141413_6	3327	4445	-1	NA	protein	protein	NA	CALIN	No	NA	lin
SRR24759613_binette_bin30.fasta	integron_01	k141_141413	attc_002	3473	3552	1	0.27	attC	attC	attc_4	CALIN	No	487.0	lin
SRR24759613_binette_bin37.fasta	integron_01	k141_214033	k141_214033_2	289	864	-1	NA	protein	protein	NA	CALIN	No	NA	lin
SRR24759613_binette_bin37.fasta	integron_01	k141_214033	attc_001	601	659	1	0.0031	attC	attC	attc_4	CALIN	No	NA	lin
SRR24759613_binette_bin37.fasta	integron_01	k141_214033	attc_002	792	857	1	0.032	attC	attC	attc_4	CALIN	No	133.0	lin
SRR24759613_binette_bin37.fasta	integron_01	k141_214033	k141_214033_3	861	1496	-1	NA	protein	protein	NA	CALIN	No	NA	lin
SRR24759614_binette_bin35.fasta	integron_01	k141_26722	k141_26722_3	2806	5106	1	NA	protein	protein	NA	CALIN	No	NA	lin
SRR24759614_binette_bin35.fasta	integron_01	k141_26722	attc_001	5214	5258	1	0.8	attC	attC	attc_4	CALIN	No	NA	lin
SRR24759614_binette_bin35.fasta	integron_01	k141_26722	k141_26722_4	5426	6064	1	NA	protein	protein	NA	CALIN	No	NA	lin
SRR24759614_binette_bin35.fasta	integron_01	k141_26722	k141_26722_5	6097	6792	1	NA	protein	protein	NA	CALIN	No	NA	lin
SRR24759614_binette_bin35.fasta	integron_01	k141_26722	k141_26722_6	6882	7541	1	NA	protein	protein	NA	CALIN	No	NA	lin
SRR24759614_binette_bin35.fasta	integron_01	k141_26722	k141_26722_7	7575	9683	1	NA	protein	protein	NA	CALIN	No	NA	lin
SRR24759614_binette_bin35.fasta	integron_01	k141_26722	attc_002	9144	9240	1	0.26	attC	attC	attc_4	CALIN	No	3886.0	lin
SRR24759614_binette_bin63.fasta	integron_01	k141_681096	k141_681096_3	1145	2371	1	NA	protein	protein	NA	CALIN	No	NA	lin
SRR24759614_binette_bin63.fasta	integron_01	k141_681096	attc_001	1576	1663	-1	0.38	attC	attC	attc_4	CALIN	No	NA	lin
SRR24759614_binette_bin63.fasta	integron_01	k141_681096	attc_002	2278	2365	-1	0.0098	attC	attC	attc_4	CALIN	No	615.0	lin
SRR24759615_binette_bin24.fasta	integron_01	k141_57740	k141_57740_1	2	916	1	NA	protein	protein	NA	CALIN	No	NA	lin
SRR24759615_binette_bin24.fasta	integron_01	k141_57740	attc_001	165	218	-1	0.016	attC	attC	attc_4	CALIN	No	NA	lin
SRR24759615_binette_bin24.fasta	integron_01	k141_57740	attc_002	607	679	-1	0.56	attC	attC	attc_4	CALIN	No	389.0	lin
SRR24759615_binette_bin28.fasta	integron_01	k141_114332	k141_114332_4	1401	1832	1	NA	protein	protein	NA	CALIN	No	NA	lin
SRR24759615_binette_bin28.fasta	integron_01	k141_114332	attc_001	1691	1747	1	0.015	attC	attC	attc_4	CALIN	No	NA	lin
SRR24759615_binette_bin28.fasta	integron_01	k141_114332	k141_114332_5	1848	2183	-1	NA	protein	protein	NA	CALIN	No	NA	lin
SRR24759615_binette_bin28.fasta	integron_01	k141_114332	k141_114332_6	2207	2347	-1	NA	protein	protein	NA	CALIN	No	NA	lin
SRR24759615_binette_bin28.fasta	integron_01	k141_114332	attc_002	2276	2349	1	0.19	attC	attC	attc_4	CALIN	No	529.0	lin
SRR24759615_binette_bin48.fasta	integron_01	k141_927501	k141_927501_1	2	82	1	NA	protein	protein	NA	CALIN	No	NA	lin
SRR24759615_binette_bin48.fasta	integron_01	k141_927501	attc_001	58	106	-1	0.013	attC	attC	attc_4	CALIN	No	NA	lin
SRR24759615_binette_bin48.fasta	integron_01	k141_927501	attc_002	809	855	-1	0.016	attC	attC	attc_4	CALIN	No	703.0	lin
SRR24759615_binette_bin48.fasta	integron_01	k141_927501	k141_927501_2	850	1119	-1	NA	protein	protein	NA	CALIN	No	NA	lin
SRR24759615_binette_bin51.fasta	integron_01	k141_409414	k141_409414_3	2525	4270	1	NA	protein	protein	NA	CALIN	No	NA	lin
SRR24759615_binette_bin51.fasta	integron_01	k141_409414	attc_001	2563	2614	-1	0.34	attC	attC	attc_4	CALIN	No	NA	lin
SRR24759615_binette_bin51.fasta	integron_01	k141_409414	attc_002	3506	3682	-1	0.16	attC	attC	attc_4	CALIN	No	892.0	lin
SRR24759615_binette_bin52.fasta	integron_01	k141_621278	k141_621278_3	1943	2518	-1	NA	protein	protein	NA	CALIN	No	NA	lin
SRR24759615_binette_bin52.fasta	integron_01	k141_621278	attc_001	2255	2313	1	0.0017	attC	attC	attc_4	CALIN	No	NA	lin
SRR24759615_binette_bin52.fasta	integron_01	k141_621278	attc_002	2446	2511	1	0.027	attC	attC	attc_4	CALIN	No	133.0	lin
SRR24759615_binette_bin52.fasta	integron_01	k141_621278	k141_621278_4	2515	3150	-1	NA	protein	protein	NA	CALIN	No	NA	lin
SRR24759615_binette_bin83.fasta	integron_01	k141_940267	k141_940267_3	320	1417	1	NA	protein	protein	NA	CALIN	No	NA	lin
SRR24759615_binette_bin83.fasta	integron_01	k141_940267	attc_001	542	598	1	0.44	attC	attC	attc_4	CALIN	No	NA	lin
SRR24759615_binette_bin83.fasta	integron_01	k141_940267	attc_002	871	1057	1	0.00051	attC	attC	attc_4	CALIN	No	273.0	lin
SRR24759615_binette_bin83.fasta	integron_01	k141_940267	attc_003	1412	1465	1	0.68	attC	attC	attc_4	CALIN	No	355.0	lin
SRR24759615_binette_bin83.fasta	integron_01	k141_940267	k141_940267_4	1427	1624	1	NA	protein	protein	NA	CALIN	No	NA	lin
SRR24759616_binette_bin30.fasta	integron_01	k141_930391	k141_930391_1	1	1587	1	NA	protein	protein	NA	CALIN	No	NA	lin
SRR24759616_binette_bin30.fasta	integron_01	k141_930391	attc_001	36	99	1	0.76	attC	attC	attc_4	CALIN	No	NA	lin
SRR24759616_binette_bin30.fasta	integron_01	k141_930391	attc_002	336	478	1	0.016	attC	attC	attc_4	CALIN	No	237.0	lin
SRR24759616_binette_bin30.fasta	integron_01	k141_930391	k141_930391_2	1597	2139	1	NA	protein	protein	NA	CALIN	No	NA	lin
SRR24759616_binette_bin30.fasta	integron_01	k141_930391	attc_003	1921	2030	1	0.86	attC	attC	attc_4	CALIN	No	1443.0	lin
SRR24759616_binette_bin30.fasta	integron_01	k141_930391	k141_930391_3	2152	2331	1	NA	protein	protein	NA	CALIN	No	NA	lin
