Genome	ERR9966616	ERR9966617	ERR9966618	ERR9966619	ERR9966620	ERR9966621	ERR9966622	ERR9966623	ERR9966624	ERR9966625	ERR9966626	ERR9966627	ERR9966628	ERR9966629
ERR9966616_bin_10	0.36277783	0.2187763	0.22507325	0.39991686	0.011404756	0	0	0.007638811	0.11444787	0.0064033964	0	0	0	0
ERR9966616_bin_138	0.18771717	0.09710349	0.093743354	0.19830109	0	0	0	0	0.07475244	0.0029479833	0	0	0	0
ERR9966616_bin_168	0.60342443	0.50292295	0.5131733	0.6222745	0	0	0	0	0.24820922	0.03324465	0.022294031	0	0	0
ERR9966616_bin_17	0.1851399	0.0931708	0.05893334	0.20096414	0	0	0	0	0.055885024	0.002455539	0	0	0	0
ERR9966616_bin_302	0.13176106	0.06470994	0.0434167	0.13651162	0	0	0	0	0.03896491	0	0	0	0	0
ERR9966616_bin_38	0.19232404	0.10505196	0.020827942	0.13353024	0	0	0	0	0.051133245	0	0	0	0	0
ERR9966616_bin_47	0.37556934	0.2777001	0.19725427	0.3646998	0	0	0	0	0.15565996	0.013507127	0	0	0	0
ERR9966616_bin_5	1.725829	0.99444294	0.7597627	1.6865252	0	0	0	0	0.5169251	0.01588564	0	0	0	0
ERR9966616_bin_50	0.8286362	0.41802776	0.25019518	0.97536486	0	0	0	0	0.270373	0.010471179	0	0	0	0
ERR9966616_bin_55	0.8079878	0.41499433	0.27422488	0.67010844	0	0.002933382	0	0.37539616	0.2553496	0.012172076	0.0023750018	0	0	0
ERR9966616_bin_7	0.26786423	0.14772387	0.042545516	0.27994698	0	0	0	0	0.08415201	0	0	0	0	0
ERR9966616_bin_77	0.2832717	1.5671388	2.2541573	0.07466976	0.0119352415	0.002477344	0	0	0.20859244	0.02908739	0.013010349	0	0	0.003964817
ERR9966616_bin_92	0.15992111	0.07800019	0.05491319	0.17165963	0	0	0	0	0.046274792	0.0020121636	0	0	0	0
ERR9966617_bin_59	0.31437677	0.4688406	0.6929329	0.31873783	0	0	0	0	0.2017915	0.05954152	0.044797495	0	0	0
ERR9966619_bin_103	0	0	0	0.07037972	0	0	0	0	0	0	0	0	0	0
ERR9966619_bin_134	0	0	0	0.08763186	0.029653447	0.06354322	0.023160908	0.1300325	0.04167248	0.028423859	0.036558397	0.026693879	0.051410075	0.013668439
ERR9966619_bin_15	0	0	0	0.3087756	0.1089807	0.39440867	0.07122754	0.20712319	0.082288	0.14513257	0.23255366	0.17662884	0.51459855	0.05466841
ERR9966619_bin_170	0.16578108	0.09116623	0.03616168	0.19998534	0	0	0	0	0.05802027	0.007877541	0	0	0	0
ERR9966619_bin_246	0.16143326	0.08465863	0.05318671	0.20504417	0	0	0	0	0.04951009	0	0	0	0	0
ERR9966619_bin_298	0	0	0	0.101146884	0.054732263	0.07956578	0.031556617	0.14536329	0.058219478	0.041278243	0.048593003	0.034989145	0.057517916	0.021724539
ERR9966619_bin_328	0.24363334	0.12541725	0.09698001	0.3309513	0	0	0	0	0.07901754	0.0039452263	0	0	0	0
ERR9966619_bin_352	0.16335396	0.10491071	0.047524247	0.19817357	0	0	0	0	0.056909762	0.007723007	0	0	0	0
ERR9966619_bin_48	0.01699044	0.018235967	0.0049571074	0.30091763	0.22530124	0.48386705	0.11002204	0.30699095	0.3840877	0.21504974	0.15897098	0.105822414	0.27278757	0.073863134
ERR9966619_bin_50	0.5330645	0.29591036	0.2495679	0.7136448	0.054931156	0.026747776	0.007839401	0.03022632	0.19194154	0.01952056	0.0097326385	0.011446976	0.022331784	0.0155095635
ERR9966619_bin_58	0.017831028	0	0	0.21201216	0.23960893	0.36593273	0.13266796	0.3508782	0.36341196	0.24695723	0.1597071	0.08791504	0.11053713	0.0750985
ERR9966619_bin_59	0.0142346285	0	0.009594992	0.08593404	0	0	0	0.016954575	0.04167286	0.033746205	0	0	0	0
ERR9966619_bin_63	0.2723753	0.14105926	0.081502154	0.41648516	0	0	0	0	0.096057326	0.01466974	0	0	0	0
ERR9966619_bin_79	0	0	0	0.10178824	0.0585448	0.18745455	0.057173982	0.16671094	0.085222624	0.13781789	0.054155916	0.031140009	0.035602372	0.05729708
ERR9966619_bin_83	0.19146186	0.09895129	0.058747035	0.2731166	0	0	0	0	0.074373215	0.0074363532	0	0	0	0
ERR9966620_bin_1002	0	0	0	0.07401186	0.45774764	0.1429739	0.30993292	0.7145806	0.13851483	0.23499382	0.32087544	0.3740582	0.3260495	0.18379569
ERR9966620_bin_1091	0	0	0	0.013337487	0.09680061	0.027123854	0.06271088	0.061605617	0.0130651435	0.028496465	0.054290816	0.06605644	0.063007034	0.028732061
ERR9966620_bin_1469	0	0	0	0.018136496	0.11890099	0.043497358	0.100903876	0.095308624	0.017932083	0.056642268	0.095944494	0.11203898	0.09934039	0.048219055
ERR9966620_bin_16	0	0	0	0	0.81223905	0	0	0	0	0	0	0	0	0
ERR9966620_bin_19	0	0	0	0.05251495	0.3919885	0.085467376	0.14163992	0.12932757	0.029452251	0.08979664	0.13786387	0.15408145	0.19906718	0.10149756
ERR9966620_bin_31	0	0	0	0.014296753	0.26435778	0.05898272	0.25406253	0.03989299	0.013708957	0.06481645	0.18866286	0.28010753	0.20739494	0.07182984
ERR9966620_bin_676	0	0	0	0.024826279	0.09259906	0.030581318	0.09581857	0.06370968	0.015903674	0.04743764	0.08164892	0.11183019	0.082140535	0.032803122
ERR9966620_bin_7	0.27223575	3.8521218	1.5270383	0.061932143	0.2904087	0.2343878	0.15955219	0.09676916	0.47727162	0.178986	0.16461089	0.060306758	0.1231764	0.16672307
ERR9966620_bin_86	0.011689706	0.009456527	0.006246402	0.033008367	0.17133574	0.060503416	0.031635683	0.08475551	0.10433234	0.06353071	0.03914889	0.04565944	0.054803573	0.04183127
ERR9966621_bin_1050	0	0	0	0.021550523	0.042445086	0.054410256	0.076156884	0.07188475	0.021968776	0.03774687	0.06461949	0.07222302	0.06078688	0.029846242
ERR9966621_bin_1098	0	0	0	0.07811967	0.046429053	0.10150296	0.04242722	0.25407067	0.07955738	0.038942967	0.06102441	0.045471676	0.05765384	0.0247412
ERR9966621_bin_1212	0	0	0	0.029325059	0.036609806	0.05230444	0.05912795	0.088637926	0.031428035	0.028241063	0.057580728	0.063381106	0.055493034	0.02774493
ERR9966621_bin_1406	0	0	0	0.020603599	0.047783554	0.058996398	0.10178698	0.07216571	0.02205851	0.040107854	0.07477501	0.08468755	0.0738059	0.034944896
ERR9966621_bin_1706	0	0	0	0.07134471	0.036780763	0.093012825	0.035148885	0.2229438	0.06275321	0.034208238	0.052377433	0.03776501	0.05464853	0.021195345
ERR9966621_bin_22	0	0	0	0.012905803	0.008894872	0.20557238	0.01289993	0.21036567	0.3181723	0.15530337	0.077946104	0.07555065	0.37220085	0.3712115
ERR9966621_bin_285	0	0	0	0.011532573	0.048514422	0.049138766	0.107356936	0.034522377	0.01232046	0.03837291	0.07287576	0.0838229	0.07200855	0.034920342
ERR9966621_bin_537	0	0	0	0.05959217	0.038592745	0.078820735	0.047210086	0.19459482	0.054337755	0.031439014	0.05249212	0.042092785	0.049175046	0.022386046
ERR9966621_bin_599	0	0	0	0.07175888	0.0402518	0.09253057	0.037969727	0.23017101	0.06561059	0.03634342	0.05476591	0.039951667	0.050807577	0.022936633
ERR9966621_bin_6584	0	0	0	0.11161665	0.08342992	0.21075374	0.108176395	0.2772067	0.12573771	0.12743732	0.10982095	0.089577265	0.118475884	0.0853912
ERR9966623_bin_17123	0	0	0	0.029761618	0.014526102	0.015599041	0.009357876	0.30625394	0.019746188	0.015244653	0.016157977	0.014580365	0.019176839	0.011336754
ERR9966623_bin_1792	0	0	0	0.09672612	0.04920532	0.09901226	0.046151582	0.3395912	0.092128396	0.044004045	0.068226345	0.047696017	0.06426574	0.027852522
ERR9966623_bin_4963	0	0	0	0.0373959	0.020661054	0.03714605	0.016104152	0.27098662	0.029905675	0.01699251	0.028426021	0.021357793	0.030290581	0.016549177
ERR9966623_bin_8232	0	0	0	0.08824838	0.055110916	0.097212	0.041763205	0.36759254	0.085868336	0.04563666	0.06754822	0.046548933	0.062489286	0.027874002
ERR9966623_bin_8245	0	0	0	0.03914112	0.03137227	0.043627836	0.023845138	0.2905839	0.041751735	0.026262818	0.03448298	0.026200313	0.0359919	0.020800123
ERR9966624_bin_1915	0	0	0	0	0	0	0	0.006908909	0.14159147	0.0075422884	0.010140483	0.003731123	0.012917257	0.0041104746
ERR9966624_bin_2443	0.36837283	0.31852084	0.44193944	0.52269405	0.15616144	0.09532272	0.04485279	0.2813385	0.3487055	0.069364175	0.07431487	0.07319061	0.05802761	0.045304716
ERR9966624_bin_2591	0	0	0	0.05351857	0.030324461	0.058672063	0.030378599	0.18514992	0.09428893	0.028973073	0.03906527	0.027161267	0.035969988	0.01739632
ERR9966624_bin_2717	0	0	0	0.079470724	0.04340359	0.08852437	0.037201244	0.27384198	0.10169161	0.037528843	0.05904188	0.039461672	0.0530448	0.022444343
ERR9966624_bin_2765	0	0	0	0	0	0	0	0	0.1630029	0	0.001881924	0	0.005061063	0
ERR9966624_bin_3347	0	0	0	0	0	0	0	0.008494484	0.14247967	0	0.0032510115	0	0.0056002643	0
ERR9966624_bin_349	0	0	0	0	0	0	0	0.0053550308	0.14849323	0.007589396	0.010838534	0.003927292	0.013440676	0.0037716334
ERR9966624_bin_3643	0.31839895	0.2636584	0.19300833	0.3438472	0.03137418	0.053566303	0.013804304	0.07094418	0.21830636	0.03386272	0.025349312	0.013159189	0.030103652	0.04006294
ERR9966624_bin_404	0	0	0	0	0	0	0	0	0.16256544	0	0.0017925785	0	0.0051353034	0
ERR9966624_bin_516	0	0	0	0	0	0	0	0	0.14927179	0	0.0019241367	0	0.0049562287	0
ERR9966625_bin_113	0	0	0.0020477937	0.0050134356	0.014996951	0.010300338	0.03557935	0.014251587	0.006728967	0.06917632	0.009208493	0.0062278206	0.0088436445	0.0036330055
ERR9966625_bin_115	0	0	0	0	0.00854331	0.008510121	0.03988211	0.009236977	0	0.06769585	0.032673445	0.046673	0.026913604	0.014564359
ERR9966625_bin_129	0	0	0	0.014745669	0.0146255875	0.019090718	0.020786997	0.05527773	0.012483767	0.056883402	0.038693942	0.035820067	0.030988755	0.009659886
ERR9966625_bin_133	0	0	0	0.057688918	0.12386977	0.18419889	0.16959015	0.1492772	0.17352411	0.2881671	0.16180566	0.08688326	0.11052221	0.09788914
ERR9966625_bin_1350	0.0024350134	0	0.008183014	0.0076201996	0.04399479	0.020671783	0.03887082	0.0284235	0.0137863215	0.11006069	0.0088218255	0.009128361	0.013325757	0.003634236
ERR9966625_bin_153	0	0	0.0026559934	0	0.014369062	0.0056712916	0.05074296	0.0072977813	0.0035401916	0.06450099	0.0041382243	0	0	0
ERR9966625_bin_214	0	0	0.0025230586	0.016371058	0.0296475	0.048647467	0.0051706587	0.005685319	0.010279134	0.13978767	0.011756768	0.008615882	0.014413723	0.0019769862
ERR9966625_bin_263	0	0	0	0.0069767595	0.010435126	0.008328396	0.012748091	0.026411727	0	0.10934395	0.03245954	0.0822831	0.05636328	0.011786402
ERR9966625_bin_267	0	0	0	0.007518956	0.013545752	0.014314495	0.027456015	0.03341667	0.009100697	0.07700237	0.025863584	0.032650605	0.03553706	0.017895103
ERR9966625_bin_269	0	0	0	0.03504942	0.021909136	0.056420267	0.03912948	0.029215116	0	0.0823327	0.07567697	0.074109115	0.11431984	0.012709035
ERR9966625_bin_291	0	0	0	0.049660247	0.037695196	0.054844376	0.045572516	0.16327989	0.044419717	0.05122534	0.05488911	0.048920892	0.05147522	0.02279713
ERR9966625_bin_299	0	0	0	0.02987131	0.027231032	0.03550502	0.036273926	0.099062145	0.02790268	0.07177226	0.049006186	0.06631754	0.056064986	0.0196362
ERR9966625_bin_301	0	0	0.0024874173	0	0.017992664	0.005022865	0.04854604	0.012728637	0.0046409266	0.06897187	0.0077739097	0	0.0069474573	0.003449549
ERR9966625_bin_32	0	0	0	0.015665427	0.01609709	0.019805325	0.023046061	0.05467367	0.012744816	0.091270365	0.041723017	0.07275847	0.054079413	0.013025757
ERR9966625_bin_335	0	0	0	0.002732912	0.00957332	0	0.009208607	0.015245035	0	0.24880753	0.056542996	0.1840964	0.121168755	0.016870305
ERR9966625_bin_35	0	0	0	0.009051353	0.012353848	0.015655264	0.019162891	0.028579317	0.011554689	0.076342255	0.01966613	0.021210935	0.027299877	0.01723231
ERR9966625_bin_38	0	0	0	0.006823762	0.01090516	0.013907278	0.018926555	0.022162363	0.008596868	0.0842616	0.016736804	0.016416203	0.02604814	0.016193159
ERR9966625_bin_393	0	0	0	0	0.008246981	0	0.008312103	0.012253249	0	0.20254996	0.04601943	0.14895873	0.09801614	0.01407392
ERR9966625_bin_41	0	0	0	0.0140318	0.012571539	0.017963689	0.019859148	0.057751033	0.012852116	0.056413777	0.045258135	0.037233323	0.029930167	0.008865703
ERR9966625_bin_412	0	0	0	0	0.006562126	0	0.005983109	0.010437038	0	0.17352517	0.0386998	0.12721734	0.08649655	0.012198324
ERR9966625_bin_45	0	0	0	0.0288014	0.04446404	0.044627327	0.066093296	0.103734195	0.028017052	0.057078347	0.06770448	0.072466806	0.06624242	0.030097276
ERR9966625_bin_54	0	0	0	0.023120167	0.029225832	0.03336754	0.036970645	0.06649922	0.02250714	0.06159737	0.031406924	0.030533405	0.033098783	0.014437561
ERR9966625_bin_60	0	0	0	0.04779447	0.041583132	0.05915442	0.051509585	0.16216847	0.045781787	0.055475663	0.062380467	0.058356635	0.058341	0.026269631
ERR9966625_bin_89	0	0	0	0.0056279777	0.005858895	0.012084507	0.0071825674	0.015018888	0.008861845	0.08296695	0.008522014	0.0072965855	0.019321077	0.013233195
ERR9966625_bin_93	0	0	0	0.009219853	0.018614298	0.024656238	0.012704637	0.009917891	0.008900308	0.10012626	0.016880676	0.014937317	0.02028846	0.008832446
ERR9966625_bin_97	0	0	0	0.006040088	0.008102793	0.009578452	0.017033383	0.032222405	0	0.05992065	0.040844504	0.033593114	0.026046835	0.0066766418
ERR9966626_bin_113	0	0	0	0	0.043179944	0.061228458	0.08806661	0	0	0.12500203	0.14050704	0.062097833	0.037221104	0.023021637
ERR9966626_bin_121	0	0	0	0.04066833	0.08944271	0.15380058	0.058612686	0.16479026	0.08428026	0.16599014	0.1248072	0.060326517	0.06031045	0.060570944
ERR9966626_bin_124	0	0	0	0.08455802	0.20243718	0.09085519	0.37589234	0.29979202	0.061234012	0.20981018	0.3195261	0.29082367	0.19540797	0.13480836
ERR9966626_bin_126	0	0	0	0.09822445	0.12813431	0.19540909	0.20514975	0.19878225	0.094627105	0.2405231	0.24315038	0.19913642	0.28394133	0.13768195
ERR9966626_bin_129	0	0	0	0.03847989	0.07785907	0.07604324	0.049174894	0.18458569	0.04960945	0.12175446	0.11898606	0.11950747	0.10095649	0.07648155
ERR9966626_bin_1332	0	0	0	0.007230538	0.06434523	0.03713335	0.11255069	0.031936537	0	0.05418353	0.11690215	0.12978353	0.0995976	0.046867654
ERR9966626_bin_1501	0	0	0	0.07341397	0.054162398	0.09671851	0.05694159	0.2562508	0.073632285	0.053037055	0.08690091	0.066539235	0.075327806	0.031224174
ERR9966626_bin_165	0	0	0	0.017738236	0.020369839	0.024682945	0.025206259	0.069128774	0.014592359	0.048812523	0.06245613	0.046244055	0.03932631	0.012092532
ERR9966626_bin_1669	0	0	0	0	0.020700004	0.009053514	0.03414588	0.010129352	0	0.016490191	0.051645402	0.055379275	0.03143561	0.013730018
ERR9966626_bin_1726	0	0	0	0.042523243	0.0629238	0.0669948	0.08987644	0.148592	0.042733584	0.053951785	0.104744904	0.09820403	0.08917617	0.04021323
ERR9966626_bin_1866	0	0	0	0	0.06392098	0.031386584	0.112599015	0.013445428	0	0.05398062	0.11422924	0.12588078	0.099504925	0.045197595
ERR9966626_bin_19	0	0	0	0.022843052	0.049513217	0.038759924	0.0809982	0.08998706	0.024276264	0.095457606	0.12914675	0.10799745	0.06924815	0.03359814
ERR9966626_bin_2059	0	0	0	0.012458016	0.023790797	0.02173753	0.033644527	0.048106965	0.012368294	0.03430118	0.061790287	0.051306248	0.037923697	0.017372917
ERR9966626_bin_22	0	0	0	0.015016373	0.08338319	0.04675759	0.09326498	0.026085552	0.008081259	0.10051781	0.15547557	0.13401681	0.08464353	0.051522687
ERR9966626_bin_2267	0	0	0	0	0.060166515	0.031162255	0.10649319	0.0076245265	0	0.049374312	0.10435881	0.1168405	0.09904602	0.04395985
ERR9966626_bin_2272	0	0	0	0.048112247	0.05144139	0.06571851	0.0699435	0.16736205	0.047081593	0.049928863	0.09063914	0.08306891	0.077441074	0.03449722
ERR9966626_bin_24	0	0	0	0.06663369	0.1840409	0.2130736	0.2270288	0.08515548	0.18768445	0.24051172	0.21645088	0.21639219	0.18498729	0.14850226
ERR9966626_bin_2432	0	0	0	0.012472838	0.013858158	0.016154997	0.015601046	0.05418481	0.014189692	0.0687224	0.054703437	0.0657358	0.04678001	0.010434311
ERR9966626_bin_25	0	0	0	0.037536997	0.16527078	0.22256917	0.37719673	0.17221515	0.07057983	0.354897	0.40885246	0.36197856	0.2388752	0.22973369
ERR9966626_bin_259	0	0	0	0.040207263	0.056486078	0.06018709	0.080009244	0.13455996	0.03789375	0.05485934	0.0951613	0.09442085	0.08589705	0.03636762
ERR9966626_bin_2992	0	0	0	0.044453695	0.026394587	0.028404474	0.0353257	0.07040914	0.024519928	0.06433222	0.06823905	0.06618308	0.056833144	0.018620437
ERR9966626_bin_34	0	0	0	0.019836165	0.022709992	0.024697183	0.041643016	0.06341335	0.012694904	0.03290794	0.06252925	0.055769864	0.051271036	0.027036624
ERR9966626_bin_36	0	0	0	0.044518437	0.26921237	0.023787018	0.20040457	0.20077354	0.09709306	0.13939302	0.31214193	0.38562384	0.21236026	0.16866302
ERR9966626_bin_37	0	0	0	0.10169227	0.110377006	0.16474424	0.09413633	0.14636844	0.022281498	0.13077559	0.21175288	0.15885404	0.23471351	0.04356177
ERR9966626_bin_38	0	0	0	0.03870868	0.1961759	0.092869624	0.2397984	0.11828413	0.037735473	0.15627854	0.25486407	0.24943091	0.17984474	0.1265359
ERR9966626_bin_40	11.839216	6.3133035	4.7650604	13.794552	3.6033423	2.620305	4.463877	7.059808	6.1952095	4.0517488	5.446892	5.5783906	4.8385663	2.9401667
ERR9966626_bin_4681	0	0	0	0.01751986	0.050971918	0.034603328	0.048889786	0.115827434	0.02280152	0.05853618	0.08479646	0.07358693	0.05927059	0.028615534
ERR9966626_bin_479	0	0	0	0.00929286	0.06995852	0.04087187	0.1218435	0.03692177	0	0.05975927	0.12593578	0.13958892	0.11364092	0.04984497
ERR9966626_bin_48	0	0	0	0.018102381	0.036826715	0.030333769	0.04440396	0.063245125	0.02411674	0.04677079	0.07212405	0.054198593	0.05180919	0.0268922
ERR9966626_bin_51	0	0	0	0.015633332	0.104090594	0.079804614	0.26305708	0.08083485	0.01630235	0.13389713	0.26369807	0.24728233	0.1293303	0.11421165
ERR9966626_bin_5617	0	0	0	0.009621292	0.03050424	0.014788816	0.04090767	0.039654482	0.0075044795	0.11579774	0.07642458	0.12554735	0.08438056	0.022692343
ERR9966626_bin_57	0	0	0	0	0	0	0	0	0	0.005738535	0.07014829	0	0	0
ERR9966626_bin_60	0	0	0	0.04050859	0.14882092	0.05657745	0.1807005	0.11974855	0.06143258	0.14653799	0.2486566	0.18795787	0.1471919	0.101421535
ERR9966626_bin_61	0	0	0	0.01530523	0.043786004	0.025494147	0.042483885	0.049568247	0.0180532	0.065853454	0.08109098	0.127935	0.109293625	0.029270401
ERR9966626_bin_69	0	0	0	0.008833513	0.011900171	0.014729703	0.035658844	0.031935573	0	0.043293215	0.05976256	0.04699647	0.03935045	0.015376489
ERR9966626_bin_70	0	0	0	0.032812215	0.053800825	0.019815072	0.052965008	0.030609539	0.2647846	0.061157662	0.10215133	0.084652394	0.054909907	0.042711414
ERR9966626_bin_74	0	0	0	0.06132162	0.07987367	0.091861024	0.06577412	0.21602227	0.24921142	0.09967536	0.13969813	0.0642933	0.07537872	0.07952281
ERR9966626_bin_792	0	0	0	0.0439489	0.039588198	0.05563999	0.04510428	0.152559	0.04335671	0.043234408	0.07416252	0.05658424	0.05628342	0.022787448
ERR9966626_bin_90	0	0	0	0.014463866	0.022030238	0.021495016	0.029470414	0.11205051	0.11580965	0.06655757	0.06519923	0.062295064	0.05618273	0.023509702
ERR9966626_bin_93	0	0	0.0075110407	0.005247783	0.011065298	0.009310845	0.0027831988	0.0140194	0.13482253	0.026492687	0.065427706	0.028525313	0.021654041	0.020557577
ERR9966626_bin_97	0	0	0	0.017103946	0.07814051	0.051336154	0.11533781	0.049126077	0.030304395	0.09729762	0.1520303	0.12267197	0.07617446	0.04990207
ERR9966626_bin_977	0	0	0.0032861233	0.016900945	1.0058087	0.05616797	0.0061061215	2.1923974	0.057771735	0.016839202	0.16649283	0.027836824	0.026528474	0.0049103885
ERR9966627_bin_1000	0	0	0	0.025356757	0.0986718	0.10083427	0.08850342	0.07105702	0.18660009	0.09181204	0.13150531	0.1718614	0.11886314	0.09006702
ERR9966627_bin_11	0	0	0	0.005208601	0.013866168	0.005753395	0.016339812	0.017526276	0.025274457	0.01910156	0.025567977	0.07516443	0.024932709	0.032789268
ERR9966627_bin_1226	0	0	0	0.016466614	0.084601775	0.041752223	0.06274134	0.17013167	0.031298593	0.05266871	0.07015875	0.111772664	0.07026345	0.03372268
ERR9966627_bin_171	0	0	0	0.014677686	0.04884101	0.02990144	0.07155447	0.0531991	0.013333057	0.09149499	0.078593224	0.13394578	0.09407209	0.038211446
ERR9966627_bin_2078	0	0	0	0.008106426	0.035125136	0.012722324	0.061293814	0.030797336	0.013842399	0.017585311	0.039946083	0.08997697	0.05115379	0.01773098
ERR9966627_bin_208	0	0	0	0	0.037760217	0.0028746503	0.07536807	0	0	0.00814025	0.0341008	0.096953556	0.053142175	0.016451865
ERR9966627_bin_265	0	0	0	0.026971715	0.056799877	0.048083704	0.0823679	0.095004976	0.02622885	0.05484713	0.08613623	0.11416472	0.08494758	0.036308393
ERR9966627_bin_325	0	0	0	0.009563034	0.042447828	0.020056576	0.035395984	0.039219502	0.008726391	0.11647242	0.05577881	0.12971696	0.08427572	0.024739712
ERR9966627_bin_336	0	0	0	0.015228698	0.041711953	0.024005797	0.04369325	0.10274794	0.011828899	0.07286042	0.052211	0.10472987	0.06811988	0.026877819
ERR9966627_bin_391	0	0	0	0.016852032	0.02196433	0.02075957	0.032995097	0.062120784	0.0154485395	0.033048622	0.03818109	0.073851086	0.04340791	0.015552538
ERR9966627_bin_517	0	0	0	0.011072233	0.040315427	0.032908794	0.060439937	0.04534215	0.0094452845	0.056701522	0.055362053	0.10880712	0.06615422	0.025438387
ERR9966627_bin_594	0	0	0	0.011011387	0.08209462	0.032022808	0.14844356	0.03580306	0.16804387	0.062199395	0.12860018	0.17982733	0.13954413	0.07009226
ERR9966627_bin_61	0	0	0	0	0	0.003615761	0.0027332173	0	0.016317533	0.0053137694	0.016476722	0.07696853	0	0
ERR9966627_bin_616	0	0	0	0	0.026248468	0.011100935	0.044866852	0.020962337	0	0.019385636	0.037671473	0.08168151	0.039679218	0.017100219
ERR9966627_bin_63	0	0	0	0.046671096	0.027511498	0.05374164	0.048533656	0.038211446	0.007355153	0.051153973	0.056461163	0.11035527	0.112794295	0.028195772
ERR9966627_bin_639	0	0	0	0.01307867	0.07208426	0.07853152	0.14096266	0.038060658	0.034186088	0.10327751	0.34748885	0.28795147	0.13557974	0.06747468
ERR9966627_bin_671	0	0	0	0.11694033	0.31751236	0.2945005	0.31939638	0.2913595	0.10987037	0.68923175	0.4553514	0.54397094	0.4834477	0.19226067
ERR9966627_bin_712	0	0	0	0.018900272	0.05727801	0.041992333	0.09000074	0.067680016	0.018844947	0.054521695	0.088313244	0.12025281	0.088875204	0.038864966
ERR9966627_bin_716	0	0	0	0	0.045038797	0.007679724	0.0833946	0.013419494	0	0.018942228	0.048723865	0.11979498	0.06594393	0.026559325
ERR9966627_bin_720	0	0	0	0.007301763	0.02047428	0.0114485575	0.029177139	0.028872347	0	0.16533384	0.058455683	0.15382014	0.09888157	0.021125155
ERR9966627_bin_724	0	0	0	0.06314093	0.049308255	0.07524975	0.05027221	0.21048357	0.06085077	0.05249803	0.069971405	0.08365085	0.06887932	0.02885317
ERR9966627_bin_728	0	0	0	0.0055213748	0.043891445	0.018091546	0.0840897	0.021838	0	0.034432482	0.06082372	0.109095186	0.070982546	0.02722992
ERR9966627_bin_736	0	0	0	0	0.044523153	0.015839811	0.09329551	0.010070019	0	0.04454624	0.071988374	0.12636329	0.07989216	0.030360242
ERR9966627_bin_740	0	0	0	0	0.063265234	0.032450277	0.12071166	0.0173363	0	0.060994286	0.10348624	0.14489296	0.10473257	0.04708225
ERR9966627_bin_744	0	0	0	0	0.037018582	0	0.085779265	0	0	0.00643421	0.03309808	0.10003327	0.05394524	0.016351705
ERR9966627_bin_748	0	0	0	0	0.011126691	0	0.0154463155	0.01246114	0	0.22043324	0.05756271	0.17403546	0.11139202	0.01810174
ERR9966627_bin_78	0	0	0	0	0.017388418	0.0044478923	0.032813266	0	0	0.030226288	0.03368426	0.08820561	0.039613865	0.022495665
ERR9966627_bin_793	0	0	0	0	0.040555406	0.014019388	0.06811362	0.022977464	0	0.025910432	0.05277171	0.103906415	0.056503616	0.023618475
ERR9966627_bin_820	0	0	0	0.009771498	0.058393683	0.007013878	0.06644011	0.025041008	0	0.031868838	0.08031211	0.14913498	0.085160844	0.0374509
ERR9966627_bin_821	0	0	0	0.0117585715	0.030950407	0.08779584	0.045447882	0.055520978	0.08675876	0.041573584	0.059008982	0.0958639	0.04846644	0.022686128
ERR9966627_bin_825	0	0	0	0.022099644	0.10356533	0.06484981	0.1237923	0.10248751	0.04954911	0.100277014	0.1431138	0.20400892	0.15457426	0.090327404
ERR9966627_bin_841	0	0	0	0.015128207	0.09921163	0.04407399	0.1378125	0.121271096	0.044127118	0.13128646	0.15366268	0.25577334	0.17029159	0.06890987
ERR9966627_bin_908	0	0	0	0	0.04412654	0.007226593	0.07454518	0	0	0.06585133	0.069986485	0.1506209	0.07693881	0.032944493
ERR9966628_bin_16	0	0	0	0.008022428	0.066743	0.043638572	0.22006677	0.025892852	0.01703425	0.13810603	0.2515513	0.15185586	0.14481823	0.035387315
ERR9966628_bin_23	0	0	0	0.0057946793	0.010181928	0.012321322	0.016996529	0	0	0.010772102	0.0070097153	0.0155809615	0.07307466	0.010914376
ERR9966628_bin_230	0	0	0	0.04238226	0.0056585674	0.045243133	0.0074063865	0.0072886543	0	0.011769631	0.02339034	0.021572998	0.09061676	0.003053423
ERR9966628_bin_2436	0	0	0	0.036327377	0.035764787	0.046173684	0.04245737	0.11927347	0.036043495	0.035315294	0.04844513	0.052386153	0.06741059	0.020783642
ERR9966628_bin_2534	0	0	0	0	0.0373291	0.0029417858	0.068186454	0	0	0.008737564	0.030664304	0.07306542	0.06699357	0.015805217
ERR9966628_bin_3175	0	0	0	0	0.062044706	0.028984513	0.107444435	0.006655393	0	0.049937487	0.097112596	0.118674606	0.10545119	0.043077786
ERR9966628_bin_3376	0	0	0	0.042128183	0.044247735	0.056757558	0.056831572	0.14660436	0.042469203	0.042301476	0.06544078	0.06608721	0.07663038	0.027205765
ERR9966628_bin_3418	0	0	0	0.022461597	0.010976825	0.027668666	0.012564936	0.046452906	0.010740485	0.0135624735	0.021014612	0.017517352	0.08052472	0.0073372964
ERR9966628_bin_44	0	0	0	0.025588304	0.037633087	0.025116436	0.037387863	0.074134804	0.017688815	0.11031872	0.05426041	0.09894012	0.09456608	0.023876816
ERR9966628_bin_5118	0	0	0	0.04305483	0.03200424	0.047977574	0.031412862	0.078744486	0.023281977	0.05017768	0.04798198	0.059154186	0.10514025	0.01709093
ERR9966628_bin_5209	0	0	0	0.02632349	0.015127999	0.028467076	0.018233702	0.057661504	0.012865834	0.038744487	0.027771695	0.03984157	0.08552787	0.0123158395
ERR9966628_bin_548	0	0	0	0.044571202	0.006067164	0.043413743	0.008250802	0.006521242	0	0.01125436	0.026615573	0.022846451	0.09209611	0.0026649404
ERR9966628_bin_68	0	0	0	0.017492915	0.033114955	0.026040308	0.042429347	0.07426625	0.31871292	0.03836098	0.04306955	0.062637255	0.09342964	0.036291525
ERR9966628_bin_903	0	0	0	0	0.036691554	0	0.072264455	0	0	0.0062984647	0.033507966	0.08204421	0.06875869	0.015365189
ERR9966628_bin_94	0	0	0	0	0	0.015503287	0	0.0118507845	0.0220815	0.011793385	0.0075425147	0.008022063	0.13986473	0.029479071
ERR9966628_bin_9656	0	0	0	0.0088812355	0.060164295	0.021911362	0.10287018	0.052371796	0	0.03737131	0.07535623	0.12092073	0.109206066	0.033416018
ERR9966629_bin_102	0	0	0	0	0	0	0	0	0	0	0	0	0	0.040778257
ERR9966629_bin_10805	0	0	0	0.11803555	0.04019077	0.039460547	0.07589686	0.14914756	0.052084614	0.06855165	0.05691327	0.09807309	0.08623159	0.09813925
ERR9966629_bin_1352	0	0	0	0	0.07338298	0.035173364	0.13583387	0.00931381	0	0.06207353	0.12315646	0.15150431	0.117895655	0.06369288
ERR9966629_bin_1408	0	0	0	0	0.07127516	0.03546844	0.13641049	0.009376124	0	0.06061393	0.12133571	0.1504543	0.11666656	0.062963545
ERR9966629_bin_1422	0	0	0	0	0.072246954	0.035834357	0.13772787	0.007873786	0	0.060869697	0.121649936	0.15005602	0.11719106	0.064317614
ERR9966629_bin_1443	0	0	0	0	0.0721886	0.036613274	0.13559921	0.008692296	0	0.060417827	0.121506214	0.15166707	0.118767604	0.06465226
ERR9966629_bin_1471	0	0	0	0	0.07156816	0.034844108	0.13505213	0.008875517	0	0.060954157	0.11971282	0.14992778	0.118165344	0.06357694
ERR9966629_bin_1485	0	0	0	0	0.071020536	0.036752958	0.13344441	0.012889948	0	0.062421508	0.12189505	0.15073776	0.118528046	0.065015666
ERR9966629_bin_1492	0	0	0	0	0.072366625	0.037563287	0.14145228	0.00848648	0	0.06394327	0.12522286	0.15602517	0.1218063	0.06699006
ERR9966629_bin_15	0	0	0	0.008315942	0.03164864	0.035849866	0.03920504	0.14238541	0.0069507044	0.058245476	0.058572084	0.045270965	0.05093223	0.105278686
ERR9966629_bin_1506	0	0	0	0	0.07772414	0.037900124	0.14724159	0.009374806	0	0.06474294	0.1293412	0.1621402	0.12622903	0.06575386
ERR9966629_bin_1541	0	0	0	0	0.07334259	0.03685239	0.1385731	0.009516903	0	0.059906214	0.12419807	0.15367016	0.115936995	0.0642612
ERR9966629_bin_1548	0	0	0	0	0.07044948	0.035366595	0.13050097	0.009385828	0	0.05867496	0.115934	0.144192	0.113728724	0.06391612
ERR9966629_bin_1569	0	0	0	0	0.07509265	0.038097996	0.14302829	0.009958135	0	0.06496856	0.12738511	0.15680692	0.12414468	0.06626278
ERR9966629_bin_15813	0	0	0	0.070726104	0.18786737	0.106024265	0.18145439	0.43107116	0.091190405	0.16015546	0.20385954	0.24674675	0.23982896	0.22795118
ERR9966629_bin_1583	0	0	0	0	0.067521274	0.036467906	0.12947854	0.008226378	0	0.05961713	0.11671306	0.15239681	0.113813475	0.06422496
ERR9966629_bin_1597	0	0	0	0	0.056833055	0.029301303	0.112757884	0.0062839477	0	0.055961546	0.101626836	0.12916157	0.095098354	0.05592179
ERR9966629_bin_199	0	0	0	0	0.03663808	0.023532493	0.064521715	0.016785448	0.01657612	0.028695602	0.055422325	0.06951192	0.055297356	0.061618526
ERR9966629_bin_2368	0	0	0.005815007	0.032286037	0.09128435	0.15003012	0.07732002	0.09033782	0.16482362	0.09280289	0.0902453	0.08896549	0.12603575	0.20600536
ERR9966629_bin_2487	0	0	0	0.9993767	0.16227616	0.09006043	0.19464101	0.19057289	0.42781547	0.1397642	0.21160842	0.2484821	0.22756362	0.1797982
ERR9966629_bin_25257	0	0	0	0.015374275	0.052567646	0.041138034	0.06969261	0.049678024	0.055114493	0.042393297	0.06659957	0.079771586	0.07158755	0.08204576
ERR9966629_bin_47	0	0	0	0.010161137	0.050624263	0.021325283	0.04780555	0.090612516	0.015433529	0.054681618	0.05065878	0.09485752	0.082635954	0.10765889
ERR9966629_bin_4769	0	0	0	0.008800861	0.032703668	0.025020538	0.05309961	0.033422194	0.017030375	0.026231293	0.049149223	0.0603857	0.05055108	0.05697966
ERR9966629_bin_49	0	0	0	0.029014118	0.28821626	0.17339692	0.36457512	0.06847427	0.045032173	0.35536703	0.3033134	0.3291005	0.28715017	0.21701294
ERR9966629_bin_5695	0	0	0	0.008938109	0.020536736	0.018442832	0.030397668	0.030416002	0.015872505	0.01582607	0.028774934	0.03814535	0.033057243	0.052633986
ERR9966629_bin_5949	0	0	0	0	0.02449698	0.013916091	0.04361112	0.039479032	0.012143285	0.01612968	0.03940602	0.051001024	0.034694403	0.047609936
ERR9966629_bin_64	0	0	0	0.004598233	0.014595389	0.036688577	0.027363185	0.05240596	0.022348344	0.013250856	0.009767881	0.022901407	0.023604104	0.06944962
ERR9966629_bin_70	0	0	0	0	0.026162144	0.007851411	0.07478017	0	0	0.020535553	0.04776675	0.057879593	0.048026722	0.069515735
ERR9966629_bin_75	0	0	0	0.015103433	0.042774368	0.36326227	0.4508618	0.15209697	0.0822664	0.17896548	0.13969666	0.10405382	0.1340212	0.13843048
ERR9966629_bin_80	0	0	0	0.02526019	0.19317813	0.17071812	0.15727966	0.09521144	0.05373806	0.34597483	0.17633215	0.2595142	0.21125373	0.16883728
ERR9966629_bin_85	0	0	0	0	0.007296608	0.0031901754	0.0044748583	0	0.00438379	0.0039842697	0.005614473	0.011536119	0.013185569	0.053140882
ERR9966629_bin_9074	0	0	0	0.007810242	0.018299708	0.018583184	0.027942596	0.03112156	0.042859644	0.016101005	0.02678491	0.038321227	0.031373974	0.04816306
ERR9966629_bin_9198	0	0	0	0.0104749175	0.04802519	0.030128127	0.02982493	0.048240684	0.010561982	0.042735506	0.06480719	0.10513587	0.07023121	0.07678235
ERR9966629_bin_9956	0	0	0	0.007761033	0.021415079	0.017717771	0.029720128	0.027782854	0.012926094	0.018685559	0.028523117	0.03801703	0.028204976	0.047082048
ERR9966629_bin_9959	0	0	0	0	0.02189152	0.012822491	0.02380833	0.022736263	0.0074169603	0.013364095	0.024111763	0.034388013	0.029317291	0.04407686
unmapped	78.980896	82.83402	86.91283	70.47578	82.867714	86.70154	80.982025	74.15367	81.150856	81.02176	77.94079	75.854004	78.482285	87.84305
