Name	Completeness	Contamination	Completeness_Model_Used	Translation_Table_Used	Coding_Density	Contig_N50	Average_Gene_Length	Genome_Size	GC_Content	Total_Coding_Sequences	Total_Contigs	Max_Contig_Length	Additional_Notes
SRR22878281_binette_bin1.fasta	99.99	0.0	Neural Network (Specific Model)	11	0.918	62265	320.005265005265	2973852	0.57	2849	82	125449	None
SRR22878281_binette_bin110.fasta	38.42	2.9	Neural Network (Specific Model)	11	0.932	1291	202.15341285619616	1958063	0.63	3018	1481	3748	None
SRR22878281_binette_bin111.fasta	33.85	0.61	Neural Network (Specific Model)	11	0.911	1983	266.6135871916919	2025120	0.52	2311	1064	8324	None
SRR22878281_binette_bin112.fasta	42.95	5.65	Neural Network (Specific Model)	11	0.901	1518	210.5134380453752	2001790	0.47	2865	1263	13073	None
SRR22878281_binette_bin113.fasta	34.74	1.13	Neural Network (Specific Model)	11	0.912	1973	247.4774825174825	2902501	0.55	3575	1563	7104	None
SRR22878281_binette_bin114.fasta	32.97	1.12	Neural Network (Specific Model)	11	0.889	1941	224.6063579277865	1926785	0.56	2548	976	28517	None
SRR22878281_binette_bin115.fasta	31.51	0.1	Neural Network (Specific Model)	11	0.91	1496	233.58004158004158	1849184	0.63	2405	1220	4714	None
SRR22878281_binette_bin116.fasta	32.19	0.45	Neural Network (Specific Model)	11	0.895	1414	205.0650925335035	1074082	0.39	1567	746	3517	None
SRR22878281_binette_bin117.fasta	37.19	3.21	Neural Network (Specific Model)	11	0.875	1402	202.75251421075646	1585340	0.46	2287	1106	4921	None
SRR22878281_binette_bin118.fasta	42.8	7.11	Gradient Boost (General Model)	11	0.934	4020	291.4799658994032	2191809	0.62	2346	558	7652	None
SRR22878281_binette_bin130.fasta	27.87	2.55	Neural Network (Specific Model)	11	0.894	1629	241.31851028349084	1453097	0.55	1799	904	4920	None
SRR22878281_binette_bin134.fasta	25.28	1.81	Neural Network (Specific Model)	11	0.902	1269	182.4636572302984	1580310	0.54	2614	1213	3348	None
SRR22878281_binette_bin136.fasta	22.2	0.82	Neural Network (Specific Model)	11	0.818	2828	222.8204565408253	1855424	0.46	2278	788	27143	None
SRR22878281_binette_bin137.fasta	18.88	0.52	Neural Network (Specific Model)	11	0.878	2672	195.08671065032988	702969	0.4	1061	296	24943	None
SRR22878281_binette_bin138.fasta	20.92	1.02	Neural Network (Specific Model)	11	0.902	1328	202.45212355212354	1737669	0.33	2590	1261	4348	None
SRR22878281_binette_bin139.fasta	21.57	1.76	Neural Network (Specific Model)	11	0.859	2890	220.24190647482015	1705677	0.46	2224	665	26147	None
SRR22878281_binette_bin140.fasta	20.48	1.02	Neural Network (Specific Model)	11	0.858	1587	205.45697030699546	1423896	0.44	1987	910	7196	None
SRR22878281_binette_bin141.fasta	18.52	0.06	Neural Network (Specific Model)	11	0.908	1377	204.20723684210526	817240	0.57	1216	581	3646	None
SRR22878281_binette_bin142.fasta	18.95	0.51	Neural Network (Specific Model)	11	0.922	1312	240.6961561928005	1280438	0.54	1639	948	3924	None
SRR22878281_binette_bin143.fasta	18.57	0.71	Neural Network (Specific Model)	11	0.968	1786	486.1568075117371	1602912	0.56	1065	885	13374	None
SRR22878281_binette_bin146.fasta	17.75	1.01	Neural Network (Specific Model)	11	0.921	1438	231.49643874643874	1056472	0.57	1404	730	4640	None
SRR22878281_binette_bin148.fasta	16.25	0.03	Neural Network (Specific Model)	11	0.881	2179	230.54137115839242	331334	0.48	423	158	10548	None
SRR22878281_binette_bin149.fasta	28.77	6.5	Neural Network (Specific Model)	11	0.929	7057	294.7247347850363	1702506	0.46	1791	262	37456	None
SRR22878281_binette_bin160.fasta	13.88	0.15	Neural Network (Specific Model)	11	0.796	1872	178.6211251435132	584193	0.39	871	321	9679	None
SRR22878281_binette_bin161.fasta	14.58	0.09	Neural Network (Specific Model)	11	0.9	1558	225.12771996215704	791491	0.53	1057	508	5045	None
SRR22878281_binette_bin162.fasta	15.77	1.11	Neural Network (Specific Model)	11	0.877	1933	215.45044319097502	911738	0.46	1241	492	22467	None
SRR22878281_binette_bin163.fasta	15.52	1.08	Neural Network (Specific Model)	11	0.829	3297	257.35023041474653	201775	0.5	217	63	5947	None
SRR22878281_binette_bin164.fasta	22.5	4.88	Neural Network (Specific Model)	11	0.914	1345	226.65625	213940	0.47	288	154	4917	None
SRR22878281_binette_bin165.fasta	13.4	0.37	Neural Network (Specific Model)	11	0.877	1209	184.50092421441775	680354	0.4	1082	532	7701	None
SRR22878281_binette_bin166.fasta	18.08	2.81	Neural Network (Specific Model)	11	0.921	2731	244.1898454746137	719168	0.46	906	271	6364	None
SRR22878281_binette_bin167.fasta	13.06	0.15	Neural Network (Specific Model)	11	0.915	1303	221.04615384615386	939019	0.59	1300	697	4607	None
SRR22878281_binette_bin168.fasta	12.88	0.51	Neural Network (Specific Model)	11	0.81	7243	240.5784469096672	1122679	0.45	1262	182	33651	None
SRR22878281_binette_bin169.fasta	12.39	0.22	Neural Network (Specific Model)	11	0.884	1666	251.75386779184248	605802	0.51	711	368	3655	None
SRR22878281_binette_bin182.fasta	11.51	0.57	Neural Network (Specific Model)	11	0.91	31302	213.37659963436928	382802	0.33	547	39	73887	None
SRR22878281_binette_bin183.fasta	10.37	0.05	Neural Network (Specific Model)	11	0.929	2313	231.04786150712832	731477	0.62	982	335	4309	None
SRR22878281_binette_bin184.fasta	11.06	0.41	Neural Network (Specific Model)	11	0.887	1830	214.4274406332454	821616	0.59	1137	453	12765	None
SRR22878281_binette_bin185.fasta	10.41	0.18	Neural Network (Specific Model)	11	0.856	4023	298.84415584415586	643187	0.5	616	177	12055	None
SRR22878281_binette_bin186.fasta	11.88	1.85	Neural Network (Specific Model)	11	0.888	1183	198.6310299869622	1026451	0.49	1534	858	2114	None
SRR22878281_binette_bin187.fasta	11.69	0.53	Neural Network (Specific Model)	11	0.629	2692	179.84827586206896	864878	0.5	1015	374	22172	None
SRR22878281_binette_bin188.fasta	9.72	0.0	Neural Network (Specific Model)	11	0.925	9746	298.1092715231788	291599	0.61	302	30	10128	None
SRR22878281_binette_bin189.fasta	9.97	0.11	Neural Network (Specific Model)	11	0.884	2310	153.40736478711162	450510	0.42	869	205	33275	None
SRR22878281_binette_bin2.fasta	100.0	0.05	Gradient Boost (General Model)	11	0.889	50168	310.29127761329994	4592025	0.57	4391	134	177035	None
SRR22878281_binette_bin20.fasta	98.44	2.38	Gradient Boost (General Model)	11	0.892	24109	302.8171841541756	3798925	0.56	3736	264	77208	None
SRR22878281_binette_bin200.fasta	8.09	0.04	Neural Network (Specific Model)	11	0.855	4544	226.95283018867926	504776	0.54	636	161	21322	None
SRR22878281_binette_bin201.fasta	8.17	0.08	Neural Network (Specific Model)	11	0.906	1758	209.70379746835442	273412	0.57	395	155	6932	None
SRR22878281_binette_bin202.fasta	8.34	0.11	Neural Network (Specific Model)	11	0.812	2216	206.8388625592417	642433	0.43	844	306	11660	None
SRR22878281_binette_bin203.fasta	8.72	0.37	Neural Network (Specific Model)	11	0.918	1584	144.66471277842908	400807	0.41	853	233	12010	None
SRR22878281_binette_bin204.fasta	7.66	0.01	Neural Network (Specific Model)	11	0.878	8007	291.8557692307692	413989	0.46	416	88	49772	None
SRR22878281_binette_bin205.fasta	7.95	0.09	Neural Network (Specific Model)	11	0.835	1221	165.59801762114537	538320	0.27	908	441	2385	None
SRR22878281_binette_bin206.fasta	8.72	0.26	Neural Network (Specific Model)	11	0.861	3355	242.12	694157	0.55	825	263	15490	None
SRR22878281_binette_bin207.fasta	8.2	0.28	Neural Network (Specific Model)	11	0.936	1515	375.25354609929076	677575	0.51	564	436	8344	None
SRR22878281_binette_bin21.fasta	95.12	0.0	Neural Network (Specific Model)	11	0.912	49045	312.1060869565217	2358418	0.54	2300	86	131178	None
SRR22878281_binette_bin22.fasta	89.23	1.23	Neural Network (Specific Model)	11	0.917	12823	299.9885982562039	2920428	0.57	2982	352	67190	None
SRR22878281_binette_bin222.fasta	17.89	5.86	Neural Network (Specific Model)	11	0.914	1723	271.0992063492063	223878	0.54	252	136	3488	None
SRR22878281_binette_bin223.fasta	7.14	0.01	Neural Network (Specific Model)	11	0.862	2442	265.34705882352944	313563	0.54	340	135	9257	None
SRR22878281_binette_bin224.fasta	8.7	0.16	Neural Network (Specific Model)	11	0.871	1656	232.6702290076336	523138	0.46	655	311	8221	None
SRR22878281_binette_bin225.fasta	7.14	0.0	Neural Network (Specific Model)	11	0.938	8947	330.180412371134	204554	0.62	194	23	9211	None
SRR22878281_binette_bin226.fasta	7.23	0.0	Neural Network (Specific Model)	11	0.768	2666	184.62857142857143	276281	0.45	385	118	11186	None
SRR22878281_binette_bin227.fasta	6.95	0.02	Neural Network (Specific Model)	11	0.894	1559	273.83508771929826	261099	0.51	285	162	5015	None
SRR22878281_binette_bin228.fasta	7.23	0.05	Neural Network (Specific Model)	11	0.893	6551	188.65866666666668	236822	0.41	375	66	39834	None
SRR22878281_binette_bin229.fasta	7.12	0.11	Neural Network (Specific Model)	11	0.91	6334	319.68220338983053	248065	0.33	236	43	17205	None
SRR22878281_binette_bin23.fasta	96.76	0.58	Gradient Boost (General Model)	11	0.863	39133	335.35422270037657	4328091	0.5	3718	162	163661	None
SRR22878281_binette_bin24.fasta	95.15	0.08	Neural Network (Specific Model)	11	0.92	23319	304.1630047505938	3333899	0.51	3368	231	57953	None
SRR22878281_binette_bin25.fasta	96.98	0.5	Gradient Boost (General Model)	4	0.907	22263	284.1381944444444	1351639	0.26	1440	126	67163	None
SRR22878281_binette_bin250.fasta	6.09	0.0	Neural Network (Specific Model)	11	0.878	2423	225.97275204359673	282605	0.52	367	121	5926	None
SRR22878281_binette_bin251.fasta	6.06	0.06	Neural Network (Specific Model)	11	0.808	3480	202.23150684931508	544832	0.6	730	204	18950	None
SRR22878281_binette_bin252.fasta	6.43	0.19	Neural Network (Specific Model)	11	0.927	1650	314.45889101338435	531225	0.54	523	326	6277	None
SRR22878281_binette_bin253.fasta	6.03	0.01	Neural Network (Specific Model)	11	0.879	2127	235.2287234042553	301406	0.3	376	140	4365	None
SRR22878281_binette_bin254.fasta	5.69	0.0	Neural Network (Specific Model)	11	0.821	1197	167.26041666666666	233707	0.49	384	187	2941	None
SRR22878281_binette_bin255.fasta	5.58	0.0	Neural Network (Specific Model)	11	0.85	3227	227.23809523809524	284951	0.48	357	105	9986	None
SRR22878281_binette_bin258.fasta	5.54	0.03	Neural Network (Specific Model)	11	0.855	5481	265.0487804878049	303654	0.39	328	85	23012	None
SRR22878281_binette_bin26.fasta	100.0	2.67	Gradient Boost (General Model)	11	0.909	5469	260.143475906876	3165625	0.45	3694	782	28816	None
SRR22878281_binette_bin27.fasta	95.24	1.53	Gradient Boost (General Model)	11	0.866	37709	325.0872053872054	3336871	0.43	2970	149	139088	None
SRR22878281_binette_bin270.fasta	5.42	0.02	Neural Network (Specific Model)	4	0.731	1917	200.22654462242562	355729	0.45	437	183	9615	None
SRR22878281_binette_bin271.fasta	5.57	0.47	Neural Network (Specific Model)	11	0.801	3280	223.13178294573643	322581	0.3	387	108	11898	None
SRR22878281_binette_bin273.fasta	8.84	2.22	Neural Network (Specific Model)	11	0.894	4750	258.2607142857143	242358	0.41	280	56	15040	None
SRR22878281_binette_bin274.fasta	4.29	0.0	Neural Network (Specific Model)	11	0.905	1974	257.38	212714	0.53	250	108	2091	None
SRR22878281_binette_bin275.fasta	4.41	0.04	Neural Network (Specific Model)	11	0.949	1892	419.3344594594595	391549	0.56	296	218	4558	None
SRR22878281_binette_bin276.fasta	4.42	0.01	Neural Network (Specific Model)	11	0.765	1495	143.38493723849373	265551	0.48	478	172	7406	None
SRR22878281_binette_bin278.fasta	4.15	0.01	Neural Network (Specific Model)	11	0.849	12490	279.780487804878	202100	0.49	205	22	28593	None
SRR22878281_binette_bin279.fasta	3.93	0.0	Neural Network (Specific Model)	11	0.887	1740	243.46545454545455	225905	0.49	275	124	3567	None
SRR22878281_binette_bin28.fasta	95.69	1.4	Gradient Boost (General Model)	11	0.905	15850	321.4458492366412	4458339	0.6	4192	401	106636	None
SRR22878281_binette_bin29.fasta	94.92	0.22	Gradient Boost (General Model)	11	0.903	109932	334.48184615384616	3603559	0.63	3250	70	433823	None
SRR22878281_binette_bin3.fasta	99.94	0.02	Neural Network (Specific Model)	11	0.838	64550	325.1442658875091	3185866	0.43	2738	140	422613	None
SRR22878281_binette_bin50.fasta	97.8	4.65	Gradient Boost (General Model)	11	0.892	8078	283.351863164325	3115490	0.58	3274	541	54956	None
SRR22878281_binette_bin51.fasta	91.21	2.07	Neural Network (Specific Model)	11	0.909	13243	279.1433523149294	3711706	0.55	4039	462	86823	None
SRR22878281_binette_bin52.fasta	91.0	2.17	Gradient Boost (General Model)	11	0.892	8423	279.29651162790697	3709439	0.49	3956	593	36983	None
SRR22878281_binette_bin53.fasta	89.45	1.93	Gradient Boost (General Model)	11	0.923	6343	267.5575240128068	4065939	0.57	4685	877	26513	None
SRR22878281_binette_bin54.fasta	91.16	3.18	Gradient Boost (General Model)	11	0.88	10924	298.2978013349038	5168583	0.47	5094	605	44650	None
SRR22878281_binette_bin55.fasta	88.96	2.67	Gradient Boost (General Model)	11	0.893	7098	294.73441108545035	4706384	0.55	4763	893	36651	None
SRR22878281_binette_bin56.fasta	89.39	2.17	Gradient Boost (General Model)	11	0.927	35309	325.81323414252154	5374166	0.62	5108	276	108792	None
SRR22878281_binette_bin6.fasta	99.62	0.26	Gradient Boost (General Model)	11	0.888	62436	321.17851373182555	2684122	0.44	2476	85	190839	None
SRR22878281_binette_bin7.fasta	98.97	0.13	Gradient Boost (General Model)	11	0.911	30516	287.6437728937729	1031683	0.45	1092	56	63753	None
SRR22878281_binette_bin74.fasta	87.39	6.09	Gradient Boost (General Model)	11	0.916	7458	286.3196255432966	5594943	0.6	5982	1022	32895	None
SRR22878281_binette_bin75.fasta	80.82	3.94	Neural Network (Specific Model)	11	0.916	8039	296.20687557042896	3186210	0.35	3287	626	34936	None
SRR22878281_binette_bin76.fasta	74.89	1.09	Gradient Boost (General Model)	11	0.895	3121	239.25917686318132	2157899	0.49	2697	834	11770	None
SRR22878281_binette_bin77.fasta	76.55	2.26	Gradient Boost (General Model)	11	0.924	9247	279.89557592666404	2274237	0.5	2509	340	36569	None
SRR22878281_binette_bin78.fasta	83.52	6.25	Gradient Boost (General Model)	11	0.927	7149	267.83213530655394	2045145	0.47	2365	569	58571	None
SRR22878281_binette_bin8.fasta	98.83	0.01	Neural Network (Specific Model)	11	0.922	31847	328.69996681048787	3218905	0.39	3013	173	148718	None
SRR22878281_binette_bin9.fasta	98.57	0.01	Gradient Boost (General Model)	11	0.891	68686	330.8426243567753	2594157	0.46	2332	75	258333	None
SRR22878281_binette_bin90.fasta	75.76	9.21	Gradient Boost (General Model)	11	0.918	1859	216.58677879000234	3021705	0.55	4281	1668	16791	None
SRR22878281_binette_bin91.fasta	60.27	2.6	Gradient Boost (General Model)	11	0.924	2154	223.28925619834712	1838780	0.61	2541	899	13547	None
SRR22878281_binette_bin92.fasta	58.12	2.48	Gradient Boost (General Model)	11	0.913	2049	220.78308968787042	1832104	0.56	2531	945	8595	None
SRR22878281_binette_bin93.fasta	62.07	5.24	Gradient Boost (General Model)	11	0.914	1940	216.13527769159168	2282519	0.5	3223	1232	10499	None
SRR22878281_binette_bin94.fasta	52.22	0.8	Gradient Boost (General Model)	11	0.846	2677	275.7182075090836	2413958	0.56	2477	1013	10104	None
SRR22878281_binette_bin95.fasta	60.17	4.02	Gradient Boost (General Model)	11	0.911	4675	252.80316901408452	2359545	0.47	2840	660	21061	None
SRR22878281_binette_bin96.fasta	69.14	9.6	Gradient Boost (General Model)	11	0.868	1757	229.96875	2564885	0.45	3232	1507	9877	None
SRR22878281_binette_bin97.fasta	48.25	1.54	Gradient Boost (General Model)	11	0.903	2114	266.7424090757424	2649842	0.56	2997	1316	10120	None
SRR22878281_binette_bin98.fasta	52.27	2.83	Neural Network (Specific Model)	11	0.895	3320	300.6739749430524	3531054	0.56	3512	1218	27871	None
SRR22878282_binette_bin1.fasta	99.63	0.0	Gradient Boost (General Model)	11	0.876	53321	340.7513043478261	4021592	0.4	3450	132	170892	None
SRR22878282_binette_bin110.fasta	17.81	5.08	Neural Network (Specific Model)	4	0.882	1398	196.4082191780822	243086	0.27	365	170	4158	None
SRR22878282_binette_bin111.fasta	8.78	0.0	Neural Network (Specific Model)	11	0.888	1219	195.05381165919283	293342	0.5	446	232	2335	None
SRR22878282_binette_bin112.fasta	9.4	0.14	Neural Network (Specific Model)	11	0.88	3427	237.8574297188755	403181	0.4	498	157	31608	None
SRR22878282_binette_bin113.fasta	9.44	1.06	Neural Network (Specific Model)	11	0.764	2530	134.74957264957266	616583	0.41	1170	271	16394	None
SRR22878282_binette_bin114.fasta	8.91	0.03	Neural Network (Specific Model)	11	0.914	2231	247.16104868913857	216186	0.3	267	97	9018	None
SRR22878282_binette_bin115.fasta	8.88	0.0	Neural Network (Specific Model)	11	0.92	1358	215.53653846153847	364645	0.38	520	267	3291	None
SRR22878282_binette_bin116.fasta	8.94	0.06	Neural Network (Specific Model)	11	0.869	1346	200.58031674208144	610777	0.36	884	443	4360	None
SRR22878282_binette_bin117.fasta	9.02	0.27	Neural Network (Specific Model)	11	0.917	2075	217.39	212880	0.48	300	107	2762	None
SRR22878282_binette_bin132.fasta	6.72	0.08	Neural Network (Specific Model)	11	0.952	1889	456.9514925373134	385716	0.44	268	191	10227	None
SRR22878282_binette_bin133.fasta	7.05	0.03	Neural Network (Specific Model)	11	0.918	2037	348.27	341103	0.48	300	174	10527	None
SRR22878282_binette_bin134.fasta	6.52	0.02	Neural Network (Specific Model)	11	0.865	1241	207.8872017353579	331714	0.37	461	262	2572	None
SRR22878282_binette_bin162.fasta	6.45	0.08	Neural Network (Specific Model)	11	0.884	1753	161.12652068126522	223813	0.31	411	131	5792	None
SRR22878282_binette_bin164.fasta	6.43	0.18	Neural Network (Specific Model)	11	0.91	5151	246.48617511520737	351326	0.53	434	107	27070	None
SRR22878282_binette_bin165.fasta	6.26	0.1	Neural Network (Specific Model)	11	0.85	1613	217.02857142857144	267408	0.37	350	166	5982	None
SRR22878282_binette_bin166.fasta	7.77	0.04	Neural Network (Specific Model)	11	0.571	2063	122.40966921119593	499790	0.48	786	248	12078	None
SRR22878282_binette_bin167.fasta	6.35	0.0	Neural Network (Specific Model)	11	0.867	1398	188.59504132231405	236163	0.46	363	170	3391	None
SRR22878282_binette_bin168.fasta	5.95	0.01	Neural Network (Specific Model)	11	0.891	2357	210.00920245398774	229614	0.36	326	100	21221	None
SRR22878282_binette_bin169.fasta	6.31	0.27	Neural Network (Specific Model)	11	0.924	5511	271.0891472868217	226682	0.48	258	44	5911	None
SRR22878282_binette_bin180.fasta	4.68	0.0	Neural Network (Specific Model)	11	0.885	19450	319.7715736040609	213253	0.4	197	11	19911	None
SRR22878282_binette_bin185.fasta	5.2	0.01	Neural Network (Specific Model)	11	0.513	2192	133.20036429872496	425224	0.39	549	203	10907	None
SRR22878282_binette_bin186.fasta	4.16	0.01	Neural Network (Specific Model)	11	0.984	1470	469.8619047619048	300690	0.51	210	190	5684	None
SRR22878282_binette_bin187.fasta	4.17	0.01	Neural Network (Specific Model)	11	0.981	1870	539.1180555555555	237180	0.4	144	132	6689	None
SRR22878282_binette_bin188.fasta	4.15	0.01	Neural Network (Specific Model)	11	0.951	1363	323.05099150141643	359420	0.62	353	255	4219	None
SRR22878282_binette_bin2.fasta	100.0	0.04	Neural Network (Specific Model)	11	0.844	123445	332.98966408268734	5033322	0.41	4257	196	476646	None
SRR22878282_binette_bin24.fasta	88.43	2.89	Neural Network (Specific Model)	11	0.898	17724	327.97888854393045	3524893	0.3	3221	306	80385	None
SRR22878282_binette_bin25.fasta	94.76	5.69	Gradient Boost (General Model)	11	0.905	5337	271.3624083365496	2325577	0.48	2591	630	32705	None
SRR22878282_binette_bin26.fasta	89.37	3.41	Neural Network (Specific Model)	11	0.917	15852	313.86572118286057	3398974	0.3	3314	419	59546	None
SRR22878282_binette_bin27.fasta	83.76	1.15	Neural Network (Specific Model)	11	0.93	12766	299.75009174311924	2630225	0.34	2725	364	38731	None
SRR22878282_binette_bin28.fasta	82.0	3.53	Gradient Boost (General Model)	11	0.917	4595	271.141086749285	1857741	0.49	2098	463	19260	None
SRR22878282_binette_bin29.fasta	78.73	2.35	Neural Network (Specific Model)	11	0.937	7638	289.6429353778751	2534605	0.34	2739	475	28234	None
SRR22878282_binette_bin3.fasta	99.92	0.04	Neural Network (Specific Model)	11	0.807	32307	326.5220978196818	6176065	0.39	5091	315	102302	None
SRR22878282_binette_bin4.fasta	98.85	0.08	Gradient Boost (General Model)	11	0.92	50395	337.3071915685059	3542753	0.36	3226	134	110596	None
SRR22878282_binette_bin5.fasta	99.42	0.36	Gradient Boost (General Model)	11	0.899	23075	319.42424242424244	3829623	0.46	3597	266	80752	None
SRR22878282_binette_bin50.fasta	45.84	0.41	Neural Network (Specific Model)	11	0.94	2011	232.3429710867398	2969893	0.68	4012	1570	8671	None
SRR22878282_binette_bin51.fasta	46.41	2.27	Gradient Boost (General Model)	11	0.828	171498	237.28861788617886	211254	0.28	246	3	171498	None
SRR22878282_binette_bin52.fasta	44.11	1.53	Gradient Boost (General Model)	11	0.863	1453	221.29445350734093	941956	0.62	1226	626	6628	None
SRR22878282_binette_bin53.fasta	43.32	1.79	Gradient Boost (General Model)	11	0.921	1998	223.36778846153845	1510281	0.47	2080	782	17080	None
SRR22878282_binette_bin54.fasta	39.54	1.0	Neural Network (Specific Model)	11	0.932	1736	222.38265944143393	1712341	0.54	2399	1018	4665	None
SRR22878282_binette_bin58.fasta	35.13	1.24	Neural Network (Specific Model)	11	0.849	27100	230.21788194444446	1872487	0.31	2304	138	99644	None
SRR22878282_binette_bin6.fasta	99.31	0.38	Neural Network (Specific Model)	11	0.921	37451	342.9558409019731	3564055	0.32	3193	156	125084	None
SRR22878282_binette_bin7.fasta	99.32	0.88	Gradient Boost (General Model)	11	0.904	88710	358.3102422439439	5583999	0.65	4706	138	252772	None
SRR22878282_binette_bin71.fasta	22.24	1.5	Neural Network (Specific Model)	11	0.882	1448	199.70627954085077	1004490	0.38	1481	679	4475	None
SRR22878282_binette_bin72.fasta	19.76	0.45	Neural Network (Specific Model)	11	0.903	1572	228.39003164556962	957033	0.45	1264	586	6612	None
SRR22878282_binette_bin73.fasta	17.46	0.04	Neural Network (Specific Model)	11	0.907	1307	200.9160220994475	599770	0.49	905	428	3625	None
SRR22878282_binette_bin74.fasta	17.65	0.31	Neural Network (Specific Model)	11	0.874	1407	205.43777777777777	949908	0.45	1350	644	7934	None
SRR22878282_binette_bin75.fasta	16.95	0.13	Neural Network (Specific Model)	11	0.915	1376	195.41235059760956	320832	0.6	502	227	3652	None
SRR22878282_binette_bin76.fasta	16.25	0.71	Neural Network (Specific Model)	11	0.872	2343	191.39937434827945	628878	0.37	959	269	41156	None
SRR22878282_binette_bin77.fasta	18.14	1.58	Neural Network (Specific Model)	11	0.912	1671	177.05866666666665	1087193	0.55	1875	611	26421	None
SRR22878282_binette_bin78.fasta	29.55	6.83	Neural Network (Specific Model)	11	0.859	1879	232.2609489051095	887786	0.45	1096	495	6218	None
SRR22878282_binette_bin79.fasta	22.82	3.59	Neural Network (Specific Model)	11	0.886	1541	235.95660749506902	404399	0.44	507	258	7459	None
SRR22878282_binette_bin8.fasta	100.0	1.38	Gradient Boost (General Model)	11	0.841	8042	284.18361360969885	5176773	0.39	5114	952	31455	None
SRR22878282_binette_bin9.fasta	97.86	0.67	Gradient Boost (General Model)	11	0.908	17979	313.3536842105263	2454903	0.49	2375	233	67816	None
SRR22878282_binette_bin90.fasta	12.57	0.0	Neural Network (Specific Model)	11	0.917	1289	193.11898016997168	445300	0.39	706	329	3471	None
SRR22878282_binette_bin91.fasta	13.14	0.43	Neural Network (Specific Model)	11	0.894	1682	195.3154875717017	684328	0.29	1046	407	6419	None
SRR22878282_binette_bin94.fasta	11.5	0.08	Neural Network (Specific Model)	11	0.937	1291	200.1183932346723	906657	0.62	1419	690	2896	None
SRR22878282_binette_bin95.fasta	12.39	0.17	Neural Network (Specific Model)	11	0.903	2540	229.7859531772575	455347	0.48	598	203	14795	None
SRR22878282_binette_bin96.fasta	12.36	0.17	Neural Network (Specific Model)	11	0.928	1279	196.8373804267844	861905	0.65	1359	660	2606	None
SRR22878282_binette_bin97.fasta	12.11	0.18	Neural Network (Specific Model)	11	0.886	3754	239.90071942446042	563171	0.27	695	189	22851	None
SRR22878282_binette_bin98.fasta	11.17	0.01	Neural Network (Specific Model)	11	0.902	1304	200.36301369863014	291091	0.46	438	218	3282	None
SRR22878282_binette_bin99.fasta	10.23	0.03	Neural Network (Specific Model)	11	0.843	1894	197.64926590538337	429707	0.26	613	229	14255	None
SRR22878283_binette_bin1.fasta	99.79	0.04	Gradient Boost (General Model)	11	0.918	212699	314.6983041575492	3754979	0.47	3656	37	441201	None
SRR22878283_binette_bin110.fasta	10.04	0.0	Neural Network (Specific Model)	11	0.902	1423	182.81303602058318	353482	0.42	583	242	4174	None
SRR22878283_binette_bin111.fasta	10.44	0.21	Neural Network (Specific Model)	11	0.837	8273	229.064	715160	0.48	875	143	32020	None
SRR22878283_binette_bin112.fasta	10.48	0.3	Neural Network (Specific Model)	11	0.936	2504	420.4225721784777	512793	0.35	381	254	17087	None
SRR22878283_binette_bin113.fasta	9.76	0.02	Neural Network (Specific Model)	11	0.908	1290	220.0565693430657	397268	0.58	548	304	3655	None
SRR22878283_binette_bin114.fasta	9.68	0.0	Neural Network (Specific Model)	11	0.883	1842	219.5233265720081	366822	0.46	493	202	9350	None
SRR22878283_binette_bin115.fasta	9.38	0.01	Neural Network (Specific Model)	11	0.928	1243	180.4656862745098	237145	0.54	408	187	2552	None
SRR22878283_binette_bin116.fasta	9.81	0.18	Neural Network (Specific Model)	11	0.938	3644	659.2698961937716	609000	0.38	289	163	8840	None
SRR22878283_binette_bin117.fasta	9.57	0.07	Neural Network (Specific Model)	11	0.867	2323	217.53954802259886	532206	0.37	708	248	9219	None
SRR22878283_binette_bin132.fasta	8.3	0.0	Neural Network (Specific Model)	11	0.911	1449	226.18556701030928	216484	0.32	291	145	4370	None
SRR22878283_binette_bin133.fasta	9.09	0.31	Neural Network (Specific Model)	11	0.924	1593	207.5094936708861	212399	0.5	316	133	3100	None
SRR22878283_binette_bin134.fasta	6.87	0.0	Neural Network (Specific Model)	4	0.764	1175	173.07575757575756	266394	0.52	396	220	2539	None
SRR22878283_binette_bin135.fasta	12.93	0.11	Neural Network (Specific Model)	4	0.785	3890	169.66225165562915	578206	0.49	906	191	16285	None
SRR22878283_binette_bin136.fasta	7.94	0.0	Neural Network (Specific Model)	11	0.909	2025	218.64506172839506	233422	0.51	324	122	8814	None
SRR22878283_binette_bin137.fasta	7.99	0.09	Neural Network (Specific Model)	11	0.933	3160	369.4274193548387	441541	0.3	372	156	14540	None
SRR22878283_binette_bin138.fasta	7.57	0.0	Neural Network (Specific Model)	11	0.923	1565	209.9811320754717	216467	0.62	318	141	2777	None
SRR22878283_binette_bin139.fasta	7.99	0.12	Neural Network (Specific Model)	11	0.914	134984	305.24907063197026	269022	0.49	269	2	134984	None
SRR22878283_binette_bin14.fasta	99.89	2.32	Gradient Boost (General Model)	11	0.914	9070	276.67523510971785	2890909	0.54	3190	549	53691	None
SRR22878283_binette_bin140.fasta	7.97	0.18	Neural Network (Specific Model)	11	0.957	2561	489.87012987012986	591179	0.34	385	255	18346	None
SRR22878283_binette_bin141.fasta	7.74	0.0	Neural Network (Specific Model)	11	0.917	228638	297.58528428093643	290576	0.55	299	2	228638	None
SRR22878283_binette_bin142.fasta	8.09	0.16	Neural Network (Specific Model)	11	0.937	1450	249.53961748633878	583484	0.41	732	389	5725	None
SRR22878283_binette_bin143.fasta	7.57	0.0	Neural Network (Specific Model)	11	0.89	2900	265.44164037854887	283288	0.3	317	110	21728	None
SRR22878283_binette_bin144.fasta	7.43	0.0	Neural Network (Specific Model)	11	0.934	3363	303.0617283950617	315004	0.33	324	111	9633	None
SRR22878283_binette_bin145.fasta	7.45	0.01	Neural Network (Specific Model)	11	0.907	1513	218.63470319634703	316075	0.38	438	207	3247	None
SRR22878283_binette_bin148.fasta	7.29	0.0	Neural Network (Specific Model)	11	0.89	1864	272.97446808510637	215883	0.37	235	101	26079	None
SRR22878283_binette_bin149.fasta	7.27	0.0	Neural Network (Specific Model)	11	0.87	1633	191.27310061601642	320253	0.45	487	198	3910	None
SRR22878283_binette_bin15.fasta	97.17	1.04	Neural Network (Specific Model)	11	0.916	110206	311.14153598713307	2530665	0.43	2487	48	211912	None
SRR22878283_binette_bin16.fasta	92.32	0.46	Gradient Boost (General Model)	11	0.932	4555	271.824	2946707	0.57	3375	805	19830	None
SRR22878283_binette_bin17.fasta	95.7	1.18	Gradient Boost (General Model)	11	0.899	12106	282.8743500866551	3262641	0.42	3462	386	36448	None
SRR22878283_binette_bin19.fasta	93.96	0.1	Neural Network (Specific Model)	11	0.914	58686	357.71958949592516	3885168	0.32	3313	111	212585	None
SRR22878283_binette_bin2.fasta	97.8	0.08	Gradient Boost (General Model)	11	0.911	86352	327.95652173913044	2755053	0.51	2553	55	224217	None
SRR22878283_binette_bin200.fasta	5.5	0.0	Neural Network (Specific Model)	11	0.717	12013	248.5936507936508	326271	0.53	315	27	13122	None
SRR22878283_binette_bin201.fasta	5.78	0.06	Neural Network (Specific Model)	11	0.887	1361	203.69418960244647	224985	0.41	327	157	8518	None
SRR22878283_binette_bin202.fasta	5.55	0.0	Neural Network (Specific Model)	11	0.857	7625	226.43700787401573	200592	0.48	254	51	16841	None
SRR22878283_binette_bin203.fasta	5.51	0.01	Neural Network (Specific Model)	11	0.91	20338	383.0658682634731	210414	0.44	167	19	34123	None
SRR22878283_binette_bin204.fasta	5.41	0.0	Neural Network (Specific Model)	11	0.883	3194	267.62628865979383	352164	0.47	388	110	3537	None
SRR22878283_binette_bin205.fasta	5.32	0.01	Neural Network (Specific Model)	11	0.82	4947	263.7375415282392	289491	0.48	301	78	15884	None
SRR22878283_binette_bin206.fasta	5.45	0.03	Neural Network (Specific Model)	11	0.88	1720	231.990099009901	319267	0.34	404	188	3987	None
SRR22878283_binette_bin207.fasta	5.57	0.11	Neural Network (Specific Model)	11	0.872	4485	226.6969696969697	333746	0.28	429	100	26154	None
SRR22878283_binette_bin208.fasta	8.27	0.12	Neural Network (Specific Model)	4	0.724	1876	172.0211970074813	564630	0.5	802	303	7664	None
SRR22878283_binette_bin209.fasta	5.3	0.0	Neural Network (Specific Model)	11	0.922	6525	320.59	208479	0.32	200	32	7021	None
SRR22878283_binette_bin220.fasta	3.76	0.01	Neural Network (Specific Model)	11	0.885	2228	275.3872180451128	247982	0.46	266	114	5940	None
SRR22878283_binette_bin221.fasta	3.72	0.0	Neural Network (Specific Model)	11	0.904	1475	220.70437956204378	200092	0.39	274	137	3511	None
SRR22878283_binette_bin224.fasta	2.98	0.0	Neural Network (Specific Model)	11	0.758	1461	201.30434782608697	54538	0.37	69	35	2760	None
SRR22878283_binette_bin225.fasta	2.62	0.0	Neural Network (Specific Model)	11	0.778	2497	228.1547619047619	73273	0.39	84	32	6821	None
SRR22878283_binette_bin226.fasta	2.58	0.0	Neural Network (Specific Model)	11	0.751	2010	241.79012345679013	77804	0.44	81	40	7798	None
SRR22878283_binette_bin228.fasta	2.41	0.0	Neural Network (Specific Model)	11	0.602	1436	166.140625	52588	0.4	64	36	2862	None
SRR22878283_binette_bin3.fasta	99.09	0.11	Neural Network (Specific Model)	11	0.905	48214	304.5009596928983	2624321	0.44	2605	128	130016	None
SRR22878283_binette_bin30.fasta	93.0	1.66	Neural Network (Specific Model)	11	0.934	52839	330.31997211571974	3038126	0.32	2869	113	127760	None
SRR22878283_binette_bin31.fasta	91.8	1.65	Neural Network (Specific Model)	11	0.924	27601	345.0510450160772	2784519	0.3	2488	153	117673	None
SRR22878283_binette_bin32.fasta	89.83	0.85	Neural Network (Specific Model)	11	0.9	30045	332.8722160356347	3983316	0.29	3592	184	103181	None
SRR22878283_binette_bin35.fasta	91.41	2.6	Gradient Boost (General Model)	11	0.882	4482	277.25660699062234	3313381	0.48	3519	856	19048	None
SRR22878283_binette_bin36.fasta	90.23	1.91	Neural Network (Specific Model)	11	0.936	20845	319.87790074973225	2866728	0.35	2801	219	65936	None
SRR22878283_binette_bin37.fasta	89.59	2.54	Gradient Boost (General Model)	11	0.886	6724	304.6682908545727	5496210	0.48	5336	1047	43026	None
SRR22878283_binette_bin4.fasta	99.62	0.05	Gradient Boost (General Model)	11	0.93	154782	340.1090400745573	3523594	0.54	3219	30	345644	None
SRR22878283_binette_bin40.fasta	93.81	5.66	Gradient Boost (General Model)	11	0.942	8413	292.54671135316295	2217604	0.36	2387	368	28688	None
SRR22878283_binette_bin41.fasta	81.55	0.89	Gradient Boost (General Model)	11	0.917	4985	254.41379310344828	2745522	0.55	3306	672	20749	None
SRR22878283_binette_bin43.fasta	82.58	2.87	Gradient Boost (General Model)	11	0.925	4087	253.15396226415095	3255307	0.62	3975	940	24358	None
SRR22878283_binette_bin45.fasta	79.15	1.39	Gradient Boost (General Model)	11	0.924	3993	278.26926174496646	3360043	0.4	3725	932	19340	None
SRR22878283_binette_bin46.fasta	80.25	2.93	Neural Network (Specific Model)	11	0.913	10472	301.0768601798855	2416223	0.33	2446	353	53099	None
SRR22878283_binette_bin48.fasta	72.18	0.62	Gradient Boost (General Model)	11	0.917	2599	226.54060913705584	582650	0.43	788	253	10657	None
SRR22878283_binette_bin49.fasta	72.9	1.53	Neural Network (Specific Model)	11	0.862	3688	267.79849279161203	2841024	0.38	3052	926	14705	None
SRR22878283_binette_bin5.fasta	99.18	0.18	Gradient Boost (General Model)	11	0.876	287431	330.01007556675063	3585117	0.41	3176	30	815078	None
SRR22878283_binette_bin6.fasta	99.83	0.94	Gradient Boost (General Model)	11	0.918	43600	333.82921297346337	4799404	0.48	4409	199	216361	None
SRR22878283_binette_bin60.fasta	44.17	0.01	Gradient Boost (General Model)	11	0.847	176461	223.90784982935153	231888	0.29	293	3	176461	None
SRR22878283_binette_bin61.fasta	45.18	0.01	Gradient Boost (General Model)	11	0.865	160489	229.37654320987653	257205	0.3	324	3	160489	None
SRR22878283_binette_bin62.fasta	42.97	2.82	Gradient Boost (General Model)	11	0.919	3664	267.37275242047025	1259215	0.55	1446	341	8371	None
SRR22878283_binette_bin63.fasta	52.83	8.72	Gradient Boost (General Model)	11	0.937	2707	250.47374091031512	2970571	0.63	3713	1133	13770	None
SRR22878283_binette_bin65.fasta	35.42	1.41	Neural Network (Specific Model)	11	0.893	2353	227.1332593003887	1371788	0.45	1801	657	7332	None
SRR22878283_binette_bin68.fasta	32.41	0.61	Neural Network (Specific Model)	11	0.833	4961	301.08925106713235	2791146	0.35	2577	601	14232	None
SRR22878283_binette_bin69.fasta	32.23	1.37	Neural Network (Specific Model)	11	0.91	1399	228.010838150289	2074979	0.51	2768	1471	4136	None
SRR22878283_binette_bin7.fasta	100.0	0.95	Gradient Boost (General Model)	11	0.92	10451	298.089263677499	2359412	0.53	2431	309	54195	None
SRR22878283_binette_bin80.fasta	24.45	1.2	Neural Network (Specific Model)	11	0.921	1890	243.24956369982547	906258	0.47	1146	479	11183	None
SRR22878283_binette_bin81.fasta	24.07	0.97	Neural Network (Specific Model)	11	0.922	1519	200.47098646034817	672097	0.37	1034	439	3765	None
SRR22878283_binette_bin82.fasta	30.49	4.42	Neural Network (Specific Model)	11	0.885	9346	286.16976127320953	1460669	0.3	1508	256	170303	None
SRR22878283_binette_bin85.fasta	16.96	0.01	Neural Network (Specific Model)	11	0.922	1398	198.99633027522935	352112	0.5	545	250	3470	None
SRR22878283_binette_bin86.fasta	18.25	0.26	Neural Network (Specific Model)	11	0.864	1343	206.5633507853403	1366108	0.47	1910	1012	3869	None
SRR22878283_binette_bin87.fasta	15.92	0.01	Neural Network (Specific Model)	11	0.923	5956	252.4569288389513	436815	0.56	534	117	11491	None
SRR22878283_binette_bin88.fasta	16.65	0.69	Neural Network (Specific Model)	11	0.891	3560	238.36170212765958	677362	0.53	846	223	10573	None
SRR22878283_binette_bin89.fasta	9.49	0.01	Neural Network (Specific Model)	4	0.793	10315	223.26610644257704	298082	0.49	357	32	25564	None
SRR22878281_binette_bin10.fasta	99.65	0.47	Neural Network (Specific Model)	11	0.899	68865	318.38801148600146	2956386	0.44	2786	87	209668	None
SRR22878281_binette_bin100.fasta	53.68	4.51	Gradient Boost (General Model)	11	0.893	8727	263.2734339277549	1932024	0.4	2187	355	66856	None
SRR22878281_binette_bin101.fasta	46.0	0.93	Gradient Boost (General Model)	11	0.927	1861	233.25832716506292	2032409	0.54	2702	1124	7096	None
SRR22878281_binette_bin108.fasta	37.99	2.69	Neural Network (Specific Model)	11	0.91	1475	196.33748221906117	1814571	0.58	2812	1213	4298	None
SRR22878281_binette_bin109.fasta	48.77	6.75	Gradient Boost (General Model)	11	0.872	1495	185.65772759350742	902442	0.43	1417	594	5145	None
SRR22878281_binette_bin11.fasta	100.0	0.82	Gradient Boost (General Model)	11	0.899	30720	310.37249544626593	2271908	0.44	2196	109	78599	None
SRR22878281_binette_bin119.fasta	29.87	0.66	Neural Network (Specific Model)	11	0.869	1688	216.60263558033452	1470195	0.54	1973	886	5888	None
SRR22878281_binette_bin12.fasta	100.0	1.03	Gradient Boost (General Model)	11	0.923	18527	323.53983516483515	3818507	0.49	3640	323	80439	None
SRR22878281_binette_bin120.fasta	31.91	1.62	Neural Network (Specific Model)	11	0.874	6020	268.0899528472978	2528887	0.57	2757	613	36851	None
SRR22878281_binette_bin121.fasta	28.13	0.61	Neural Network (Specific Model)	11	0.892	1907	247.39190573770492	1620578	0.52	1952	895	6771	None
SRR22878281_binette_bin122.fasta	26.82	0.39	Neural Network (Specific Model)	11	0.908	1461	223.49137585238668	1837495	0.63	2493	1247	4463	None
SRR22878281_binette_bin123.fasta	30.77	1.79	Neural Network (Specific Model)	11	0.887	1487	197.46122209165688	1133934	0.45	1702	759	4547	None
SRR22878281_binette_bin124.fasta	25.81	0.73	Neural Network (Specific Model)	11	0.868	2765	261.5328859060403	1343760	0.5	1490	550	8150	None
SRR22878281_binette_bin126.fasta	26.63	1.32	Neural Network (Specific Model)	11	0.903	2431	265.0434412265758	2063342	0.54	2348	984	7961	None
SRR22878281_binette_bin127.fasta	31.36	3.48	Neural Network (Specific Model)	11	0.818	3139	222.20881796050853	3003098	0.47	3697	1144	47340	None
SRR22878281_binette_bin128.fasta	26.85	1.13	Neural Network (Specific Model)	11	0.925	1833	226.7492043284532	1152278	0.62	1571	646	5003	None
SRR22878281_binette_bin129.fasta	31.59	3.89	Neural Network (Specific Model)	11	0.932	1260	198.19716599190284	1570423	0.59	2470	1199	4991	None
SRR22878281_binette_bin13.fasta	98.24	0.05	Gradient Boost (General Model)	11	0.922	69042	323.94021960146404	2588289	0.35	2459	81	247899	None
SRR22878281_binette_bin131.fasta	24.47	0.41	Neural Network (Specific Model)	11	0.91	1492	239.59856630824373	1538111	0.58	1953	1023	5170	None
SRR22878281_binette_bin132.fasta	22.32	0.39	Neural Network (Specific Model)	11	0.929	10960	299.5613126079447	1117684	0.62	1158	116	20704	None
SRR22878281_binette_bin133.fasta	23.24	0.96	Neural Network (Specific Model)	11	0.874	1487	194.797476340694	1056969	0.38	1585	676	8348	None
SRR22878281_binette_bin14.fasta	82.74	0.51	Neural Network (Specific Model)	11	0.887	12149	321.66526315789474	2579338	0.31	2375	261	58185	None
SRR22878281_binette_bin144.fasta	33.53	7.35	Neural Network (Specific Model)	11	0.865	1552	212.76190476190476	231628	0.5	315	145	3222	None
SRR22878281_binette_bin145.fasta	19.18	0.88	Neural Network (Specific Model)	11	0.909	6972	206.50219298245614	309590	0.44	456	73	44594	None
SRR22878281_binette_bin147.fasta	19.85	1.7	Neural Network (Specific Model)	11	0.954	1897	348.737003058104	1432798	0.35	1308	790	11480	None
SRR22878281_binette_bin15.fasta	100.0	1.54	Gradient Boost (General Model)	11	0.914	16037	294.0283542823736	3294113	0.57	3421	286	108948	None
SRR22878281_binette_bin150.fasta	12.68	0.08	Neural Network (Specific Model)	11	0.763	3263	200.79726651480638	345479	0.3	439	114	29045	None
SRR22878281_binette_bin151.fasta	20.71	2.54	Neural Network (Specific Model)	11	0.825	2668	232.69183359013869	1095761	0.3	1298	421	13737	None
SRR22878281_binette_bin152.fasta	16.29	0.55	Neural Network (Specific Model)	11	0.822	1377	196.25443786982248	724276	0.51	1014	514	4547	None
SRR22878281_binette_bin153.fasta	15.72	0.51	Neural Network (Specific Model)	11	0.922	1314	228.54551451187336	1124357	0.67	1516	832	3863	None
SRR22878281_binette_bin154.fasta	17.43	1.22	Neural Network (Specific Model)	11	0.924	1269	198.42648253452478	791539	0.34	1231	632	2609	None
SRR22878281_binette_bin155.fasta	14.97	0.38	Neural Network (Specific Model)	11	0.888	1244	186.77961432506888	685196	0.31	1089	536	3504	None
SRR22878281_binette_bin156.fasta	15.43	0.75	Neural Network (Specific Model)	11	0.869	1947	226.1185510428101	709694	0.34	911	346	26562	None
SRR22878281_binette_bin157.fasta	14.43	0.13	Neural Network (Specific Model)	11	0.852	1238	195.31379621280433	759860	0.48	1109	595	3009	None
SRR22878281_binette_bin16.fasta	98.65	1.38	Neural Network (Specific Model)	11	0.85	26173	321.4769647696477	5855259	0.38	5166	333	95332	None
SRR22878281_binette_bin17.fasta	98.41	1.26	Gradient Boost (General Model)	11	0.916	14002	305.5291894162117	4755809	0.68	4762	511	88231	None
SRR22878281_binette_bin174.fasta	13.94	1.62	Neural Network (Specific Model)	11	0.914	3535	152.5550049554014	502534	0.36	1009	185	137913	None
SRR22878281_binette_bin175.fasta	11.63	0.5	Neural Network (Specific Model)	11	0.866	2880	266.36657101865137	1282988	0.58	1394	538	14491	None
SRR22878281_binette_bin176.fasta	10.94	0.22	Neural Network (Specific Model)	11	0.883	8380	275.05928853754943	471807	0.29	506	102	36299	None
SRR22878281_binette_bin177.fasta	11.12	0.68	Neural Network (Specific Model)	11	0.955	2040	485.8740849194729	1041669	0.47	683	531	12111	None
SRR22878281_binette_bin178.fasta	10.87	0.08	Neural Network (Specific Model)	11	0.886	2032	241.93630573248407	513197	0.5	628	272	5960	None
SRR22878281_binette_bin179.fasta	10.96	0.16	Neural Network (Specific Model)	11	0.811	4202	218.93006993006992	577892	0.3	715	140	14963	None
SRR22878281_binette_bin180.fasta	11.73	0.61	Neural Network (Specific Model)	11	0.877	1763	183.9252615844544	419385	0.31	669	235	9141	None
SRR22878281_binette_bin181.fasta	10.62	0.04	Neural Network (Specific Model)	11	0.912	11439	306.8272727272727	553934	0.61	550	57	67463	None
SRR22878281_binette_bin190.fasta	10.14	0.09	Neural Network (Specific Model)	11	0.883	2745	250.10903873744618	590918	0.49	697	242	8765	None
SRR22878281_binette_bin191.fasta	9.55	0.13	Neural Network (Specific Model)	11	0.794	5046	219.374829001368	604118	0.47	731	177	27510	None
SRR22878281_binette_bin192.fasta	9.15	0.0	Neural Network (Specific Model)	11	0.837	5373	266.5387096774194	295670	0.48	310	55	5679	None
SRR22878281_binette_bin193.fasta	9.74	0.39	Neural Network (Specific Model)	11	0.87	2339	228.02153110047846	327711	0.35	418	144	23320	None
SRR22878281_binette_bin194.fasta	22.08	6.74	Neural Network (Specific Model)	11	0.858	1696	177.31473214285714	277061	0.55	448	159	7262	None
SRR22878281_binette_bin195.fasta	8.92	0.08	Neural Network (Specific Model)	11	0.816	2715	213.69325997248967	568797	0.48	727	237	8797	None
SRR22878281_binette_bin196.fasta	8.71	0.04	Neural Network (Specific Model)	11	0.915	1334	217.96317829457365	368222	0.37	516	260	5611	None
SRR22878281_binette_bin197.fasta	8.71	0.14	Neural Network (Specific Model)	11	0.918	1333	200.2165137614679	355021	0.51	545	243	25198	None
SRR22878281_binette_bin199.fasta	8.47	0.22	Neural Network (Specific Model)	11	0.949	2670	550.7582417582418	633579	0.56	364	279	13127	None
SRR22878281_binette_bin208.fasta	8.34	0.31	Neural Network (Specific Model)	11	0.869	2057	206.04278606965175	712757	0.54	1005	346	14819	None
SRR22878281_binette_bin209.fasta	7.96	0.13	Neural Network (Specific Model)	11	0.918	8315	212.5746887966805	333707	0.31	482	51	18724	None
SRR22878281_binette_bin210.fasta	7.8	0.02	Neural Network (Specific Model)	11	0.897	3558	230.6690909090909	211136	0.56	275	68	14427	None
SRR22878281_binette_bin211.fasta	7.33	0.0	Neural Network (Specific Model)	11	0.888	3195	294.4691780821918	289836	0.56	292	90	3507	None
SRR22878281_binette_bin212.fasta	7.43	0.02	Neural Network (Specific Model)	11	0.843	11767	243.02392344497608	540234	0.54	627	53	31382	None
SRR22878281_binette_bin213.fasta	7.66	0.12	Neural Network (Specific Model)	11	0.901	1290	212.47664835164835	513378	0.55	728	390	2894	None
SRR22878281_binette_bin218.fasta	7.22	0.0	Neural Network (Specific Model)	11	0.919	1508	220.40857142857143	251166	0.57	350	167	2673	None
SRR22878281_binette_bin219.fasta	7.13	0.0	Neural Network (Specific Model)	11	0.856	2963	250.38135593220338	206620	0.49	236	70	3155	None
SRR22878281_binette_bin220.fasta	7.09	0.0	Neural Network (Specific Model)	11	0.929	8278	318.86241610738256	306553	0.61	298	37	8595	None
SRR22878281_binette_bin221.fasta	7.17	0.0	Neural Network (Specific Model)	11	0.834	1915	203.0802348336595	372128	0.49	511	189	9525	None
SRR22878281_binette_bin230.fasta	7.55	0.33	Neural Network (Specific Model)	11	0.94	1892	386.5801011804385	730722	0.61	593	374	14078	None
SRR22878281_binette_bin231.fasta	7.35	0.2	Neural Network (Specific Model)	11	0.872	3361	297.10683012259193	581860	0.54	571	177	19548	None
SRR22878281_binette_bin232.fasta	7.56	0.26	Neural Network (Specific Model)	11	0.831	1660	201.0178359096314	607703	0.47	841	367	5584	None
SRR22878281_binette_bin233.fasta	6.43	0.0	Neural Network (Specific Model)	11	0.895	2250	234.89285714285714	373725	0.6	476	165	2573	None
SRR22878281_binette_bin234.fasta	7.18	0.25	Neural Network (Specific Model)	11	0.866	2561	237.5248	511419	0.5	625	223	11853	None
SRR22878281_binette_bin235.fasta	6.56	0.02	Neural Network (Specific Model)	11	0.857	14706	273.9736070381232	326559	0.41	341	36	22689	None
SRR22878281_binette_bin243.fasta	6.4	0.02	Neural Network (Specific Model)	11	0.794	8952	229.15478615071282	423907	0.56	491	59	40782	None
SRR22878281_binette_bin244.fasta	6.45	0.01	Neural Network (Specific Model)	11	0.877	1557	239.57110091743118	356605	0.5	436	222	5562	None
SRR22878281_binette_bin245.fasta	6.31	0.0	Neural Network (Specific Model)	11	0.874	1301	177.7581863979849	240825	0.57	397	178	2698	None
SRR22878281_binette_bin246.fasta	6.25	0.01	Neural Network (Specific Model)	11	0.858	5393	264.13229571984436	236942	0.43	257	44	5632	None
SRR22878281_binette_bin247.fasta	6.57	0.0	Neural Network (Specific Model)	11	0.876	1180	205.91780821917808	205511	0.66	292	170	1994	None
SRR22878281_binette_bin256.fasta	5.55	0.0	Neural Network (Specific Model)	11	0.935	10771	323.964	259337	0.61	250	24	11348	None
SRR22878281_binette_bin257.fasta	5.52	0.0	Neural Network (Specific Model)	11	0.883	9986	278.23706896551727	218696	0.47	232	22	10238	None
SRR22878281_binette_bin264.fasta	5.34	0.02	Neural Network (Specific Model)	11	0.872	1154	192.28571428571428	309231	0.52	469	256	2453	None
SRR22878281_binette_bin265.fasta	5.1	0.0	Neural Network (Specific Model)	11	0.895	10726	301.7581395348837	216427	0.6	215	27	31159	None
SRR22878281_binette_bin266.fasta	4.94	0.01	Neural Network (Specific Model)	11	0.864	2747	295.29680365296804	224359	0.31	219	83	32102	None
SRR22878281_binette_bin267.fasta	5.14	0.0	Neural Network (Specific Model)	11	0.799	2063	213.48110831234257	317387	0.5	397	157	7080	None
SRR22878281_binette_bin268.fasta	4.69	0.0	Neural Network (Specific Model)	11	0.857	1837	206.390243902439	206995	0.29	287	120	4260	None
SRR22878281_binette_bin269.fasta	4.48	0.0	Neural Network (Specific Model)	11	0.864	1229	181.90285714285713	220450	0.56	350	174	2950	None
SRR22878281_binette_bin280.fasta	3.95	0.0	Neural Network (Specific Model)	11	0.863	10177	286.5397489539749	237470	0.54	239	30	23879	None
SRR22878281_binette_bin281.fasta	3.79	0.0	Neural Network (Specific Model)	11	0.892	1894	258.9641577060932	242075	0.55	279	130	5203	None
SRR22878281_binette_bin282.fasta	3.63	0.01	Neural Network (Specific Model)	11	0.86	1244	181.82739726027398	230788	0.51	365	182	2783	None
SRR22878281_binette_bin283.fasta	3.52	0.0	Neural Network (Specific Model)	11	0.818	1474	208.8453947368421	231408	0.5	304	150	7616	None
SRR22878281_binette_bin284.fasta	3.13	0.0	Neural Network (Specific Model)	11	0.837	1596	180.0	208448	0.29	324	122	11108	None
SRR22878281_binette_bin36.fasta	94.62	1.27	Gradient Boost (General Model)	11	0.929	51162	323.55834533854704	5068168	0.62	4859	170	183065	None
SRR22878281_binette_bin37.fasta	93.23	0.82	Neural Network (Specific Model)	11	0.897	20657	310.258128357365	3664663	0.36	3537	293	74056	None
SRR22878281_binette_bin38.fasta	100.0	4.08	Gradient Boost (General Model)	11	0.921	9269	294.81211812627294	5647531	0.54	5892	876	67003	None
SRR22878281_binette_bin39.fasta	100.0	4.49	Gradient Boost (General Model)	11	0.919	8215	281.50018635855383	2461687	0.49	2683	444	36883	None
SRR22878281_binette_bin4.fasta	98.47	0.11	Gradient Boost (General Model)	11	0.845	12032	327.95757403189066	4084693	0.46	3512	519	42482	None
SRR22878281_binette_bin40.fasta	92.41	1.0	Neural Network (Specific Model)	11	0.927	15998	322.9889129259059	3861683	0.36	3698	375	61083	None
SRR22878281_binette_bin48.fasta	93.93	2.98	Gradient Boost (General Model)	11	0.929	26583	311.7335873388042	3425781	0.6	3412	222	82825	None
SRR22878281_binette_bin49.fasta	92.64	1.81	Neural Network (Specific Model)	11	0.883	15376	296.04527913558013	3905445	0.59	3887	432	62399	None
SRR22878281_binette_bin5.fasta	100.0	0.19	Gradient Boost (General Model)	11	0.905	30820	288.23060618906317	2251833	0.39	2359	133	102840	None
SRR22878281_binette_bin58.fasta	89.28	1.76	Gradient Boost (General Model)	11	0.935	34061	321.28010610079576	3877446	0.62	3770	167	77593	None
SRR22878281_binette_bin59.fasta	84.89	0.81	Neural Network (Specific Model)	11	0.913	15976	308.35586101565485	2649286	0.31	2619	225	64046	None
SRR22878281_binette_bin60.fasta	93.55	5.95	Gradient Boost (General Model)	11	0.913	13074	284.3929949539923	3144017	0.45	3369	421	50359	None
SRR22878281_binette_bin61.fasta	83.2	0.8	Neural Network (Specific Model)	11	0.909	7352	281.6638888888889	3008322	0.31	3240	616	28198	None
SRR22878281_binette_bin62.fasta	87.54	2.88	Gradient Boost (General Model)	11	0.906	6597	287.7797250859106	2765227	0.6	2910	575	61870	None
SRR22878281_binette_bin63.fasta	87.76	3.15	Gradient Boost (General Model)	11	0.921	3896	249.87884267631102	2247253	0.3	2765	736	17102	None
SRR22878281_binette_bin64.fasta	90.06	5.31	Gradient Boost (General Model)	11	0.918	3391	239.40060572687224	2833379	0.6	3632	1019	33793	None
SRR22878281_binette_bin65.fasta	95.14	7.07	Gradient Boost (General Model)	11	0.914	21929	319.8795608108108	6208039	0.68	5920	517	144641	None
SRR22878281_binette_bin66.fasta	86.41	2.86	Gradient Boost (General Model)	11	0.892	3413	246.92605205546096	3410656	0.36	4111	1221	19932	None
SRR22878281_binette_bin67.fasta	86.04	2.84	Gradient Boost (General Model)	11	0.881	6023	268.63546036652684	4133667	0.56	4529	871	41688	None
SRR22878281_binette_bin68.fasta	82.14	1.93	Gradient Boost (General Model)	11	0.877	7616	327.3062857142857	4890947	0.55	4375	816	35390	None
SRR22878281_binette_bin69.fasta	85.29	3.86	Gradient Boost (General Model)	11	0.9	7234	259.5499557913351	1953969	0.41	2262	408	62623	None
SRR22878281_binette_bin71.fasta	77.08	1.2	Neural Network (Specific Model)	11	0.905	5577	287.0589879787531	3398470	0.3	3577	789	32480	None
SRR22878281_binette_bin72.fasta	79.34	2.75	Gradient Boost (General Model)	11	0.873	2911	249.41435294117647	3636181	0.48	4250	1430	11767	None
SRR22878281_binette_bin73.fasta	82.62	4.02	Gradient Boost (General Model)	11	0.927	7437	280.8501728774491	2360525	0.49	2603	412	24601	None
SRR22878281_binette_bin84.fasta	68.12	1.54	Gradient Boost (General Model)	11	0.909	2289	238.58700467634753	3193485	0.49	4063	1526	9440	None
SRR22878281_binette_bin85.fasta	61.67	0.15	Gradient Boost (General Model)	11	0.906	2368	238.95937737281702	2080416	0.54	2634	962	12457	None
SRR22878281_binette_bin87.fasta	62.02	0.53	Gradient Boost (General Model)	11	0.868	1756	212.35972461273667	1703068	0.55	2324	968	7255	None
SRR22878281_binette_bin89.fasta	47.32	1.18	Gradient Boost (General Model)	11	0.876	4132	275.09531680440773	3410191	0.5	3630	1057	20882	None
SRR22878282_binette_bin100.fasta	9.96	0.13	Neural Network (Specific Model)	11	0.944	2954	352.60550458715596	366240	0.32	327	145	16077	None
SRR22878282_binette_bin101.fasta	12.25	0.78	Neural Network (Specific Model)	11	0.842	3636	231.7068783068783	778818	0.41	945	260	16227	None
SRR22878282_binette_bin102.fasta	11.13	0.45	Neural Network (Specific Model)	11	0.928	3638	355.7739307535642	564221	0.33	491	200	15286	None
SRR22878282_binette_bin103.fasta	13.7	3.1	Neural Network (Specific Model)	11	0.768	1758	172.58972554539056	955476	0.3	1421	559	12179	None
SRR22878282_binette_bin108.fasta	10.59	0.27	Neural Network (Specific Model)	11	0.904	1314	205.60502283105023	596839	0.5	876	445	2572	None
SRR22878282_binette_bin109.fasta	9.53	0.01	Neural Network (Specific Model)	11	0.889	2836	227.77350993377485	578266	0.47	755	232	11026	None
SRR22878282_binette_bin118.fasta	9.1	0.11	Neural Network (Specific Model)	11	0.868	1396	189.25553319919518	323835	0.26	497	224	4631	None
SRR22878282_binette_bin120.fasta	8.4	0.05	Neural Network (Specific Model)	11	0.907	5999	303.4934725848564	383848	0.35	383	99	45088	None
SRR22878282_binette_bin121.fasta	8.43	0.07	Neural Network (Specific Model)	11	0.928	1275	201.4714640198511	261872	0.31	403	196	4959	None
SRR22878282_binette_bin122.fasta	7.94	0.0	Neural Network (Specific Model)	11	0.919	2055	230.76388888888889	378694	0.5	504	201	6992	None
SRR22878282_binette_bin123.fasta	8.06	0.07	Neural Network (Specific Model)	11	0.905	1567	203.9918699186992	415023	0.32	615	269	5280	None
SRR22878282_binette_bin124.fasta	7.74	0.0	Neural Network (Specific Model)	11	0.873	1308	186.340625	204422	0.57	320	153	3896	None
SRR22878282_binette_bin125.fasta	7.49	0.01	Neural Network (Specific Model)	11	0.901	1385	193.59787234042554	302217	0.29	470	216	3460	None
SRR22878282_binette_bin127.fasta	7.5	0.0	Neural Network (Specific Model)	11	0.8	1347	186.41986455981942	308659	0.4	443	226	4177	None
SRR22878282_binette_bin128.fasta	7.35	0.02	Neural Network (Specific Model)	11	0.871	13605	271.7142857142857	268236	0.39	287	44	46493	None
SRR22878282_binette_bin13.fasta	95.3	0.18	Gradient Boost (General Model)	11	0.862	6288	288.5876344086021	5595980	0.4	5580	1249	44424	None
SRR22878282_binette_bin130.fasta	7.81	0.35	Neural Network (Specific Model)	11	0.887	4081	274.4668721109399	601611	0.47	649	185	30809	None
SRR22878282_binette_bin131.fasta	6.71	0.06	Neural Network (Specific Model)	11	0.833	1752	202.9574780058651	496945	0.38	682	277	13173	None
SRR22878282_binette_bin174.fasta	5.06	0.0	Neural Network (Specific Model)	11	0.9	1193	187.12074303405572	201078	0.4	323	163	3338	None
SRR22878282_binette_bin175.fasta	5.41	0.0	Neural Network (Specific Model)	11	0.86	1243	193.45074626865673	225770	0.39	335	175	3190	None
SRR22878282_binette_bin176.fasta	5.74	0.27	Neural Network (Specific Model)	11	0.88	1882	164.63587921847247	314384	0.4	563	164	40479	None
SRR22878282_binette_bin178.fasta	4.83	0.0	Neural Network (Specific Model)	11	0.96	1413	244.98220640569394	214687	0.64	281	146	5670	None
SRR22878282_binette_bin179.fasta	4.65	0.0	Neural Network (Specific Model)	11	0.855	1254	198.00239808153478	289260	0.32	417	221	3758	None
SRR22878282_binette_bin18.fasta	91.12	0.41	Neural Network (Specific Model)	11	0.915	11905	310.800350262697	2906246	0.38	2855	340	45419	None
SRR22878282_binette_bin182.fasta	4.63	0.0	Neural Network (Specific Model)	11	0.958	93865	297.20388349514565	95495	0.29	103	2	93865	None
SRR22878282_binette_bin183.fasta	4.52	0.0	Neural Network (Specific Model)	11	0.916	1940	238.01139601139602	273336	0.36	351	144	30480	None
SRR22878282_binette_bin19.fasta	95.27	2.07	Neural Network (Specific Model)	11	0.915	13846	323.6351636747624	4014204	0.36	3788	459	69741	None
SRR22878282_binette_bin194.fasta	9.21	5.91	Neural Network (Specific Model)	11	0.885	1564	222.12919896640827	291041	0.45	387	179	6778	None
SRR22878282_binette_bin195.fasta	10.77	6.94	Neural Network (Specific Model)	11	0.928	2981	241.7076411960133	234810	0.35	301	84	9727	None
SRR22878282_binette_bin20.fasta	92.25	1.74	Gradient Boost (General Model)	11	0.93	6023	269.51732605729876	3177627	0.33	3665	733	36767	None
SRR22878282_binette_bin21.fasta	90.07	1.23	Gradient Boost (General Model)	11	0.917	14959	326.08966565349544	3507354	0.32	3290	363	44693	None
SRR22878282_binette_bin31.fasta	82.7	5.38	Gradient Boost (General Model)	11	0.861	6792	291.3576850094877	2138864	0.44	2108	367	35402	Low confidence prediction - substantial (32%) disagreement between completeness prediction models
SRR22878282_binette_bin33.fasta	70.42	1.95	Gradient Boost (General Model)	11	0.924	2896	257.7453030840128	4713864	0.68	5642	1842	14478	None
SRR22878282_binette_bin34.fasta	68.05	1.25	Gradient Boost (General Model)	11	0.921	4027	255.61640324647587	1946431	0.3	2341	542	13796	None
SRR22878282_binette_bin35.fasta	68.61	1.7	Gradient Boost (General Model)	11	0.897	9924	302.58864159631617	2633191	0.42	2606	328	29490	None
SRR22878282_binette_bin37.fasta	68.81	2.82	Gradient Boost (General Model)	11	0.92	4585	265.00785994998216	2416045	0.38	2799	648	25799	None
SRR22878282_binette_bin38.fasta	68.24	3.39	Gradient Boost (General Model)	11	0.826	2582	184.4551623848764	1377598	0.31	2063	612	11906	None
SRR22878282_binette_bin40.fasta	62.87	2.06	Neural Network (Specific Model)	11	0.925	4867	282.0893087161872	2127513	0.31	2329	572	21860	None
SRR22878282_binette_bin41.fasta	61.41	2.52	Neural Network (Specific Model)	11	0.935	3343	249.25758205234732	1921606	0.28	2407	679	16878	None
SRR22878282_binette_bin42.fasta	58.39	3.91	Gradient Boost (General Model)	11	0.943	2457	241.1470258136925	2729005	0.66	3564	1200	14377	None
SRR22878282_binette_bin43.fasta	50.65	0.48	Gradient Boost (General Model)	11	0.922	2571	248.75477542591636	1564657	0.51	1937	663	7248	None
SRR22878282_binette_bin44.fasta	60.37	5.29	Gradient Boost (General Model)	4	0.924	14576	276.2448979591837	218532	0.25	245	24	24148	None
SRR22878282_binette_bin45.fasta	57.08	4.26	Neural Network (Specific Model)	11	0.847	12578	297.0817133443163	3191891	0.43	3035	350	42443	Low confidence prediction - substantial (28%) disagreement between completeness prediction models
SRR22878282_binette_bin47.fasta	53.51	3.8	Gradient Boost (General Model)	11	0.892	2982	247.97005988023952	1947109	0.47	2338	730	13233	None
SRR22878282_binette_bin55.fasta	37.89	1.2	Neural Network (Specific Model)	11	0.927	3446	264.390625	1365849	0.49	1600	373	16283	None
SRR22878282_binette_bin56.fasta	36.63	0.97	Neural Network (Specific Model)	11	0.936	2383	236.23144360023377	1292929	0.33	1711	594	9920	None
SRR22878282_binette_bin57.fasta	49.34	8.14	Gradient Boost (General Model)	11	0.816	4141	198.91608391608392	208847	0.28	286	53	9023	None
SRR22878282_binette_bin64.fasta	27.24	1.38	Neural Network (Specific Model)	11	0.908	2578	234.46935348446684	921232	0.48	1191	401	14564	None
SRR22878282_binette_bin65.fasta	25.1	0.59	Neural Network (Specific Model)	11	0.942	3666	278.8113532110092	1544309	0.62	1744	379	19127	None
SRR22878282_binette_bin67.fasta	28.83	3.9	Neural Network (Specific Model)	11	0.888	4190	261.9756888168558	1090927	0.42	1234	325	27565	None
SRR22878282_binette_bin68.fasta	20.22	0.01	Neural Network (Specific Model)	11	0.892	4162	274.44946492271106	775558	0.44	841	190	13339	None
SRR22878282_binette_bin69.fasta	23.34	5.21	Neural Network (Specific Model)	4	0.838	2073	235.16477272727272	1174361	0.45	1408	588	11495	None
SRR22878282_binette_bin80.fasta	14.78	0.18	Neural Network (Specific Model)	11	0.929	1414	208.27197149643706	564571	0.49	842	385	4291	None
SRR22878282_binette_bin81.fasta	13.89	0.04	Neural Network (Specific Model)	11	0.883	1735	213.27864583333334	555681	0.45	768	337	3604	None
SRR22878282_binette_bin82.fasta	14.14	0.23	Neural Network (Specific Model)	11	0.873	1360	197.50249376558602	543514	0.34	802	386	4617	None
SRR22878282_binette_bin83.fasta	15.9	1.13	Neural Network (Specific Model)	11	0.881	5596	234.10333048676344	931022	0.3	1171	272	30001	None
SRR22878282_binette_bin84.fasta	14.2	0.37	Neural Network (Specific Model)	11	0.892	15245	302.49038461538464	528178	0.41	520	46	82872	None
SRR22878282_binette_bin85.fasta	10.6	0.08	Neural Network (Specific Model)	11	0.822	6631	225.66357308584688	354126	0.29	431	94	25797	None
SRR22878282_binette_bin86.fasta	15.6	1.65	Neural Network (Specific Model)	11	0.897	1297	227.08111702127658	570219	0.46	752	421	4557	None
SRR22878282_binette_bin87.fasta	12.87	0.04	Neural Network (Specific Model)	11	0.871	1657	213.82267441860466	758033	0.44	1032	458	6797	None
SRR22878282_binette_bin88.fasta	12.98	0.05	Neural Network (Specific Model)	11	0.925	1928	215.1872340425532	491247	0.34	705	269	5266	None
SRR22878282_binette_bin92.fasta	12.71	0.14	Neural Network (Specific Model)	11	0.922	1359	218.92354368932038	585207	0.36	824	420	4778	None
SRR22878282_binette_bin93.fasta	13.05	0.43	Neural Network (Specific Model)	11	0.915	1598	211.05448154657293	392879	0.49	569	243	4930	None
SRR22878283_binette_bin10.fasta	99.9	1.44	Neural Network (Specific Model)	11	0.885	16911	314.9588820209621	3971126	0.38	3721	357	50461	None
SRR22878283_binette_bin100.fasta	10.37	0.01	Neural Network (Specific Model)	4	0.834	9040	301.7590361445783	358230	0.5	332	48	24733	None
SRR22878283_binette_bin101.fasta	23.54	5.85	Neural Network (Specific Model)	4	0.809	6530	246.3877551020408	1552537	0.51	1715	356	63999	None
SRR22878283_binette_bin102.fasta	13.35	0.05	Neural Network (Specific Model)	4	0.742	11641	260.2119205298013	787969	0.52	755	134	38491	None
SRR22878283_binette_bin103.fasta	11.17	0.09	Neural Network (Specific Model)	11	0.919	2035	223.54545454545453	256055	0.5	352	134	3647	None
SRR22878283_binette_bin108.fasta	11.0	0.07	Neural Network (Specific Model)	11	0.904	2616	245.03205918618988	658535	0.38	811	299	5943	None
SRR22878283_binette_bin109.fasta	10.52	0.0	Neural Network (Specific Model)	11	0.938	56651	332.672	398084	0.56	375	7	57907	None
SRR22878283_binette_bin11.fasta	100.0	1.64	Gradient Boost (General Model)	11	0.871	101075	344.573069241012	7119403	0.57	6008	125	429908	None
SRR22878283_binette_bin118.fasta	9.39	0.03	Neural Network (Specific Model)	11	0.842	3906	273.61830065359476	744930	0.36	765	203	12456	None
SRR22878283_binette_bin119.fasta	12.38	1.48	Neural Network (Specific Model)	11	0.769	2913	183.26303680981596	929257	0.3	1304	365	27072	None
SRR22878283_binette_bin12.fasta	99.06	1.05	Neural Network (Specific Model)	11	0.911	142620	347.5581224789146	3116660	0.42	2727	52	326856	None
SRR22878283_binette_bin120.fasta	10.9	0.01	Neural Network (Specific Model)	4	0.787	9693	205.99354838709678	359634	0.5	465	49	35177	None
SRR22878283_binette_bin121.fasta	11.01	0.89	Neural Network (Specific Model)	11	0.862	2380	150.717123935667	551721	0.31	1057	240	9441	None
SRR22878283_binette_bin122.fasta	9.47	0.3	Neural Network (Specific Model)	11	0.932	1991	223.83552631578948	218722	0.56	304	118	3170	None
SRR22878283_binette_bin123.fasta	7.65	0.13	Neural Network (Specific Model)	4	0.786	14322	321.28880866425993	338397	0.52	277	35	26887	None
SRR22878283_binette_bin124.fasta	8.52	0.0	Neural Network (Specific Model)	11	0.897	1394	240.09803921568627	531354	0.37	663	383	3656	None
SRR22878283_binette_bin125.fasta	8.78	0.03	Neural Network (Specific Model)	11	0.899	1482	198.43170731707318	271259	0.43	410	181	3139	None
SRR22878283_binette_bin126.fasta	8.82	0.05	Neural Network (Specific Model)	11	0.903	2332	262.1231884057971	239777	0.51	276	103	2548	None
SRR22878283_binette_bin127.fasta	8.51	0.01	Neural Network (Specific Model)	11	0.921	1366	237.1679748822606	491162	0.53	637	362	2190	None
SRR22878283_binette_bin128.fasta	8.44	0.01	Neural Network (Specific Model)	11	0.912	68796	312.39925373134326	275129	0.51	268	4	70290	None
SRR22878283_binette_bin129.fasta	8.59	0.03	Neural Network (Specific Model)	11	0.839	4824	229.17297297297299	605651	0.43	740	187	19230	None
SRR22878283_binette_bin13.fasta	100.0	2.33	Gradient Boost (General Model)	11	0.884	119511	336.5778468982202	6601091	0.52	5787	134	345821	None
SRR22878283_binette_bin130.fasta	9.22	0.0	Neural Network (Specific Model)	11	0.732	15078	250.4835886214442	466963	0.53	457	53	30190	None
SRR22878283_binette_bin131.fasta	8.43	0.0	Neural Network (Specific Model)	11	0.902	10238	308.72843450479235	320792	0.46	313	34	56558	None
SRR22878283_binette_bin146.fasta	7.59	0.14	Neural Network (Specific Model)	11	0.897	4543	269.2123552123552	232882	0.47	259	54	18669	None
SRR22878283_binette_bin147.fasta	7.39	0.0	Neural Network (Specific Model)	11	0.925	1459	190.49330357142858	276171	0.56	448	188	4118	None
SRR22878283_binette_bin150.fasta	7.29	0.03	Neural Network (Specific Model)	11	0.88	2052	209.37744360902255	472819	0.26	665	243	12867	None
SRR22878283_binette_bin151.fasta	6.1	0.05	Neural Network (Specific Model)	4	0.811	9198	275.91614906832297	325431	0.51	322	35	33846	None
SRR22878283_binette_bin152.fasta	7.09	0.03	Neural Network (Specific Model)	11	0.898	50297	248.9111111111111	297871	0.56	360	43	56879	None
SRR22878283_binette_bin153.fasta	7.4	0.0	Neural Network (Specific Model)	4	0.788	10479	247.36286919831224	221778	0.48	237	33	16516	None
SRR22878283_binette_bin154.fasta	6.82	0.04	Neural Network (Specific Model)	11	0.852	10366	249.76897689768978	265749	0.35	303	53	38010	None
SRR22878283_binette_bin155.fasta	6.7	0.08	Neural Network (Specific Model)	11	0.901	1442	199.85282258064515	329112	0.39	496	226	2715	None
SRR22878283_binette_bin156.fasta	6.52	0.03	Neural Network (Specific Model)	11	0.908	1304	196.62057877813504	201793	0.46	311	147	3055	None
SRR22878283_binette_bin157.fasta	6.51	0.03	Neural Network (Specific Model)	11	0.876	1314	201.70529801324503	208220	0.36	302	152	3200	None
SRR22878283_binette_bin191.fasta	6.27	0.0	Neural Network (Specific Model)	11	0.924	3896	224.03424657534248	211296	0.3	292	61	13119	None
SRR22878283_binette_bin192.fasta	10.07	0.16	Neural Network (Specific Model)	4	0.712	2998	144.1320754716981	571782	0.45	954	207	17860	None
SRR22878283_binette_bin193.fasta	6.84	0.32	Neural Network (Specific Model)	11	0.921	21294	217.57453416149067	226021	0.44	322	31	35302	None
SRR22878283_binette_bin195.fasta	6.2	0.01	Neural Network (Specific Model)	11	0.893	30790	286.3694779116466	238918	0.49	249	17	55132	None
SRR22878283_binette_bin196.fasta	6.12	0.0	Neural Network (Specific Model)	4	0.736	16980	270.3766233766234	253890	0.53	231	15	17326	None
SRR22878283_binette_bin198.fasta	7.95	0.01	Neural Network (Specific Model)	11	0.732	10842	239.73611111111111	281422	0.53	288	26	11318	None
SRR22878283_binette_bin21.fasta	94.86	1.12	Gradient Boost (General Model)	11	0.896	7830	313.3213670304423	3646461	0.38	3482	598	34231	None
SRR22878283_binette_bin210.fasta	5.33	0.1	Neural Network (Specific Model)	11	0.493	3916	139.11610486891385	447728	0.47	534	142	94468	None
SRR22878283_binette_bin211.fasta	5.21	0.0	Neural Network (Specific Model)	11	0.921	7068	470.0969696969697	252409	0.31	165	49	16544	None
SRR22878283_binette_bin212.fasta	5.13	0.01	Neural Network (Specific Model)	11	0.927	103435	358.82022471910113	206270	0.5	178	2	103435	None
SRR22878283_binette_bin218.fasta	3.79	0.0	Neural Network (Specific Model)	11	0.949	2530	497.42335766423355	215266	0.56	137	94	9767	None
SRR22878283_binette_bin22.fasta	96.33	1.75	Neural Network (Specific Model)	11	0.915	22540	295.99170124481327	3500162	0.56	3615	282	93066	None
SRR22878283_binette_bin222.fasta	3.72	0.0	Neural Network (Specific Model)	11	0.929	2442	388.15432098765433	202842	0.49	162	93	7713	None
SRR22878283_binette_bin23.fasta	92.96	0.89	Neural Network (Specific Model)	11	0.921	121283	350.94855559952515	2885040	0.31	2527	42	267739	None
SRR22878283_binette_bin231.fasta	5.2	3.08	Neural Network (Specific Model)	11	0.901	1959	247.15447154471545	202150	0.47	246	104	7795	None
SRR22878283_binette_bin28.fasta	91.1	0.64	Gradient Boost (General Model)	11	0.934	31852	340.33762283575106	4663836	0.56	4274	272	213465	None
SRR22878283_binette_bin29.fasta	93.66	1.38	Gradient Boost (General Model)	11	0.919	8402	285.81614156236515	2157521	0.5	2317	308	26059	None
SRR22878283_binette_bin54.fasta	63.14	1.36	Neural Network (Specific Model)	11	0.897	5294	262.52417006406523	3009904	0.28	3434	724	28796	None
SRR22878283_binette_bin57.fasta	60.21	3.47	Gradient Boost (General Model)	11	0.919	6245	282.7260151717983	2062292	0.51	2241	353	95167	None
SRR22878283_binette_bin58.fasta	69.02	10.18	Neural Network (Specific Model)	11	0.923	7360	278.60436485730276	3227562	0.57	3574	631	37332	None
SRR22878283_binette_bin59.fasta	51.24	5.89	Gradient Boost (General Model)	4	0.821	6397	256.51135581555405	1350713	0.47	1453	263	21557	Low confidence prediction - substantial (36%) disagreement between completeness prediction models
SRR22878283_binette_bin66.fasta	32.25	0.09	Neural Network (Specific Model)	11	0.937	2934	238.95212765957447	1147994	0.56	1504	440	9891	None
SRR22878283_binette_bin67.fasta	38.18	3.16	Neural Network (Specific Model)	11	0.918	5575	300.2266462480858	1919501	0.33	1959	431	24038	None
SRR22878283_binette_bin70.fasta	31.63	1.91	Neural Network (Specific Model)	11	0.912	2399	226.018018018018	1152980	0.47	1554	512	6049	None
SRR22878283_binette_bin71.fasta	36.84	4.44	Neural Network (Specific Model)	11	0.893	2383	241.01217391304348	1858335	0.51	2300	821	7030	None
SRR22878283_binette_bin72.fasta	26.87	0.03	Neural Network (Specific Model)	11	0.877	2429	237.37620578778134	1008636	0.45	1244	457	8678	None
SRR22878283_binette_bin73.fasta	25.38	0.17	Neural Network (Specific Model)	11	0.901	3234	246.69148264984227	1298233	0.47	1585	392	33009	None
SRR22878283_binette_bin74.fasta	24.92	0.06	Neural Network (Specific Model)	11	0.924	1730	208.99661876584955	800646	0.53	1183	469	7314	None
SRR22878283_binette_bin75.fasta	27.08	1.16	Neural Network (Specific Model)	11	0.911	1602	204.09969788519638	443823	0.43	662	286	4807	None
SRR22878283_binette_bin76.fasta	24.29	0.26	Neural Network (Specific Model)	11	0.862	3479	263.2993145468393	1200846	0.33	1313	337	10535	None
SRR22878283_binette_bin77.fasta	23.61	0.0	Neural Network (Specific Model)	11	0.868	1589	189.28144458281446	524192	0.43	803	331	3810	None
SRR22878283_binette_bin8.fasta	96.89	0.43	Gradient Boost (General Model)	11	0.915	155768	323.98488664987406	2526710	0.49	2382	30	289161	None
SRR22878283_binette_bin9.fasta	100.0	1.56	Gradient Boost (General Model)	11	0.772	153204	260.59149676777724	4060771	0.31	4022	680	522479	None
SRR22878283_binette_bin90.fasta	15.72	0.1	Neural Network (Specific Model)	11	0.935	1496	199.6355140186916	478556	0.51	749	320	4952	None
SRR22878283_binette_bin91.fasta	19.07	3.0	Neural Network (Specific Model)	4	0.855	4048	274.90423861852435	1219611	0.53	1274	413	12846	None
SRR22878283_binette_bin92.fasta	13.44	0.0	Neural Network (Specific Model)	11	0.927	2016	229.15354838709678	573736	0.38	775	305	5503	None
SRR22878283_binette_bin98.fasta	15.38	1.57	Neural Network (Specific Model)	11	0.892	8024	172.33367662203912	559515	0.36	971	114	56821	None
SRR22878283_binette_bin99.fasta	13.11	0.59	Neural Network (Specific Model)	11	0.932	1953	221.73345588235293	387663	0.33	544	208	6364	None
SRR22878281_binette_bin102.fasta	49.12	3.35	Gradient Boost (General Model)	11	0.882	1745	244.48981324278438	4889499	0.52	5890	2828	9429	None
SRR22878281_binette_bin103.fasta	45.41	0.97	Neural Network (Specific Model)	11	0.867	4362	307.0987505038291	2631729	0.51	2481	658	18234	None
SRR22878281_binette_bin104.fasta	60.33	9.46	Gradient Boost (General Model)	11	0.916	4906	183.71428571428572	846357	0.39	1414	246	77748	None
SRR22878281_binette_bin105.fasta	60.1	9.98	Gradient Boost (General Model)	11	0.838	3825	248.68731815848022	5192521	0.48	5843	1662	26904	None
SRR22878281_binette_bin106.fasta	49.31	4.85	Gradient Boost (General Model)	11	0.907	1723	229.2257627118644	3344984	0.6	4425	1893	13198	None
SRR22878281_binette_bin107.fasta	56.48	6.93	Gradient Boost (General Model)	11	0.891	1489	209.48567208271788	2381592	0.52	3385	1589	5817	None
SRR22878281_binette_bin158.fasta	13.95	0.33	Neural Network (Specific Model)	11	0.896	1240	196.90547703180212	744475	0.46	1132	576	4098	None
SRR22878281_binette_bin159.fasta	14.71	0.55	Neural Network (Specific Model)	11	0.85	7888	236.15859766277129	496722	0.37	599	113	36865	None
SRR22878281_binette_bin170.fasta	14.69	2.48	Neural Network (Specific Model)	11	0.865	1998	232.1398002853067	1126575	0.48	1402	586	7869	None
SRR22878281_binette_bin171.fasta	12.94	0.64	Neural Network (Specific Model)	11	0.936	38019	257.15119363395223	619672	0.42	754	58	86079	None
SRR22878281_binette_bin172.fasta	11.38	0.07	Neural Network (Specific Model)	11	0.859	2715	230.0183615819209	567429	0.47	708	225	8125	None
SRR22878281_binette_bin173.fasta	12.25	1.2	Neural Network (Specific Model)	11	0.821	4109	213.6126447016919	873353	0.48	1123	278	51723	None
SRR22878281_binette_bin18.fasta	96.14	1.18	Gradient Boost (General Model)	11	0.911	35873	329.0757829977629	3868861	0.41	3576	224	160378	None
SRR22878281_binette_bin198.fasta	8.88	0.19	Neural Network (Specific Model)	11	0.92	1610	234.085086042065	795896	0.66	1046	457	23431	None
SRR22878281_binette_bin214.fasta	7.88	0.16	Neural Network (Specific Model)	11	0.822	2267	213.34685314685314	553918	0.5	715	250	23057	None
SRR22878281_binette_bin215.fasta	8.35	0.5	Neural Network (Specific Model)	11	0.937	2294	233.47075208913648	267778	0.5	359	118	4967	None
SRR22878281_binette_bin216.fasta	7.35	0.0	Neural Network (Specific Model)	11	0.883	1932	247.08142493638678	329077	0.37	393	176	10400	None
SRR22878281_binette_bin217.fasta	7.26	0.0	Neural Network (Specific Model)	11	0.931	6538	290.5844155844156	215971	0.61	231	33	6772	None
SRR22878281_binette_bin248.fasta	6.53	0.21	Neural Network (Specific Model)	11	0.869	1571	205.66167290886392	566679	0.59	801	352	4690	None
SRR22878281_binette_bin249.fasta	6.22	0.03	Neural Network (Specific Model)	11	0.851	9297	239.90023752969122	354600	0.54	421	48	21973	None
SRR22878281_binette_bin260.fasta	5.45	0.0	Neural Network (Specific Model)	11	0.792	1730	183.89438202247192	308173	0.52	445	169	8318	None
SRR22878281_binette_bin261.fasta	5.4	0.04	Neural Network (Specific Model)	11	0.919	6302	173.20833333333334	229660	0.42	408	44	12581	None
SRR22878281_binette_bin262.fasta	5.25	0.05	Neural Network (Specific Model)	11	0.862	3198	444.19838056680163	381382	0.48	247	143	14517	None
SRR22878281_binette_bin263.fasta	5.26	0.02	Neural Network (Specific Model)	11	0.927	1765	267.12371134020617	250457	0.56	291	142	7978	None
SRR22878281_binette_bin30.fasta	97.86	2.36	Gradient Boost (General Model)	11	0.874	22953	307.07749488942574	5658930	0.61	5381	445	118452	None
SRR22878281_binette_bin31.fasta	90.67	2.86	Gradient Boost (General Model)	11	0.921	26635	309.00334001336006	3008408	0.49	2994	225	123118	None
SRR22878281_binette_bin32.fasta	93.51	0.66	Neural Network (Specific Model)	11	0.924	30607	325.0380610412926	2937245	0.31	2785	196	97007	None
SRR22878281_binette_bin33.fasta	94.34	1.21	Neural Network (Specific Model)	11	0.919	39816	326.613058419244	3099535	0.31	2910	119	138684	None
SRR22878281_binette_bin34.fasta	97.09	2.66	Gradient Boost (General Model)	11	0.824	11170	269.69213381555153	4339504	0.39	4424	672	52641	None
SRR22878281_binette_bin35.fasta	94.73	1.93	Neural Network (Specific Model)	11	0.824	64071	314.29664341761116	5243398	0.37	4588	146	242513	None
SRR22878281_binette_bin41.fasta	90.75	0.68	Gradient Boost (General Model)	11	0.924	8701	346.8113917248791	6277883	0.64	5583	1020	38672	None
SRR22878281_binette_bin43.fasta	94.03	1.88	Neural Network (Specific Model)	11	0.887	16379	307.7406669985067	4175080	0.41	4018	498	70947	None
SRR22878281_binette_bin44.fasta	92.56	1.67	Neural Network (Specific Model)	11	0.91	22646	300.96999699969996	3300934	0.51	3333	233	92989	None
SRR22878281_binette_bin45.fasta	90.61	0.87	Gradient Boost (General Model)	11	0.924	47057	310.38874172185433	3037279	0.5	3020	129	168272	None
SRR22878281_binette_bin46.fasta	93.95	1.97	Neural Network (Specific Model)	11	0.885	10462	281.71703806870937	4107738	0.39	4308	817	50263	None
SRR22878281_binette_bin47.fasta	92.63	1.81	Gradient Boost (General Model)	11	0.926	32315	321.7498441720341	5004748	0.62	4813	245	113368	None
SRR22878281_binette_bin80.fasta	80.62	7.52	Gradient Boost (General Model)	11	0.892	3384	269.4104998603742	3236041	0.62	3581	1131	16222	None
SRR22878281_binette_bin81.fasta	73.06	3.36	Gradient Boost (General Model)	11	0.917	3161	238.43509127789048	2304096	0.44	2958	856	14700	None
SRR22878281_binette_bin82.fasta	79.97	7.92	Gradient Boost (General Model)	11	0.834	4564	253.4427970346624	4540388	0.48	4991	1285	30869	None
SRR22878281_binette_bin83.fasta	67.53	1.58	Neural Network (Specific Model)	11	0.906	7912	286.7956989247312	2469178	0.37	2604	449	37380	None
SRR22878281_binette_bin86.fasta	66.39	2.37	Gradient Boost (General Model)	11	0.904	2408	240.64624361779724	3279224	0.32	4113	1499	12296	None
SRR22878282_binette_bin10.fasta	96.19	0.27	Neural Network (Specific Model)	11	0.901	34697	330.3140115163148	5724215	0.33	5210	279	215905	None
SRR22878282_binette_bin104.fasta	14.7	0.41	Neural Network (Specific Model)	4	0.709	3124	213.04034896401308	821000	0.5	917	341	29169	None
SRR22878282_binette_bin105.fasta	10.41	0.02	Neural Network (Specific Model)	11	0.891	4892	266.7883597883598	338938	0.47	378	66	33060	None
SRR22878282_binette_bin106.fasta	12.16	1.15	Neural Network (Specific Model)	11	0.935	2302	319.95669291338584	260313	0.39	254	115	12944	None
SRR22878282_binette_bin107.fasta	10.76	0.53	Neural Network (Specific Model)	11	0.931	1508	266.9450101832994	843318	0.35	982	565	3824	None
SRR22878282_binette_bin129.fasta	6.87	0.3	Neural Network (Specific Model)	11	0.954	2153	451.296918767507	506203	0.35	357	249	11581	None
SRR22878282_binette_bin14.fasta	94.18	0.31	Neural Network (Specific Model)	11	0.876	20481	314.4642951251647	4083885	0.44	3795	374	75526	None
SRR22878282_binette_bin15.fasta	96.86	2.09	Neural Network (Specific Model)	11	0.841	20657	328.33564764591017	5390487	0.45	4609	392	91366	None
SRR22878282_binette_bin16.fasta	92.77	0.78	Gradient Boost (General Model)	11	0.895	9700	297.05494505494505	2806192	0.32	2821	410	36588	None
SRR22878282_binette_bin170.fasta	6.01	0.01	Neural Network (Specific Model)	11	0.937	1336	199.5075630252101	379120	0.62	595	278	3074	None
SRR22878282_binette_bin171.fasta	5.85	0.0	Neural Network (Specific Model)	11	0.876	5350	275.3388429752066	227928	0.47	242	43	6001	None
SRR22878282_binette_bin172.fasta	5.35	0.0	Neural Network (Specific Model)	11	0.844	2434	201.25581395348837	337547	0.44	473	158	7278	None
SRR22878282_binette_bin173.fasta	5.11	0.01	Neural Network (Specific Model)	11	0.823	1596	184.10786516853932	297526	0.42	445	184	5406	None
SRR22878282_binette_bin177.fasta	5.15	0.0	Neural Network (Specific Model)	11	0.806	3047	253.21759259259258	406646	0.4	432	167	16807	None
SRR22878282_binette_bin39.fasta	65.7	3.49	Gradient Boost (General Model)	11	0.924	3333	253.7727895819054	2400184	0.38	2918	862	14442	None
SRR22878282_binette_bin48.fasta	49.36	1.76	Neural Network (Specific Model)	11	0.924	2258	244.57426679280985	1677029	0.34	2114	800	9129	None
SRR22878282_binette_bin60.fasta	31.1	0.35	Neural Network (Specific Model)	11	0.889	2034	229.55577956989248	1150401	0.47	1488	608	9065	None
SRR22878282_binette_bin61.fasta	31.28	0.64	Neural Network (Specific Model)	11	0.898	2145	226.20556023588878	895238	0.44	1187	442	8689	None
SRR22878282_binette_bin63.fasta	34.25	3.52	Neural Network (Specific Model)	11	0.925	1566	198.31139549055453	1053269	0.5	1641	702	2900	None
SRR22878283_binette_bin104.fasta	10.99	0.08	Neural Network (Specific Model)	11	0.945	1650	223.7030303030303	350481	0.49	495	212	4603	None
SRR22878283_binette_bin105.fasta	10.99	0.02	Neural Network (Specific Model)	4	0.774	8570	222.08988764044943	379286	0.47	445	59	29600	None
SRR22878283_binette_bin106.fasta	10.79	0.17	Neural Network (Specific Model)	4	0.783	11374	203.38272816486753	784728	0.49	1019	88	39801	None
SRR22878283_binette_bin107.fasta	10.66	0.04	Neural Network (Specific Model)	11	0.916	11166	320.03498542274053	358664	0.57	343	47	40086	None
SRR22878283_binette_bin158.fasta	8.44	0.12	Neural Network (Specific Model)	11	0.641	6155	158.3877338877339	706701	0.49	962	155	18484	None
SRR22878283_binette_bin213.fasta	5.04	0.0	Neural Network (Specific Model)	11	0.882	5773	305.0131004366812	237015	0.27	229	53	36440	None
SRR22878283_binette_bin214.fasta	4.96	0.09	Neural Network (Specific Model)	11	0.972	1491	415.0925925925926	276400	0.39	216	190	2803	None
SRR22878283_binette_bin215.fasta	4.78	0.0	Neural Network (Specific Model)	11	0.841	4093	223.23636363636365	349036	0.53	440	98	14151	None
SRR22878283_binette_bin216.fasta	4.28	0.0	Neural Network (Specific Model)	11	0.789	10104	224.65660377358492	225853	0.49	265	46	33720	None
SRR22878283_binette_bin217.fasta	4.04	0.03	Neural Network (Specific Model)	11	0.868	4296	270.778801843318	202592	0.31	217	63	10173	None
SRR22878283_binette_bin24.fasta	91.94	0.67	Neural Network (Specific Model)	11	0.891	90934	360.96028880866425	3362966	0.33	2770	76	217352	None
SRR22878283_binette_bin25.fasta	94.07	1.64	Neural Network (Specific Model)	11	0.882	33173	336.70537981990304	4954104	0.33	4331	253	105840	None
SRR22878283_binette_bin26.fasta	92.42	0.94	Neural Network (Specific Model)	11	0.876	23492	339.9110452186805	3136554	0.33	2698	190	109528	None
SRR22878283_binette_bin27.fasta	99.63	4.48	Gradient Boost (General Model)	11	0.851	47345	348.31143624962675	4107958	0.45	3349	148	132247	None
SRR22878283_binette_bin50.fasta	0.01	6.65	Neural Network (Specific Model)	4	0.821	12638	275.54268052084706	7594277	0.48	7603	851	42107	None
SRR22878283_binette_bin51.fasta	68.79	1.43	Gradient Boost (General Model)	11	0.892	6828	298.6420338983051	2960414	0.46	2950	496	26272	None
SRR22878283_binette_bin52.fasta	80.86	7.43	Gradient Boost (General Model)	11	0.92	9304	300.0918589464519	2242837	0.56	2297	272	35641	None
SRR22878283_binette_bin56.fasta	63.31	3.42	Gradient Boost (General Model)	11	0.921	4660	258.58595041322315	2034138	0.56	2420	544	26239	None
SRR22878283_binette_bin78.fasta	23.04	0.11	Neural Network (Specific Model)	11	0.94	2303	250.19158460161145	890240	0.56	1117	413	5962	None
SRR22878283_binette_bin79.fasta	22.68	0.0	Neural Network (Specific Model)	11	0.916	1951	223.09273182957392	581805	0.47	798	302	7874	None
SRR22878283_binette_bin93.fasta	13.55	0.03	Neural Network (Specific Model)	11	0.903	4284	249.31131019036954	738185	0.5	893	186	24450	None
SRR22878283_binette_bin94.fasta	13.33	0.19	Neural Network (Specific Model)	11	0.905	1701	202.52932330827068	444938	0.54	665	266	10101	None
SRR22878283_binette_bin95.fasta	13.8	0.78	Neural Network (Specific Model)	11	0.926	1588	212.07221006564552	313160	0.5	457	194	5007	None
SRR22878283_binette_bin96.fasta	13.29	0.58	Neural Network (Specific Model)	11	0.887	15186	259.76052249637155	603590	0.54	689	78	59264	None
SRR22878283_binette_bin97.fasta	12.96	0.37	Neural Network (Specific Model)	11	0.894	2118	224.7628083491461	793594	0.29	1054	395	7874	None
