genome,secondary_cluster,threshold,cluster_method,comparison_algorithm,primary_cluster
SRR22878282_binette_bin116.fasta,1_0,0.050000000000000044,average,ANImf,1
SRR22878283_binette_bin124.fasta,2_0,0.050000000000000044,average,ANImf,2
SRR22878281_binette_bin206.fasta,3_0,0.050000000000000044,average,ANImf,3
SRR22878281_binette_bin41.fasta,4_0,0.050000000000000044,average,ANImf,4
SRR22878281_binette_bin55.fasta,5_0,0.050000000000000044,average,ANImf,5
SRR22878283_binette_bin22.fasta,6_0,0.050000000000000044,average,ANImf,6
SRR22878283_binette_bin58.fasta,7_0,0.050000000000000044,average,ANImf,7
SRR22878281_binette_bin22.fasta,8_0,0.050000000000000044,average,ANImf,8
SRR22878283_binette_bin152.fasta,9_0,0.050000000000000044,average,ANImf,9
SRR22878283_binette_bin56.fasta,10_0,0.050000000000000044,average,ANImf,10
SRR22878281_binette_bin141.fasta,11_0,0.050000000000000044,average,ANImf,11
SRR22878281_binette_bin67.fasta,12_0,0.050000000000000044,average,ANImf,12
SRR22878281_binette_bin2.fasta,13_0,0.050000000000000044,average,ANImf,13
SRR22878281_binette_bin199.fasta,14_0,0.050000000000000044,average,ANImf,14
SRR22878283_binette_bin218.fasta,15_0,0.050000000000000044,average,ANImf,15
SRR22878283_binette_bin107.fasta,16_0,0.050000000000000044,average,ANImf,16
SRR22878283_binette_bin141.fasta,17_0,0.050000000000000044,average,ANImf,17
SRR22878283_binette_bin16.fasta,18_0,0.050000000000000044,average,ANImf,18
SRR22878283_binette_bin4.fasta,19_0,0.050000000000000044,average,ANImf,19
SRR22878281_binette_bin162.fasta,20_0,0.050000000000000044,average,ANImf,20
SRR22878281_binette_bin24.fasta,21_0,0.050000000000000044,average,ANImf,21
SRR22878282_binette_bin54.fasta,22_0,0.050000000000000044,average,ANImf,22
SRR22878281_binette_bin1.fasta,23_0,0.050000000000000044,average,ANImf,23
SRR22878283_binette_bin87.fasta,24_0,0.050000000000000044,average,ANImf,24
SRR22878282_binette_bin117.fasta,25_0,0.050000000000000044,average,ANImf,25
SRR22878283_binette_bin52.fasta,26_0,0.050000000000000044,average,ANImf,26
SRR22878283_binette_bin14.fasta,27_0,0.050000000000000044,average,ANImf,27
SRR22878283_binette_bin94.fasta,28_0,0.050000000000000044,average,ANImf,28
SRR22878283_binette_bin122.fasta,29_0,0.050000000000000044,average,ANImf,29
SRR22878283_binette_bin62.fasta,30_0,0.050000000000000044,average,ANImf,30
SRR22878281_binette_bin152.fasta,31_0,0.050000000000000044,average,ANImf,31
SRR22878283_binette_bin215.fasta,32_0,0.050000000000000044,average,ANImf,32
SRR22878281_binette_bin282.fasta,33_0,0.050000000000000044,average,ANImf,33
SRR22878281_binette_bin134.fasta,34_0,0.050000000000000044,average,ANImf,34
SRR22878283_binette_bin41.fasta,35_0,0.050000000000000044,average,ANImf,35
SRR22878281_binette_bin90.fasta,36_0,0.050000000000000044,average,ANImf,36
SRR22878282_binette_bin77.fasta,37_0,0.050000000000000044,average,ANImf,37
SRR22878283_binette_bin88.fasta,38_0,0.050000000000000044,average,ANImf,38
SRR22878281_binette_bin212.fasta,39_0,0.050000000000000044,average,ANImf,39
SRR22878283_binette_bin96.fasta,40_0,0.050000000000000044,average,ANImf,40
SRR22878281_binette_bin249.fasta,41_0,0.050000000000000044,average,ANImf,41
SRR22878281_binette_bin108.fasta,42_0,0.050000000000000044,average,ANImf,42
SRR22878281_binette_bin194.fasta,43_0,0.050000000000000044,average,ANImf,43
SRR22878281_binette_bin201.fasta,44_0,0.050000000000000044,average,ANImf,44
SRR22878281_binette_bin64.fasta,45_0,0.050000000000000044,average,ANImf,45
SRR22878281_binette_bin51.fasta,46_0,0.050000000000000044,average,ANImf,46
SRR22878283_binette_bin147.fasta,47_0,0.050000000000000044,average,ANImf,47
SRR22878283_binette_bin66.fasta,48_0,0.050000000000000044,average,ANImf,48
SRR22878281_binette_bin15.fasta,49_0,0.050000000000000044,average,ANImf,49
SRR22878283_binette_bin43.fasta,50_0,0.050000000000000044,average,ANImf,50
SRR22878281_binette_bin53.fasta,51_0,0.050000000000000044,average,ANImf,51
SRR22878281_binette_bin91.fasta,52_0,0.050000000000000044,average,ANImf,52
SRR22878281_binette_bin26.fasta,53_0,0.050000000000000044,average,ANImf,53
SRR22878281_binette_bin49.fasta,54_0,0.050000000000000044,average,ANImf,54
SRR22878281_binette_bin208.fasta,55_0,0.050000000000000044,average,ANImf,55
SRR22878281_binette_bin27.fasta,56_0,0.050000000000000044,average,ANImf,56
SRR22878281_binette_bin200.fasta,57_0,0.050000000000000044,average,ANImf,57
SRR22878282_binette_bin124.fasta,58_0,0.050000000000000044,average,ANImf,58
SRR22878281_binette_bin129.fasta,59_0,0.050000000000000044,average,ANImf,59
SRR22878281_binette_bin243.fasta,60_0,0.050000000000000044,average,ANImf,60
SRR22878281_binette_bin248.fasta,61_0,0.050000000000000044,average,ANImf,61
SRR22878281_binette_bin245.fasta,62_0,0.050000000000000044,average,ANImf,62
SRR22878281_binette_bin30.fasta,63_0,0.050000000000000044,average,ANImf,63
SRR22878281_binette_bin210.fasta,64_0,0.050000000000000044,average,ANImf,64
SRR22878281_binette_bin123.fasta,65_0,0.050000000000000044,average,ANImf,65
SRR22878283_binette_bin70.fasta,66_0,0.050000000000000044,average,ANImf,66
SRR22878281_binette_bin116.fasta,67_0,0.050000000000000044,average,ANImf,67
SRR22878281_binette_bin93.fasta,68_0,0.050000000000000044,average,ANImf,68
SRR22878283_binette_bin104.fasta,69_0,0.050000000000000044,average,ANImf,69
SRR22878281_binette_bin81.fasta,70_0,0.050000000000000044,average,ANImf,70
SRR22878283_binette_bin17.fasta,71_0,0.050000000000000044,average,ANImf,71
SRR22878281_binette_bin60.fasta,72_0,0.050000000000000044,average,ANImf,72
SRR22878281_binette_bin95.fasta,73_0,0.050000000000000044,average,ANImf,73
SRR22878283_binette_bin1.fasta,74_0,0.050000000000000044,average,ANImf,74
SRR22878283_binette_bin57.fasta,75_0,0.050000000000000044,average,ANImf,75
SRR22878283_binette_bin93.fasta,76_0,0.050000000000000044,average,ANImf,76
SRR22878283_binette_bin103.fasta,77_0,0.050000000000000044,average,ANImf,77
SRR22878283_binette_bin136.fasta,78_0,0.050000000000000044,average,ANImf,78
SRR22878283_binette_bin29.fasta,79_0,0.050000000000000044,average,ANImf,79
SRR22878283_binette_bin128.fasta,80_0,0.050000000000000044,average,ANImf,80
SRR22878283_binette_bin2.fasta,81_0,0.050000000000000044,average,ANImf,81
SRR22878283_binette_bin8.fasta,82_0,0.050000000000000044,average,ANImf,82
SRR22878283_binette_bin212.fasta,83_0,0.050000000000000044,average,ANImf,83
SRR22878283_binette_bin7.fasta,84_0,0.050000000000000044,average,ANImf,84
SRR22878282_binette_bin169.fasta,85_0,0.050000000000000044,average,ANImf,85
SRR22878283_binette_bin195.fasta,86_0,0.050000000000000044,average,ANImf,86
SRR22878283_binette_bin202.fasta,87_0,0.050000000000000044,average,ANImf,87
SRR22878281_binette_bin139.fasta,88_0,0.050000000000000044,average,ANImf,88
SRR22878283_binette_bin73.fasta,89_0,0.050000000000000044,average,ANImf,89
SRR22878281_binette_bin73.fasta,90_0,0.050000000000000044,average,ANImf,90
SRR22878283_binette_bin131.fasta,91_0,0.050000000000000044,average,ANImf,91
SRR22878281_binette_bin215.fasta,92_0,0.050000000000000044,average,ANImf,92
SRR22878283_binette_bin90.fasta,93_0,0.050000000000000044,average,ANImf,93
SRR22878281_binette_bin112.fasta,94_0,0.050000000000000044,average,ANImf,94
SRR22878281_binette_bin39.fasta,95_0,0.050000000000000044,average,ANImf,95
SRR22878283_binette_bin95.fasta,96_0,0.050000000000000044,average,ANImf,96
SRR22878283_binette_bin133.fasta,97_0,0.050000000000000044,average,ANImf,97
SRR22878281_binette_bin45.fasta,98_0,0.050000000000000044,average,ANImf,98
SRR22878282_binette_bin55.fasta,99_0,0.050000000000000044,average,ANImf,99
SRR22878281_binette_bin197.fasta,100_0,0.050000000000000044,average,ANImf,100
SRR22878281_binette_bin77.fasta,101_0,0.050000000000000044,average,ANImf,101
SRR22878282_binette_bin63.fasta,102_0,0.050000000000000044,average,ANImf,102
SRR22878281_binette_bin31.fasta,103_0,0.050000000000000044,average,ANImf,103
SRR22878281_binette_bin52.fasta,104_0,0.050000000000000044,average,ANImf,104
SRR22878283_binette_bin139.fasta,105_0,0.050000000000000044,average,ANImf,105
SRR22878281_binette_bin101.fasta,106_0,0.050000000000000044,average,ANImf,106
SRR22878281_binette_bin126.fasta,107_0,0.050000000000000044,average,ANImf,107
SRR22878281_binette_bin85.fasta,108_0,0.050000000000000044,average,ANImf,108
SRR22878283_binette_bin110.fasta,109_0,0.050000000000000044,average,ANImf,109
SRR22878283_binette_bin3.fasta,110_0,0.050000000000000044,average,ANImf,110
SRR22878283_binette_bin15.fasta,111_0,0.050000000000000044,average,ANImf,111
SRR22878281_binette_bin278.fasta,112_0,0.050000000000000044,average,ANImf,112
SRR22878281_binette_bin44.fasta,113_0,0.050000000000000044,average,ANImf,113
SRR22878281_binette_bin21.fasta,114_0,0.050000000000000044,average,ANImf,114
SRR22878281_binette_bin224.fasta,115_0,0.050000000000000044,average,ANImf,115
SRR22878281_binette_bin234.fasta,116_0,0.050000000000000044,average,ANImf,116
SRR22878281_binette_bin84.fasta,117_0,0.050000000000000044,average,ANImf,117
SRR22878281_binette_bin186.fasta,118_0,0.050000000000000044,average,ANImf,118
SRR22878281_binette_bin257.fasta,119_0,0.050000000000000044,average,ANImf,119
SRR22878282_binette_bin122.fasta,120_0,0.050000000000000044,average,ANImf,120
SRR22878281_binette_bin20.fasta,121_0,0.050000000000000044,average,ANImf,121
SRR22878281_binette_bin50.fasta,122_0,0.050000000000000044,average,ANImf,122
SRR22878281_binette_bin114.fasta,123_0,0.050000000000000044,average,ANImf,123
SRR22878281_binette_bin280.fasta,124_0,0.050000000000000044,average,ANImf,124
SRR22878281_binette_bin92.fasta,125_0,0.050000000000000044,average,ANImf,125
SRR22878281_binette_bin247.fasta,126_0,0.050000000000000044,average,ANImf,126
SRR22878282_binette_bin50.fasta,127_0,0.050000000000000044,average,ANImf,127
SRR22878283_binette_bin11.fasta,128_0,0.050000000000000044,average,ANImf,128
SRR22878283_binette_bin13.fasta,129_0,0.050000000000000044,average,ANImf,129
SRR22878282_binette_bin108.fasta,130_0,0.050000000000000044,average,ANImf,130
SRR22878283_binette_bin113.fasta,131_0,0.050000000000000044,average,ANImf,131
SRR22878281_binette_bin113.fasta,132_0,0.050000000000000044,average,ANImf,132
SRR22878281_binette_bin54.fasta,133_0,0.050000000000000044,average,ANImf,133
SRR22878281_binette_bin23.fasta,134_0,0.050000000000000044,average,ANImf,134
SRR22878281_binette_bin72.fasta,135_0,0.050000000000000044,average,ANImf,135
SRR22878282_binette_bin43.fasta,136_0,0.050000000000000044,average,ANImf,136
SRR22878281_binette_bin172.fasta,137_0,0.050000000000000044,average,ANImf,137
SRR22878281_binette_bin255.fasta,138_0,0.050000000000000044,average,ANImf,138
SRR22878281_binette_bin12.fasta,139_0,0.050000000000000044,average,ANImf,139
SRR22878281_binette_bin227.fasta,140_0,0.050000000000000044,average,ANImf,140
SRR22878281_binette_bin202.fasta,141_0,0.050000000000000044,average,ANImf,141
SRR22878281_binette_bin226.fasta,142_0,0.050000000000000044,average,ANImf,142
SRR22878281_binette_bin265.fasta,143_0,0.050000000000000044,average,ANImf,143
SRR22878282_binette_bin94.fasta,144_0,0.050000000000000044,average,ANImf,144
SRR22878281_binette_bin6.fasta,145_0,0.050000000000000044,average,ANImf,145
SRR22878281_binette_bin9.fasta,146_0,0.050000000000000044,average,ANImf,146
SRR22878281_binette_bin204.fasta,147_0,0.050000000000000044,average,ANImf,147
SRR22878281_binette_bin235.fasta,148_0,0.050000000000000044,average,ANImf,148
SRR22878281_binette_bin10.fasta,149_0,0.050000000000000044,average,ANImf,149
SRR22878281_binette_bin148.fasta,150_0,0.050000000000000044,average,ANImf,150
SRR22878281_binette_bin149.fasta,151_0,0.050000000000000044,average,ANImf,151
SRR22878281_binette_bin166.fasta,152_0,0.050000000000000044,average,ANImf,152
SRR22878281_binette_bin78.fasta,153_0,0.050000000000000044,average,ANImf,153
SRR22878281_binette_bin221.fasta,154_1,0.050000000000000044,average,ANImf,154
SRR22878283_binette_bin223.fasta,154_1,0.050000000000000044,average,ANImf,154
SRR22878281_binette_bin211.fasta,155_0,0.050000000000000044,average,ANImf,155
SRR22878281_binette_bin168.fasta,156_0,0.050000000000000044,average,ANImf,156
SRR22878281_binette_bin191.fasta,157_0,0.050000000000000044,average,ANImf,157
SRR22878282_binette_bin53.fasta,158_0,0.050000000000000044,average,ANImf,158
SRR22878283_binette_bin6.fasta,159_0,0.050000000000000044,average,ANImf,159
SRR22878283_binette_bin111.fasta,160_0,0.050000000000000044,average,ANImf,160
SRR22878283_binette_bin216.fasta,161_0,0.050000000000000044,average,ANImf,161
SRR22878283_binette_bin205.fasta,162_0,0.050000000000000044,average,ANImf,162
SRR22878281_binette_bin218.fasta,163_0,0.050000000000000044,average,ANImf,163
SRR22878282_binette_bin109.fasta,164_0,0.050000000000000044,average,ANImf,164
SRR22878282_binette_bin80.fasta,165_0,0.050000000000000044,average,ANImf,165
SRR22878281_binette_bin184.fasta,166_0,0.050000000000000044,average,ANImf,166
SRR22878281_binette_bin251.fasta,167_0,0.050000000000000044,average,ANImf,167
SRR22878281_binette_bin106.fasta,168_0,0.050000000000000044,average,ANImf,168
SRR22878281_binette_bin28.fasta,169_0,0.050000000000000044,average,ANImf,169
SRR22878281_binette_bin80.fasta,170_0,0.050000000000000044,average,ANImf,170
SRR22878281_binette_bin17.fasta,171_0,0.050000000000000044,average,ANImf,171
SRR22878281_binette_bin29.fasta,172_0,0.050000000000000044,average,ANImf,172
SRR22878281_binette_bin120.fasta,173_0,0.050000000000000044,average,ANImf,173
SRR22878281_binette_bin62.fasta,174_0,0.050000000000000044,average,ANImf,174
SRR22878281_binette_bin175.fasta,175_0,0.050000000000000044,average,ANImf,175
SRR22878281_binette_bin222.fasta,176_0,0.050000000000000044,average,ANImf,176
SRR22878281_binette_bin47.fasta,177_0,0.050000000000000044,average,ANImf,177
SRR22878281_binette_bin56.fasta,178_0,0.050000000000000044,average,ANImf,178
SRR22878281_binette_bin181.fasta,179_0,0.050000000000000044,average,ANImf,179
SRR22878281_binette_bin110.fasta,180_0,0.050000000000000044,average,ANImf,180
SRR22878281_binette_bin230.fasta,181_0,0.050000000000000044,average,ANImf,181
SRR22878281_binette_bin74.fasta,182_0,0.050000000000000044,average,ANImf,182
SRR22878281_binette_bin167.fasta,183_0,0.050000000000000044,average,ANImf,183
SRR22878281_binette_bin183.fasta,184_0,0.050000000000000044,average,ANImf,184
SRR22878282_binette_bin96.fasta,185_0,0.050000000000000044,average,ANImf,185
SRR22878281_binette_bin65.fasta,186_1,0.050000000000000044,average,ANImf,186
SRR22878282_binette_bin33.fasta,186_2,0.050000000000000044,average,ANImf,186
SRR22878281_binette_bin198.fasta,187_0,0.050000000000000044,average,ANImf,187
SRR22878281_binette_bin130.fasta,188_0,0.050000000000000044,average,ANImf,188
SRR22878281_binette_bin213.fasta,189_0,0.050000000000000044,average,ANImf,189
SRR22878281_binette_bin48.fasta,190_0,0.050000000000000044,average,ANImf,190
SRR22878281_binette_bin58.fasta,191_0,0.050000000000000044,average,ANImf,191
SRR22878282_binette_bin65.fasta,192_0,0.050000000000000044,average,ANImf,192
SRR22878283_binette_bin138.fasta,193_0,0.050000000000000044,average,ANImf,193
SRR22878282_binette_bin170.fasta,194_0,0.050000000000000044,average,ANImf,194
SRR22878282_binette_bin62.fasta,195_1,0.050000000000000044,average,ANImf,195
SRR22878283_binette_bin63.fasta,195_1,0.050000000000000044,average,ANImf,195
SRR22878282_binette_bin75.fasta,196_0,0.050000000000000044,average,ANImf,196
SRR22878282_binette_bin42.fasta,197_1,0.050000000000000044,average,ANImf,197
SRR22878283_binette_bin64.fasta,197_1,0.050000000000000044,average,ANImf,197
SRR22878281_binette_bin36.fasta,198_0,0.050000000000000044,average,ANImf,198
SRR22878282_binette_bin178.fasta,199_0,0.050000000000000044,average,ANImf,199
SRR22878282_binette_bin188.fasta,200_0,0.050000000000000044,average,ANImf,200
SRR22878281_binette_bin118.fasta,201_0,0.050000000000000044,average,ANImf,201
SRR22878281_binette_bin128.fasta,202_0,0.050000000000000044,average,ANImf,202
SRR22878281_binette_bin132.fasta,203_0,0.050000000000000044,average,ANImf,203
SRR22878281_binette_bin217.fasta,204_0,0.050000000000000044,average,ANImf,204
SRR22878281_binette_bin220.fasta,205_0,0.050000000000000044,average,ANImf,205
SRR22878281_binette_bin188.fasta,206_0,0.050000000000000044,average,ANImf,206
SRR22878281_binette_bin225.fasta,207_0,0.050000000000000044,average,ANImf,207
SRR22878281_binette_bin256.fasta,208_0,0.050000000000000044,average,ANImf,208
SRR22878282_binette_bin7.fasta,209_0,0.050000000000000044,average,ANImf,209
SRR22878282_binette_bin52.fasta,210_0,0.050000000000000044,average,ANImf,210
SRR22878283_binette_bin28.fasta,211_0,0.050000000000000044,average,ANImf,211
SRR22878283_binette_bin109.fasta,212_0,0.050000000000000044,average,ANImf,212
SRR22878283_binette_bin78.fasta,213_0,0.050000000000000044,average,ANImf,213
SRR22878281_binette_bin102.fasta,214_1,0.050000000000000044,average,ANImf,214
SRR22878282_binette_bin59.fasta,214_1,0.050000000000000044,average,ANImf,214
SRR22878281_binette_bin38.fasta,215_0,0.050000000000000044,average,ANImf,215
SRR22878281_binette_bin254.fasta,216_0,0.050000000000000044,average,ANImf,216
SRR22878281_binette_bin170.fasta,217_0,0.050000000000000044,average,ANImf,217
SRR22878281_binette_bin97.fasta,218_0,0.050000000000000044,average,ANImf,218
SRR22878281_binette_bin232.fasta,219_0,0.050000000000000044,average,ANImf,219
SRR22878281_binette_bin283.fasta,220_0,0.050000000000000044,average,ANImf,220
SRR22878281_binette_bin119.fasta,221_0,0.050000000000000044,average,ANImf,221
SRR22878283_binette_bin74.fasta,222_0,0.050000000000000044,average,ANImf,222
SRR22878281_binette_bin94.fasta,223_0,0.050000000000000044,average,ANImf,223
SRR22878281_binette_bin98.fasta,224_0,0.050000000000000044,average,ANImf,224
SRR22878281_binette_bin223.fasta,225_0,0.050000000000000044,average,ANImf,225
SRR22878281_binette_bin68.fasta,226_0,0.050000000000000044,average,ANImf,226
SRR22878281_binette_bin275.fasta,227_0,0.050000000000000044,average,ANImf,227
SRR22878281_binette_bin185.fasta,228_0,0.050000000000000044,average,ANImf,228
SRR22878281_binette_bin195.fasta,229_0,0.050000000000000044,average,ANImf,229
SRR22878281_binette_bin124.fasta,230_0,0.050000000000000044,average,ANImf,230
SRR22878281_binette_bin121.fasta,231_0,0.050000000000000044,average,ANImf,231
SRR22878281_binette_bin163.fasta,232_0,0.050000000000000044,average,ANImf,232
SRR22878281_binette_bin144.fasta,233_0,0.050000000000000044,average,ANImf,233
SRR22878281_binette_bin169.fasta,234_0,0.050000000000000044,average,ANImf,234
SRR22878281_binette_bin244.fasta,235_0,0.050000000000000044,average,ANImf,235
SRR22878281_binette_bin142.fasta,236_0,0.050000000000000044,average,ANImf,236
SRR22878281_binette_bin157.fasta,237_0,0.050000000000000044,average,ANImf,237
SRR22878281_binette_bin231.fasta,238_0,0.050000000000000044,average,ANImf,238
SRR22878281_binette_bin260.fasta,239_0,0.050000000000000044,average,ANImf,239
SRR22878281_binette_bin267.fasta,240_0,0.050000000000000044,average,ANImf,240
SRR22878281_binette_bin263.fasta,241_0,0.050000000000000044,average,ANImf,241
SRR22878281_binette_bin207.fasta,242_0,0.050000000000000044,average,ANImf,242
SRR22878281_binette_bin274.fasta,243_0,0.050000000000000044,average,ANImf,243
SRR22878281_binette_bin143.fasta,244_0,0.050000000000000044,average,ANImf,244
SRR22878281_binette_bin252.fasta,245_0,0.050000000000000044,average,ANImf,245
SRR22878281_binette_bin103.fasta,246_0,0.050000000000000044,average,ANImf,246
SRR22878283_binette_bin86.fasta,247_0,0.050000000000000044,average,ANImf,247
SRR22878281_binette_bin111.fasta,248_0,0.050000000000000044,average,ANImf,248
SRR22878281_binette_bin89.fasta,249_0,0.050000000000000044,average,ANImf,249
SRR22878283_binette_bin69.fasta,250_0,0.050000000000000044,average,ANImf,250
SRR22878281_binette_bin276.fasta,251_0,0.050000000000000044,average,ANImf,251
SRR22878281_binette_bin115.fasta,252_1,0.050000000000000044,average,ANImf,252
SRR22878282_binette_bin66.fasta,252_1,0.050000000000000044,average,ANImf,252
SRR22878281_binette_bin122.fasta,253_0,0.050000000000000044,average,ANImf,253
SRR22878282_binette_bin130.fasta,254_0,0.050000000000000044,average,ANImf,254
SRR22878282_binette_bin9.fasta,255_0,0.050000000000000044,average,ANImf,255
SRR22878282_binette_bin133.fasta,256_0,0.050000000000000044,average,ANImf,256
SRR22878282_binette_bin167.fasta,257_0,0.050000000000000044,average,ANImf,257
SRR22878282_binette_bin28.fasta,258_0,0.050000000000000044,average,ANImf,258
SRR22878282_binette_bin95.fasta,259_0,0.050000000000000044,average,ANImf,259
SRR22878282_binette_bin25.fasta,260_0,0.050000000000000044,average,ANImf,260
SRR22878282_binette_bin64.fasta,261_0,0.050000000000000044,average,ANImf,261
SRR22878282_binette_bin105.fasta,262_0,0.050000000000000044,average,ANImf,262
SRR22878282_binette_bin172.fasta,263_0,0.050000000000000044,average,ANImf,263
SRR22878282_binette_bin93.fasta,264_0,0.050000000000000044,average,ANImf,264
SRR22878282_binette_bin113.fasta,265_0,0.050000000000000044,average,ANImf,265
SRR22878282_binette_bin127.fasta,266_0,0.050000000000000044,average,ANImf,266
SRR22878282_binette_bin60.fasta,267_0,0.050000000000000044,average,ANImf,267
SRR22878283_binette_bin156.fasta,268_0,0.050000000000000044,average,ANImf,268
SRR22878281_binette_bin159.fasta,269_1,0.050000000000000044,average,ANImf,269
SRR22878282_binette_bin190.fasta,269_1,0.050000000000000044,average,ANImf,269
SRR22878282_binette_bin69.fasta,270_0,0.050000000000000044,average,ANImf,270
SRR22878282_binette_bin179.fasta,271_0,0.050000000000000044,average,ANImf,271
SRR22878281_binette_bin34.fasta,272_0,0.050000000000000044,average,ANImf,272
SRR22878281_binette_bin35.fasta,273_0,0.050000000000000044,average,ANImf,273
SRR22878281_binette_bin16.fasta,274_0,0.050000000000000044,average,ANImf,274
SRR22878282_binette_bin8.fasta,275_0,0.050000000000000044,average,ANImf,275
SRR22878281_binette_bin258.fasta,276_0,0.050000000000000044,average,ANImf,276
SRR22878282_binette_bin165.fasta,277_0,0.050000000000000044,average,ANImf,277
SRR22878281_binette_bin190.fasta,278_0,0.050000000000000044,average,ANImf,278
SRR22878282_binette_bin3.fasta,279_0,0.050000000000000044,average,ANImf,279
SRR22878283_binette_bin196.fasta,280_0,0.050000000000000044,average,ANImf,280
SRR22878283_binette_bin198.fasta,281_0,0.050000000000000044,average,ANImf,281
SRR22878282_binette_bin164.fasta,282_0,0.050000000000000044,average,ANImf,282
SRR22878283_binette_bin101.fasta,283_0,0.050000000000000044,average,ANImf,283
SRR22878283_binette_bin208.fasta,284_0,0.050000000000000044,average,ANImf,284
SRR22878283_binette_bin91.fasta,285_0,0.050000000000000044,average,ANImf,285
SRR22878283_binette_bin192.fasta,286_0,0.050000000000000044,average,ANImf,286
SRR22878283_binette_bin59.fasta,287_0,0.050000000000000044,average,ANImf,287
SRR22878283_binette_bin50.fasta,288_0,0.050000000000000044,average,ANImf,288
SRR22878283_binette_bin120.fasta,289_0,0.050000000000000044,average,ANImf,289
SRR22878283_binette_bin153.fasta,290_0,0.050000000000000044,average,ANImf,290
SRR22878283_binette_bin200.fasta,291_0,0.050000000000000044,average,ANImf,291
SRR22878283_binette_bin135.fasta,292_0,0.050000000000000044,average,ANImf,292
SRR22878283_binette_bin158.fasta,293_0,0.050000000000000044,average,ANImf,293
SRR22878283_binette_bin102.fasta,294_0,0.050000000000000044,average,ANImf,294
SRR22878283_binette_bin105.fasta,295_0,0.050000000000000044,average,ANImf,295
SRR22878283_binette_bin106.fasta,296_0,0.050000000000000044,average,ANImf,296
SRR22878283_binette_bin100.fasta,297_0,0.050000000000000044,average,ANImf,297
SRR22878281_binette_bin219.fasta,298_0,0.050000000000000044,average,ANImf,298
SRR22878281_binette_bin262.fasta,299_0,0.050000000000000044,average,ANImf,299
SRR22878281_binette_bin105.fasta,300_1,0.050000000000000044,average,ANImf,300
SRR22878281_binette_bin82.fasta,300_2,0.050000000000000044,average,ANImf,300
SRR22878281_binette_bin127.fasta,301_0,0.050000000000000044,average,ANImf,301
SRR22878281_binette_bin136.fasta,302_0,0.050000000000000044,average,ANImf,302
SRR22878281_binette_bin173.fasta,303_0,0.050000000000000044,average,ANImf,303
SRR22878281_binette_bin192.fasta,304_0,0.050000000000000044,average,ANImf,304
SRR22878282_binette_bin51.fasta,305_0,0.050000000000000044,average,ANImf,305
SRR22878283_binette_bin60.fasta,306_0,0.050000000000000044,average,ANImf,306
SRR22878282_binette_bin57.fasta,307_0,0.050000000000000044,average,ANImf,307
SRR22878283_binette_bin61.fasta,308_0,0.050000000000000044,average,ANImf,308
SRR22878282_binette_bin104.fasta,309_0,0.050000000000000044,average,ANImf,309
SRR22878283_binette_bin210.fasta,310_0,0.050000000000000044,average,ANImf,310
SRR22878281_binette_bin187.fasta,311_0,0.050000000000000044,average,ANImf,311
SRR22878282_binette_bin185.fasta,312_0,0.050000000000000044,average,ANImf,312
SRR22878283_binette_bin71.fasta,313_0,0.050000000000000044,average,ANImf,313
SRR22878282_binette_bin166.fasta,314_0,0.050000000000000044,average,ANImf,314
SRR22878282_binette_bin44.fasta,315_0,0.050000000000000044,average,ANImf,315
SRR22878283_binette_bin115.fasta,316_0,0.050000000000000044,average,ANImf,316
SRR22878282_binette_bin32.fasta,317_1,0.050000000000000044,average,ANImf,317
SRR22878283_binette_bin37.fasta,317_1,0.050000000000000044,average,ANImf,317
SRR22878283_binette_bin204.fasta,318_0,0.050000000000000044,average,ANImf,318
SRR22878283_binette_bin127.fasta,319_0,0.050000000000000044,average,ANImf,319
SRR22878283_binette_bin222.fasta,320_0,0.050000000000000044,average,ANImf,320
SRR22878282_binette_bin90.fasta,321_0,0.050000000000000044,average,ANImf,321
SRR22878283_binette_bin92.fasta,322_0,0.050000000000000044,average,ANImf,322
SRR22878283_binette_bin75.fasta,323_0,0.050000000000000044,average,ANImf,323
SRR22878282_binette_bin98.fasta,324_0,0.050000000000000044,average,ANImf,324
SRR22878282_binette_bin175.fasta,325_0,0.050000000000000044,average,ANImf,325
SRR22878283_binette_bin221.fasta,326_0,0.050000000000000044,average,ANImf,326
SRR22878282_binette_bin92.fasta,327_0,0.050000000000000044,average,ANImf,327
SRR22878283_binette_bin108.fasta,328_0,0.050000000000000044,average,ANImf,328
SRR22878281_binette_bin18.fasta,329_0,0.050000000000000044,average,ANImf,329
SRR22878281_binette_bin66.fasta,330_0,0.050000000000000044,average,ANImf,330
SRR22878281_binette_bin117.fasta,331_0,0.050000000000000044,average,ANImf,331
SRR22878282_binette_bin68.fasta,332_0,0.050000000000000044,average,ANImf,332
SRR22878282_binette_bin81.fasta,333_0,0.050000000000000044,average,ANImf,333
SRR22878281_binette_bin87.fasta,334_0,0.050000000000000044,average,ANImf,334
SRR22878282_binette_bin1.fasta,335_0,0.050000000000000044,average,ANImf,335
SRR22878282_binette_bin2.fasta,336_0,0.050000000000000044,average,ANImf,336
SRR22878283_binette_bin12.fasta,337_0,0.050000000000000044,average,ANImf,337
SRR22878281_binette_bin3.fasta,338_0,0.050000000000000044,average,ANImf,338
SRR22878283_binette_bin125.fasta,339_0,0.050000000000000044,average,ANImf,339
SRR22878283_binette_bin35.fasta,340_0,0.050000000000000044,average,ANImf,340
SRR22878281_binette_bin4.fasta,341_1,0.050000000000000044,average,ANImf,341
SRR22878283_binette_bin20.fasta,341_1,0.050000000000000044,average,ANImf,341
SRR22878283_binette_bin27.fasta,342_0,0.050000000000000044,average,ANImf,342
SRR22878283_binette_bin5.fasta,343_0,0.050000000000000044,average,ANImf,343
SRR22878283_binette_bin220.fasta,344_0,0.050000000000000044,average,ANImf,344
SRR22878281_binette_bin107.fasta,345_0,0.050000000000000044,average,ANImf,345
SRR22878281_binette_bin250.fasta,346_0,0.050000000000000044,average,ANImf,346
SRR22878282_binette_bin35.fasta,347_0,0.050000000000000044,average,ANImf,347
SRR22878282_binette_bin67.fasta,348_0,0.050000000000000044,average,ANImf,348
SRR22878282_binette_bin112.fasta,349_0,0.050000000000000044,average,ANImf,349
SRR22878281_binette_bin11.fasta,350_0,0.050000000000000044,average,ANImf,350
SRR22878282_binette_bin61.fasta,351_0,0.050000000000000044,average,ANImf,351
SRR22878282_binette_bin5.fasta,352_0,0.050000000000000044,average,ANImf,352
SRR22878283_binette_bin77.fasta,353_0,0.050000000000000044,average,ANImf,353
SRR22878281_binette_bin164.fasta,354_0,0.050000000000000044,average,ANImf,354
SRR22878281_binette_bin178.fasta,355_0,0.050000000000000044,average,ANImf,355
SRR22878281_binette_bin177.fasta,356_0,0.050000000000000044,average,ANImf,356
SRR22878282_binette_bin132.fasta,357_0,0.050000000000000044,average,ANImf,357
SRR22878282_binette_bin186.fasta,358_0,0.050000000000000044,average,ANImf,358
SRR22878283_binette_bin203.fasta,359_0,0.050000000000000044,average,ANImf,359
SRR22878281_binette_bin203.fasta,360_1,0.050000000000000044,average,ANImf,360
SRR22878282_binette_bin176.fasta,360_2,0.050000000000000044,average,ANImf,360
SRR22878281_binette_bin228.fasta,361_0,0.050000000000000044,average,ANImf,361
SRR22878282_binette_bin177.fasta,362_0,0.050000000000000044,average,ANImf,362
SRR22878281_binette_bin145.fasta,363_0,0.050000000000000044,average,ANImf,363
SRR22878282_binette_bin72.fasta,364_0,0.050000000000000044,average,ANImf,364
SRR22878281_binette_bin189.fasta,365_0,0.050000000000000044,average,ANImf,365
SRR22878281_binette_bin261.fasta,366_0,0.050000000000000044,average,ANImf,366
SRR22878281_binette_bin160.fasta,367_0,0.050000000000000044,average,ANImf,367
SRR22878282_binette_bin173.fasta,368_0,0.050000000000000044,average,ANImf,368
SRR22878281_binette_bin140.fasta,369_0,0.050000000000000044,average,ANImf,369
SRR22878282_binette_bin74.fasta,370_0,0.050000000000000044,average,ANImf,370
SRR22878281_binette_bin88.fasta,371_1,0.050000000000000044,average,ANImf,371
SRR22878282_binette_bin45.fasta,371_1,0.050000000000000044,average,ANImf,371
SRR22878281_binette_bin96.fasta,372_1,0.050000000000000044,average,ANImf,372
SRR22878282_binette_bin31.fasta,372_2,0.050000000000000044,average,ANImf,372
SRR22878282_binette_bin78.fasta,373_0,0.050000000000000044,average,ANImf,373
SRR22878282_binette_bin86.fasta,374_0,0.050000000000000044,average,ANImf,374
SRR22878282_binette_bin87.fasta,375_0,0.050000000000000044,average,ANImf,375
SRR22878281_binette_bin246.fasta,376_0,0.050000000000000044,average,ANImf,376
SRR22878281_binette_bin109.fasta,377_0,0.050000000000000044,average,ANImf,377
SRR22878282_binette_bin101.fasta,378_0,0.050000000000000044,average,ANImf,378
SRR22878281_binette_bin165.fasta,379_0,0.050000000000000044,average,ANImf,379
SRR22878282_binette_bin194.fasta,380_0,0.050000000000000044,average,ANImf,380
SRR22878283_binette_bin231.fasta,381_0,0.050000000000000044,average,ANImf,381
SRR22878282_binette_bin47.fasta,382_0,0.050000000000000044,average,ANImf,382
SRR22878283_binette_bin51.fasta,383_0,0.050000000000000044,average,ANImf,383
SRR22878283_binette_bin80.fasta,384_0,0.050000000000000044,average,ANImf,384
SRR22878283_binette_bin114.fasta,385_0,0.050000000000000044,average,ANImf,385
SRR22878283_binette_bin146.fasta,386_0,0.050000000000000044,average,ANImf,386
SRR22878283_binette_bin129.fasta,387_0,0.050000000000000044,average,ANImf,387
SRR22878281_binette_bin269.fasta,388_0,0.050000000000000044,average,ANImf,388
SRR22878281_binette_bin133.fasta,389_0,0.050000000000000044,average,ANImf,389
SRR22878282_binette_bin131.fasta,390_0,0.050000000000000044,average,ANImf,390
SRR22878281_binette_bin5.fasta,391_1,0.050000000000000044,average,ANImf,391
SRR22878282_binette_bin12.fasta,391_1,0.050000000000000044,average,ANImf,391
SRR22878281_binette_bin100.fasta,392_1,0.050000000000000044,average,ANImf,392
SRR22878281_binette_bin69.fasta,392_2,0.050000000000000044,average,ANImf,392
SRR22878281_binette_bin273.fasta,393_0,0.050000000000000044,average,ANImf,393
SRR22878283_binette_bin24.fasta,394_0,0.050000000000000044,average,ANImf,394
SRR22878283_binette_bin26.fasta,395_0,0.050000000000000044,average,ANImf,395
SRR22878282_binette_bin82.fasta,396_0,0.050000000000000044,average,ANImf,396
SRR22878283_binette_bin49.fasta,397_0,0.050000000000000044,average,ANImf,397
SRR22878283_binette_bin118.fasta,398_0,0.050000000000000044,average,ANImf,398
SRR22878283_binette_bin48.fasta,399_0,0.050000000000000044,average,ANImf,399
SRR22878283_binette_bin214.fasta,400_0,0.050000000000000044,average,ANImf,400
SRR22878282_binette_bin71.fasta,401_0,0.050000000000000044,average,ANImf,401
SRR22878283_binette_bin10.fasta,402_0,0.050000000000000044,average,ANImf,402
SRR22878283_binette_bin117.fasta,403_0,0.050000000000000044,average,ANImf,403
SRR22878281_binette_bin158.fasta,404_0,0.050000000000000044,average,ANImf,404
SRR22878283_binette_bin157.fasta,405_0,0.050000000000000044,average,ANImf,405
SRR22878283_binette_bin79.fasta,406_0,0.050000000000000044,average,ANImf,406
SRR22878282_binette_bin14.fasta,407_1,0.050000000000000044,average,ANImf,407
SRR22878283_binette_bin18.fasta,407_1,0.050000000000000044,average,ANImf,407
SRR22878282_binette_bin89.fasta,408_1,0.050000000000000044,average,ANImf,408
SRR22878283_binette_bin65.fasta,408_1,0.050000000000000044,average,ANImf,408
SRR22878281_binette_bin46.fasta,409_1,0.050000000000000044,average,ANImf,409
SRR22878282_binette_bin49.fasta,409_1,0.050000000000000044,average,ANImf,409
SRR22878283_binette_bin39.fasta,409_1,0.050000000000000044,average,ANImf,409
SRR22878281_binette_bin43.fasta,410_1,0.050000000000000044,average,ANImf,410
SRR22878282_binette_bin46.fasta,410_1,0.050000000000000044,average,ANImf,410
SRR22878282_binette_bin84.fasta,411_0,0.050000000000000044,average,ANImf,411
SRR22878283_binette_bin201.fasta,412_0,0.050000000000000044,average,ANImf,412
SRR22878282_binette_bin180.fasta,413_0,0.050000000000000044,average,ANImf,413
SRR22878281_binette_bin171.fasta,414_0,0.050000000000000044,average,ANImf,414
SRR22878282_binette_bin79.fasta,415_0,0.050000000000000044,average,ANImf,415
SRR22878281_binette_bin214.fasta,416_0,0.050000000000000044,average,ANImf,416
SRR22878281_binette_bin270.fasta,417_0,0.050000000000000044,average,ANImf,417
SRR22878282_binette_bin134.fasta,418_0,0.050000000000000044,average,ANImf,418
SRR22878283_binette_bin68.fasta,419_0,0.050000000000000044,average,ANImf,419
SRR22878282_binette_bin30.fasta,420_1,0.050000000000000044,average,ANImf,420
SRR22878283_binette_bin45.fasta,420_1,0.050000000000000044,average,ANImf,420
SRR22878283_binette_bin142.fasta,421_0,0.050000000000000044,average,ANImf,421
SRR22878283_binette_bin21.fasta,422_0,0.050000000000000044,average,ANImf,422
SRR22878281_binette_bin25.fasta,423_1,0.050000000000000044,average,ANImf,423
SRR22878283_binette_bin53.fasta,423_1,0.050000000000000044,average,ANImf,423
SRR22878282_binette_bin110.fasta,424_0,0.050000000000000044,average,ANImf,424
SRR22878283_binette_bin76.fasta,425_0,0.050000000000000044,average,ANImf,425
SRR22878282_binette_bin38.fasta,426_0,0.050000000000000044,average,ANImf,426
SRR22878282_binette_bin20.fasta,427_1,0.050000000000000044,average,ANImf,427
SRR22878283_binette_bin55.fasta,427_1,0.050000000000000044,average,ANImf,427
SRR22878282_binette_bin174.fasta,428_0,0.050000000000000044,average,ANImf,428
SRR22878282_binette_bin13.fasta,429_0,0.050000000000000044,average,ANImf,429
SRR22878282_binette_bin15.fasta,430_0,0.050000000000000044,average,ANImf,430
SRR22878283_binette_bin40.fasta,431_0,0.050000000000000044,average,ANImf,431
SRR22878283_binette_bin9.fasta,432_0,0.050000000000000044,average,ANImf,432
SRR22878281_binette_bin104.fasta,433_1,0.050000000000000044,average,ANImf,433
SRR22878282_binette_bin126.fasta,433_1,0.050000000000000044,average,ANImf,433
SRR22878281_binette_bin174.fasta,434_0,0.050000000000000044,average,ANImf,434
SRR22878282_binette_bin76.fasta,435_0,0.050000000000000044,average,ANImf,435
SRR22878282_binette_bin168.fasta,436_0,0.050000000000000044,average,ANImf,436
SRR22878282_binette_bin16.fasta,437_0,0.050000000000000044,average,ANImf,437
SRR22878281_binette_bin137.fasta,438_0,0.050000000000000044,average,ANImf,438
SRR22878283_binette_bin98.fasta,439_0,0.050000000000000044,average,ANImf,439
SRR22878283_binette_bin148.fasta,440_0,0.050000000000000044,average,ANImf,440
SRR22878281_binette_bin13.fasta,441_0,0.050000000000000044,average,ANImf,441
SRR22878282_binette_bin106.fasta,442_0,0.050000000000000044,average,ANImf,442
SRR22878282_binette_bin37.fasta,443_0,0.050000000000000044,average,ANImf,443
SRR22878282_binette_bin39.fasta,444_0,0.050000000000000044,average,ANImf,444
SRR22878281_binette_bin40.fasta,445_0,0.050000000000000044,average,ANImf,445
SRR22878281_binette_bin8.fasta,446_0,0.050000000000000044,average,ANImf,446
SRR22878282_binette_bin129.fasta,447_0,0.050000000000000044,average,ANImf,447
SRR22878283_binette_bin140.fasta,448_0,0.050000000000000044,average,ANImf,448
SRR22878282_binette_bin100.fasta,449_0,0.050000000000000044,average,ANImf,449
SRR22878283_binette_bin112.fasta,450_0,0.050000000000000044,average,ANImf,450
SRR22878281_binette_bin253.fasta,451_0,0.050000000000000044,average,ANImf,451
SRR22878283_binette_bin137.fasta,452_0,0.050000000000000044,average,ANImf,452
SRR22878281_binette_bin147.fasta,453_0,0.050000000000000044,average,ANImf,453
SRR22878282_binette_bin187.fasta,454_0,0.050000000000000044,average,ANImf,454
SRR22878283_binette_bin211.fasta,455_0,0.050000000000000044,average,ANImf,455
SRR22878282_binette_bin182.fasta,456_0,0.050000000000000044,average,ANImf,456
SRR22878283_binette_bin116.fasta,457_0,0.050000000000000044,average,ANImf,457
SRR22878282_binette_bin121.fasta,458_0,0.050000000000000044,average,ANImf,458
SRR22878283_binette_bin81.fasta,459_0,0.050000000000000044,average,ANImf,459
SRR22878282_binette_bin195.fasta,460_0,0.050000000000000044,average,ANImf,460
SRR22878283_binette_bin154.fasta,461_0,0.050000000000000044,average,ANImf,461
SRR22878283_binette_bin191.fasta,462_0,0.050000000000000044,average,ANImf,462
SRR22878281_binette_bin209.fasta,463_0,0.050000000000000044,average,ANImf,463
SRR22878282_binette_bin162.fasta,464_0,0.050000000000000044,average,ANImf,464
SRR22878281_binette_bin182.fasta,465_0,0.050000000000000044,average,ANImf,465
SRR22878281_binette_bin79.fasta,466_1,0.050000000000000044,average,ANImf,466
SRR22878282_binette_bin18.fasta,466_1,0.050000000000000044,average,ANImf,466
SRR22878283_binette_bin33.fasta,466_1,0.050000000000000044,average,ANImf,466
SRR22878282_binette_bin107.fasta,467_0,0.050000000000000044,average,ANImf,467
SRR22878283_binette_bin145.fasta,468_0,0.050000000000000044,average,ANImf,468
SRR22878281_binette_bin83.fasta,469_0,0.050000000000000044,average,ANImf,469
SRR22878281_binette_bin156.fasta,470_0,0.050000000000000044,average,ANImf,470
SRR22878281_binette_bin193.fasta,471_0,0.050000000000000044,average,ANImf,471
SRR22878281_binette_bin229.fasta,472_0,0.050000000000000044,average,ANImf,472
SRR22878281_binette_bin180.fasta,473_0,0.050000000000000044,average,ANImf,473
SRR22878283_binette_bin121.fasta,474_0,0.050000000000000044,average,ANImf,474
SRR22878281_binette_bin179.fasta,475_1,0.050000000000000044,average,ANImf,475
SRR22878282_binette_bin184.fasta,475_1,0.050000000000000044,average,ANImf,475
SRR22878282_binette_bin103.fasta,476_0,0.050000000000000044,average,ANImf,476
SRR22878283_binette_bin119.fasta,477_0,0.050000000000000044,average,ANImf,477
SRR22878281_binette_bin151.fasta,478_0,0.050000000000000044,average,ANImf,478
SRR22878281_binette_bin271.fasta,479_0,0.050000000000000044,average,ANImf,479
SRR22878281_binette_bin150.fasta,480_0,0.050000000000000044,average,ANImf,480
SRR22878281_binette_bin176.fasta,481_0,0.050000000000000044,average,ANImf,481
SRR22878282_binette_bin85.fasta,482_0,0.050000000000000044,average,ANImf,482
SRR22878282_binette_bin99.fasta,483_0,0.050000000000000044,average,ANImf,483
SRR22878282_binette_bin97.fasta,484_0,0.050000000000000044,average,ANImf,484
SRR22878281_binette_bin99.fasta,485_1,0.050000000000000044,average,ANImf,485
SRR22878282_binette_bin4.fasta,485_1,0.050000000000000044,average,ANImf,485
SRR22878282_binette_bin120.fasta,486_0,0.050000000000000044,average,ANImf,486
SRR22878282_binette_bin36.fasta,487_1,0.050000000000000044,average,ANImf,487
SRR22878283_binette_bin36.fasta,487_1,0.050000000000000044,average,ANImf,487
SRR22878281_binette_bin138.fasta,488_0,0.050000000000000044,average,ANImf,488
SRR22878281_binette_bin125.fasta,489_1,0.050000000000000044,average,ANImf,489
SRR22878282_binette_bin27.fasta,489_1,0.050000000000000044,average,ANImf,489
SRR22878283_binette_bin44.fasta,489_1,0.050000000000000044,average,ANImf,489
SRR22878281_binette_bin154.fasta,490_0,0.050000000000000044,average,ANImf,490
SRR22878281_binette_bin61.fasta,491_0,0.050000000000000044,average,ANImf,491
SRR22878281_binette_bin216.fasta,492_0,0.050000000000000044,average,ANImf,492
SRR22878282_binette_bin128.fasta,493_0,0.050000000000000044,average,ANImf,493
SRR22878281_binette_bin37.fasta,494_0,0.050000000000000044,average,ANImf,494
SRR22878281_binette_bin196.fasta,495_0,0.050000000000000044,average,ANImf,495
SRR22878282_binette_bin183.fasta,496_0,0.050000000000000044,average,ANImf,496
SRR22878281_binette_bin70.fasta,497_1,0.050000000000000044,average,ANImf,497
SRR22878282_binette_bin19.fasta,497_1,0.050000000000000044,average,ANImf,497
SRR22878281_binette_bin75.fasta,498_1,0.050000000000000044,average,ANImf,498
SRR22878282_binette_bin70.fasta,498_1,0.050000000000000044,average,ANImf,498
SRR22878282_binette_bin115.fasta,499_0,0.050000000000000044,average,ANImf,499
SRR22878282_binette_bin56.fasta,500_0,0.050000000000000044,average,ANImf,500
SRR22878283_binette_bin99.fasta,501_0,0.050000000000000044,average,ANImf,501
SRR22878282_binette_bin118.fasta,502_0,0.050000000000000044,average,ANImf,502
SRR22878283_binette_bin150.fasta,503_0,0.050000000000000044,average,ANImf,503
SRR22878281_binette_bin284.fasta,504_0,0.050000000000000044,average,ANImf,504
SRR22878283_binette_bin213.fasta,505_0,0.050000000000000044,average,ANImf,505
SRR22878282_binette_bin26.fasta,506_0,0.050000000000000044,average,ANImf,506
SRR22878282_binette_bin41.fasta,507_0,0.050000000000000044,average,ANImf,507
SRR22878281_binette_bin57.fasta,508_1,0.050000000000000044,average,ANImf,508
SRR22878283_binette_bin32.fasta,508_1,0.050000000000000044,average,ANImf,508
SRR22878283_binette_bin54.fasta,509_0,0.050000000000000044,average,ANImf,509
SRR22878282_binette_bin34.fasta,510_0,0.050000000000000044,average,ANImf,510
SRR22878281_binette_bin205.fasta,511_0,0.050000000000000044,average,ANImf,511
SRR22878283_binette_bin207.fasta,512_0,0.050000000000000044,average,ANImf,512
SRR22878281_binette_bin135.fasta,513_1,0.050000000000000044,average,ANImf,513
SRR22878283_binette_bin82.fasta,513_1,0.050000000000000044,average,ANImf,513
SRR22878281_binette_bin71.fasta,514_1,0.050000000000000044,average,ANImf,514
SRR22878283_binette_bin42.fasta,514_1,0.050000000000000044,average,ANImf,514
SRR22878282_binette_bin91.fasta,515_0,0.050000000000000044,average,ANImf,515
SRR22878283_binette_bin97.fasta,516_0,0.050000000000000044,average,ANImf,516
SRR22878281_binette_bin268.fasta,517_0,0.050000000000000044,average,ANImf,517
SRR22878283_binette_bin143.fasta,518_0,0.050000000000000044,average,ANImf,518
SRR22878282_binette_bin125.fasta,519_0,0.050000000000000044,average,ANImf,519
SRR22878281_binette_bin155.fasta,520_0,0.050000000000000044,average,ANImf,520
SRR22878282_binette_bin88.fasta,521_0,0.050000000000000044,average,ANImf,521
SRR22878282_binette_bin10.fasta,522_1,0.050000000000000044,average,ANImf,522
SRR22878283_binette_bin38.fasta,522_1,0.050000000000000044,average,ANImf,522
SRR22878281_binette_bin86.fasta,523_0,0.050000000000000044,average,ANImf,523
SRR22878283_binette_bin25.fasta,524_0,0.050000000000000044,average,ANImf,524
SRR22878281_binette_bin59.fasta,525_0,0.050000000000000044,average,ANImf,525
SRR22878281_binette_bin63.fasta,526_1,0.050000000000000044,average,ANImf,526
SRR22878282_binette_bin23.fasta,526_1,0.050000000000000044,average,ANImf,526
SRR22878282_binette_bin114.fasta,527_0,0.050000000000000044,average,ANImf,527
SRR22878282_binette_bin40.fasta,528_0,0.050000000000000044,average,ANImf,528
SRR22878282_binette_bin29.fasta,529_0,0.050000000000000044,average,ANImf,529
SRR22878281_binette_bin33.fasta,530_1,0.050000000000000044,average,ANImf,530
SRR22878282_binette_bin119.fasta,530_1,0.050000000000000044,average,ANImf,530
SRR22878283_binette_bin84.fasta,530_1,0.050000000000000044,average,ANImf,530
SRR22878282_binette_bin17.fasta,531_1,0.050000000000000044,average,ANImf,531
SRR22878283_binette_bin30.fasta,531_1,0.050000000000000044,average,ANImf,531
SRR22878282_binette_bin24.fasta,532_0,0.050000000000000044,average,ANImf,532
SRR22878282_binette_bin123.fasta,533_0,0.050000000000000044,average,ANImf,533
SRR22878283_binette_bin67.fasta,534_0,0.050000000000000044,average,ANImf,534
SRR22878283_binette_bin144.fasta,535_0,0.050000000000000044,average,ANImf,535
SRR22878281_binette_bin32.fasta,536_1,0.050000000000000044,average,ANImf,536
SRR22878282_binette_bin22.fasta,536_1,0.050000000000000044,average,ANImf,536
SRR22878282_binette_bin21.fasta,537_1,0.050000000000000044,average,ANImf,537
SRR22878283_binette_bin34.fasta,537_1,0.050000000000000044,average,ANImf,537
SRR22878281_binette_bin19.fasta,538_1,0.050000000000000044,average,ANImf,538
SRR22878282_binette_bin11.fasta,538_1,0.050000000000000044,average,ANImf,538
SRR22878283_binette_bin19.fasta,538_1,0.050000000000000044,average,ANImf,538
SRR22878282_binette_bin83.fasta,539_0,0.050000000000000044,average,ANImf,539
SRR22878282_binette_bin48.fasta,540_1,0.050000000000000044,average,ANImf,540
SRR22878283_binette_bin83.fasta,540_1,0.050000000000000044,average,ANImf,540
SRR22878283_binette_bin46.fasta,540_2,0.050000000000000044,average,ANImf,540
SRR22878283_binette_bin23.fasta,541_0,0.050000000000000044,average,ANImf,541
SRR22878283_binette_bin31.fasta,542_0,0.050000000000000044,average,ANImf,542
SRR22878282_binette_bin171.fasta,543_0,0.050000000000000044,average,ANImf,543
SRR22878281_binette_bin42.fasta,544_1,0.050000000000000044,average,ANImf,544
SRR22878282_binette_bin6.fasta,544_1,0.050000000000000044,average,ANImf,544
SRR22878283_binette_bin47.fasta,544_1,0.050000000000000044,average,ANImf,544
SRR22878283_binette_bin132.fasta,545_0,0.050000000000000044,average,ANImf,545
SRR22878282_binette_bin102.fasta,546_0,0.050000000000000044,average,ANImf,546
SRR22878281_binette_bin14.fasta,547_0,0.050000000000000044,average,ANImf,547
SRR22878281_binette_bin266.fasta,548_0,0.050000000000000044,average,ANImf,548
SRR22878283_binette_bin209.fasta,549_0,0.050000000000000044,average,ANImf,549
SRR22878281_binette_bin7.fasta,550_0,0.050000000000000044,average,ANImf,550
SRR22878283_binette_bin217.fasta,551_0,0.050000000000000044,average,ANImf,551
SRR22878282_binette_bin58.fasta,552_0,0.050000000000000044,average,ANImf,552
SRR22878281_binette_bin76.fasta,553_0,0.050000000000000044,average,ANImf,553
SRR22878283_binette_bin85.fasta,554_0,0.050000000000000044,average,ANImf,554
SRR22878283_binette_bin226.fasta,555_0,0.050000000000000044,average,ANImf,555
SRR22878283_binette_bin228.fasta,556_0,0.050000000000000044,average,ANImf,556
SRR22878283_binette_bin224.fasta,557_0,0.050000000000000044,average,ANImf,557
SRR22878283_binette_bin225.fasta,558_0,0.050000000000000044,average,ANImf,558
SRR22878281_binette_bin131.fasta,559_0,0.050000000000000044,average,ANImf,559
SRR22878281_binette_bin146.fasta,560_0,0.050000000000000044,average,ANImf,560
SRR22878281_binette_bin153.fasta,561_0,0.050000000000000044,average,ANImf,561
SRR22878281_binette_bin161.fasta,562_0,0.050000000000000044,average,ANImf,562
SRR22878281_binette_bin233.fasta,563_0,0.050000000000000044,average,ANImf,563
SRR22878281_binette_bin264.fasta,564_0,0.050000000000000044,average,ANImf,564
SRR22878281_binette_bin279.fasta,565_0,0.050000000000000044,average,ANImf,565
SRR22878281_binette_bin281.fasta,566_0,0.050000000000000044,average,ANImf,566
SRR22878282_binette_bin111.fasta,567_0,0.050000000000000044,average,ANImf,567
SRR22878282_binette_bin73.fasta,568_0,0.050000000000000044,average,ANImf,568
SRR22878283_binette_bin123.fasta,569_0,0.050000000000000044,average,ANImf,569
SRR22878283_binette_bin126.fasta,570_0,0.050000000000000044,average,ANImf,570
SRR22878283_binette_bin130.fasta,571_0,0.050000000000000044,average,ANImf,571
SRR22878283_binette_bin134.fasta,572_0,0.050000000000000044,average,ANImf,572
SRR22878283_binette_bin149.fasta,573_0,0.050000000000000044,average,ANImf,573
SRR22878283_binette_bin151.fasta,574_0,0.050000000000000044,average,ANImf,574
SRR22878283_binette_bin155.fasta,575_0,0.050000000000000044,average,ANImf,575
SRR22878283_binette_bin193.fasta,576_0,0.050000000000000044,average,ANImf,576
SRR22878283_binette_bin206.fasta,577_0,0.050000000000000044,average,ANImf,577
SRR22878283_binette_bin72.fasta,578_0,0.050000000000000044,average,ANImf,578
SRR22878283_binette_bin89.fasta,579_0,0.050000000000000044,average,ANImf,579
