Genome	DE96NGSUKBD140734Dm	DE91NGSUKBD140727Sc	DE90NGSUKBD140745Dm	DE86NGSUKBD140720Sc	DE85NGSUKBD140738Dm	DE80NGSUKBD140731Sc	DE75NGSUKBD140724Sc	DE74NGSUKBD140742Dm	DE69NGSUKBD140735Dm	DE64NGSUKBD140728Sc	DE63NGSUKBD140746Dm	DE59NGSUKBD140721Sc	DE58NGSUKBD140739Dm	DE53NGSUKBD140732Sc	DE48NGSUKBD140725Sc	DE47NGSUKBD140743Dm	DE42NGSUKBD140736Dm	DE37NGSUKBD140729Sc	DE32NGSUKBD140722Sc	DE31NGSUKBD140740Dm	DE26NGSUKBD140733Dm	DE21NGSUKBD140726Sc	DE20NGSUKBD140744Dm	DE16NGSUKBD140719Sc	DE15NGSUKBD140737Dm	DE10NGSUKBD140730Sc	DE05NGSUKBD140723Sc	DE04NGSUKBD140741Dm
1_binette_bin2	0.88381094	0.20061909	0.16275018	0.16440527	0.14270745	0.20731488	0.17823099	0.121079974	0.8609802	0.16570602	0.13375159	0.14837454	0.18764126	0.18063214	0.21535882	0.1072881	0.86253434	0.2246985	0.16268186	0.12599428	1.261375	0.24163397	0.09944945	0.19155516	0.1578525	0.21224408	0.16379182	0.07958379
1_binette_bin23	0	0	0.10851592	0.02195219	0.24653786	0	0	0.20091306	0	0	0.1615158	0	0.22560838	0	0	0.19624102	0	0	0	0.24681702	0	0	0.19882654	0	0.25864765	0	0	0.116346575
1_binette_bin47	0.821822	0.16373563	0.13421103	0.14379233	0.20537922	0.17525572	0.14852862	0.13771099	0.6688566	0.14133947	0.13399442	0.11986808	0.23554997	0.15468578	0.15620726	0.14086325	0.7371697	0.16476013	0.119854435	0.1512045	0.9789561	0.20624602	0.13254182	0.15315948	0.20978583	0.15694751	0.14185403	0.1162146
1_binette_bin48	1.237963	0.19779629	0.122465216	0.16088095	0.10043989	0.17421283	0.17454526	0.04590384	1.052761	0.16614948	0.070243895	0.1640836	0.16029458	0.19566758	0.18639238	0.047289275	0.9954287	0.23641379	0.16586708	0.05016076	1.5460769	0.19314037	0.04729806	0.18031508	0.11531783	0.25029042	0.15138522	0.027919758
1_binette_bin5	0.48213896	0.10638073	0.06264747	0.08242587	0.038615145	0.10349717	0.0909363	0.029259989	0.5104604	0.084799975	0.0396558	0.080919065	0.0727009	0.09417598	0.10966109	0.02691867	0.48159173	0.11680646	0.08905301	0.03046981	0.79540586	0.11841358	0.025248917	0.094003566	0.0492385	0.11490575	0.081979215	0.017965598
1_binette_bin53	0	0	0	0	0	0.019191409	0	0.007416046	0.30093676	0	0	0	0.0075165853	0	0	0	0.57599086	0	0	0.083494864	0	0	0	0	0	0	0	0
1_binette_bin56	0	4.3425083	2.8040407	4.3628244	0.006819607	3.7818124	4.4361444	0.91677064	0.47039473	4.762458	1.2387433	5.0398536	0.08418294	4.108476	3.8593974	1.1470594	0	3.115939	4.834423	1.264886	0	3.2152472	1.1811677	4.724014	0.006578518	3.1050115	4.850114	0.36289665
1_binette_bin7	1.7093679	0	0	0	0.08375789	0	0	0	1.4423486	0	0	0	0.24504876	0	0	0	1.4283072	0	0	0	1.883691	0	0	0	0.21864222	0	0	0
2_binette_bin1	0.011660127	0	0	0	0	0	0	0	0	0	0	0	0	0	0	0	0	0	0	0	0	0	0	0	0	0	0	0.09190191
2_binette_bin100	0.23121233	0	0	0	0	0	0	0	0	0	0	0	0	0	0	0	0	0	0	0	0	0	0	0	0	0	0	0.15009242
2_binette_bin101	0.029197065	0	0	0	0	0	0	0	0	0	0	0	0	0	0	0	0	0	0	0	0	0	0	0	0	0	0	0.03870164
2_binette_bin102	0.01520075	0	0	0	0	0	0	0	0	0	0	0	0	0	0	0	0	0	0	0	0	0	0	0	0	0	0	0.058498245
2_binette_bin103	0	0	0	0	0	0	0	0	0	0	0	0	0	0	0	0	0	0	0	0	0	0	0	0	0	0	0	0.9530503
2_binette_bin104	0.59660673	0	0	0	0	0	0	0	0	0	0	0	0	0	0	0	0	0	0	0	0	0	0	0	0	0	0	0.098915525
2_binette_bin105	0.1487533	0	0	0	0	0	0	0	0	0	0	0	0	0	0	0	0	0	0	0	0	0	0	0	0	0	0	0.15523846
2_binette_bin106	0.06260652	0	0	0	0	0	0	0	0	0	0	0	0	0	0	0	0	0	0	0	0	0	0	0	0	0	0	0.23296058
2_binette_bin107	0.0246701	0	0	0	0	0	0	0	0	0	0	0	0	0	0	0	0	0	0	0	0	0	0	0	0	0	0	0.05263518
2_binette_bin108	0	0	0.02121605	0	0.05065479	0	0	0.038034096	0	0	0.031268008	0	0.046123303	0	0	0.036966603	0	0	0	0.03645215	0	0	0.03787401	0	0.051709738	0	0	0.045346357
2_binette_bin109	0.02224384	0	0	0	0	0	0	0	0	0	0	0	0	0	0	0	0	0	0	0	0	0	0	0	0	0	0	0.08918751
2_binette_bin11	0.25096935	0	0	0	0	0	0	0	0	0	0	0	0	0	0	0	0	0	0	0	0	0	0	0	0	0	0	0.27426642
2_binette_bin110	0.107357115	0	0	0	0	0	0	0	0	0	0	0	0	0	0	0	0	0	0	0	0	0	0	0	0.0022324836	0	0	0.25634977
2_binette_bin12	0	0	0	0	0	0	0	0	0	0	0	0	0	0	0	0	0	0	0	0	0	0	0	0	0	0	0	0.17512141
2_binette_bin13	0.674153	0.16926257	0.115575135	0.13633715	0.07164189	0.17814796	0.15852772	0.079356685	0.5140973	0.14387634	0.087178424	0.13199374	0.10886326	0.15638784	0.17681581	0.06654371	0.5258689	0.1898405	0.14024878	0.065137796	0.68199205	0.20556319	0.059829947	0.16125038	0.07992098	0.18220398	0.14377533	0.12810507
2_binette_bin14	0.043634582	0	0	0	0	0	0	0	0	0	0	0	0	0	0	0	0	0	0	0	0	0	0	0	0	0	0	0.40550214
2_binette_bin15	0.17281355	0	0	0	0	0	0	0	0	0	0	0	0	0	0	0	0	0	0	0	0	0	0	0	0.0032000705	0	0	0.15217008
2_binette_bin156	0	0.58228016	0.33842447	0.46599266	0	0.61243755	0.67414224	0.14256665	0.09705218	0.5714174	0.19361974	0.54174703	0.017495725	0.5923334	0.7125766	0.17496644	0	0.6931475	0.716633	0.13838293	0	0.6111152	0.24470022	0.6037111	0	0.4980673	0.58536744	0.27328303
2_binette_bin157	0	0	0.16348395	0.027287379	0.38465297	0	0	0.34077606	0	0	0.36271343	0	0.40220553	0	0	0.3569735	0	0	0	0.2830651	0	0	0.3470598	0	0.31269744	0	0	0.17923106
2_binette_bin16	0	0	0	0	0	0	0	0	0	0	0	0	0	0	0	0	0	0	0	0	0	0	0	0	0	0	0	0.059634954
2_binette_bin17	0	0	0	0	0	0	0	0	0	0	0	0	0	0	0	0	0	0	0	0	0	0	0	0	0	0	0	0.058736105
2_binette_bin175	0	0.52676433	0.30118454	0.42373383	0	0.5667168	0.61756074	0.12509063	0.090252444	0.5176595	0.16895102	0.47814077	0.015535296	0.5313916	0.65049285	0.15425526	0	0.62973434	0.6267543	0.11825101	0	0.5641949	0.21411711	0.5285569	0	0.44968572	0.5338608	0.25727737
2_binette_bin18	0.014735382	0	0	0	0	0	0	0	0	0	0	0	0	0	0	0	0	0	0	0	0	0	0	0	0	0	0	0.06987965
2_binette_bin181	0	0	0	0	0	0	0	0	0	0	0	0	0	0	0	0	0	0	0	0	0	0	0	0	0	0	0	0.1115867
2_binette_bin182	0	0	0	0	0	0	0	0	0	0	0	0	0	0	0	0	0	0	0	0	0	0	0	0	0	0	0	0.14327131
2_binette_bin183	0.18517627	0	0	0	0	0	0	0	0	0	0	0	0	0	0	0	0	0	0	0	0	0	0	0	0	0	0	0.33199754
2_binette_bin184	0	0	0.4030054	0.0671941	1.0469368	0	0	0.7338922	0	0	0.61325765	0	0.91001254	0	0	0.72093564	0	0	0	0.73824507	0	0	0.7255987	0	1.0552164	0	0	0.5701989
2_binette_bin185	0.11856962	0	0	0	0	0	0	0	0	0	0	0	0	0	0	0	0	0	0	0	0	0	0	0	0	0	0	0.23537299
2_binette_bin186	0.018325752	0	0	0	0	0	0	0	0	0	0	0	0	0	0	0	0	0	0	0	0	0	0	0	0	0	0	0.05501317
2_binette_bin187	0.03426156	0	0	0	0	0	0	0	0	0	0	0	0	0	0	0	0	0	0	0	0	0	0	0	0	0	0	0.080914065
2_binette_bin188	0	0	0.13315894	0.03099743	0.24890217	0	0	0.26573	0	0	0.20076555	0	0.24290867	0	0	0.2548969	0	0	0	0.20983529	0	0	0.21636431	0	0.28514817	0	0	0.114105426
2_binette_bin189	0.0345356	0	0	0	0	0	0	0	0	0	0	0	0	0	0	0	0	0	0	0	0	0	0	0	0	0	0	0.30502695
2_binette_bin19	0	0	0	0	0	0	0	0	0	0	0	0	0	0	0	0	0	0	0	0	0	0	0	0	0	0	0	0.04948541
2_binette_bin190	0	0	0	0	0	0	0	0	0	0	0	0	0	0	0	0	0	0	0	0	0	0	0	0	0	0	0	0.05535294
2_binette_bin191	0.35769835	0	0	0	0	0	0	0	0	0	0	0	0	0	0	0	0	0	0	0	0	0	0	0	0.009240226	0	0	0.1019499
2_binette_bin192	0	0	0	0	0	0	0	0	0	0	0	0	0	0	0	0	0	0	0	0	0	0	0	0	0	0	0	0.09024226
2_binette_bin193	0.012456806	0	0	0	0	0	0	0	0	0	0	0	0	0	0	0	0	0	0	0	0	0	0	0	0	0	0	0.032564357
2_binette_bin195	2.7832434	0.773996	0.414869	0.62781364	0.2465877	0.8475649	0.6870905	0.26659903	2.195465	0.6483548	0.31109837	0.566088	0.42948362	0.6644115	0.84463495	0.27832082	2.171075	0.8528287	0.6323681	0.23805897	2.9810386	0.99150103	0.23531806	0.725267	0.28026804	0.89433783	0.6343773	0.19348623
2_binette_bin196	0	0	0	0	0	0	0	0	0	0	0	0	0	0	0	0	0	0	0	0	0	0	0	0	0	0	0	0.082876116
2_binette_bin198	1.2789147	0.14267789	0.09272385	0.11544763	0.094584465	0.12471889	0.12030385	0.03658958	0.9390042	0.11536555	0.04959114	0.11827214	0.15268151	0.13307045	0.13753378	0.03298367	0.8731106	0.16250527	0.1251708	0.03160992	1.2655951	0.13618141	0.034533698	0.12213452	0.10763421	0.19259533	0.11096047	0.021048438
2_binette_bin199	0.05241677	0	0	0	0	0	0	0	0	0	0	0	0	0	0	0	0	0	0	0	0	0	0	0	0	0	0	0.11386923
2_binette_bin2	0.053412788	0	0	0	0	0	0	0	0	0	0	0	0	0	0	0	0	0	0	0	0	0	0	0	0	0	0	0.23485138
2_binette_bin20	0.030120214	0	0	0	0	0	0	0	0	0	0	0	0	0	0	0	0	0	0	0	0	0	0	0	0	0	0	0.065790206
2_binette_bin200	0.03978715	0	0	0	0	0	0	0	0	0	0	0	0	0	0	0	0	0	0	0	0	0	0	0	0	0	0	0.19293405
2_binette_bin201	0	0	0	0	0	0	0	0	0	0	0	0	0	0	0	0	0	0	0	0	0	0	0	0	0	0	0	0.26051018
2_binette_bin202	0	0	0	0	0	0	0	0	0	0	0	0	0	0	0	0	0	0	0	0	0	0	0	0	0	0	0	0.036739815
2_binette_bin203	0	0	0	0	0	0	0	0	0	0	0	0	0	0	0	0	0	0	0	0	0	0	0	0	0	0	0	0.036208514
2_binette_bin204	0.057053782	0	0	0	0	0	0	0	0	0	0	0	0	0	0	0	0	0	0	0	0	0	0	0	0	0	0	0.18241562
2_binette_bin205	0.08134985	0	0	0	0	0	0	0	0	0	0	0	0	0	0	0	0	0	0	0	0	0	0	0	0	0	0	0.05442891
2_binette_bin206	0	0	0	0	0	0	0	0	0	0	0	0	0	0	0	0	0	0	0	0	0	0	0	0	0	0	0	0.034618128
2_binette_bin207	0.40388173	0	0	0	0	0	0	0	0	0	0	0	0	0	0	0	0	0	0	0	0	0	0	0	0	0	0	0.3716373
2_binette_bin208	0	0	0	0	0	0	0	0	0	0	0	0	0	0	0	0	0	0	0	0	0	0	0	0	0	0	0	0.047492422
2_binette_bin209	0.092477754	0	0	0	0	0	0	0	0	0	0	0	0	0	0	0	0	0	0	0	0	0	0	0	0	0	0	0.22238831
2_binette_bin21	0	0	0	0	0	0	0	0	0	0	0	0	0	0	0	0	0	0	0	0	0	0	0	0	0	0	0	0.06329435
2_binette_bin210	0	0	0	0	0	0	0	0	0	0	0	0	0	0	0	0	0	0	0	0	0	0	0	0	0	0	0	0.052240245
2_binette_bin211	0.030234639	0	3.6798723	0.36762264	5.1920815	0	0	4.3718405	0.10571961	0	4.8981133	0	4.6806417	0	0	3.7738514	0.025384957	0	0	4.174305	0	0	3.9213324	0	4.5954776	0	0	2.7355723
2_binette_bin212	0	0	0	0	0	0	0	0	0	0	0	0	0	0	0	0	0	0	0	0	0	0	0	0	0	0	0	0.031254128
2_binette_bin214	0	0	0	0	0	0	0	0	0	0	0	0	0	0	0	0	0	0	0	0	0	0	0	0	0	0	0	0.08937418
2_binette_bin215	0	0	0.19716594	0.034642946	0.51866025	0	0	0.38072163	0	0	0.3248471	0	0.5072953	0	0	0.3696144	0	0	0	0.3389664	0	0	0.3535175	0	0.479046	0	0	0.3147862
2_binette_bin216	0.054481592	0	0	0	0	0	0	0	0	0	0	0	0	0	0	0	0	0	0	0	0	0	0	0	0	0	0	0.57803726
2_binette_bin217	7.0758004	1.2609104	0.906362	0.8350916	0.80901235	1.3211335	0.96138906	0.49741963	5.2270913	1.1061003	0.53436863	0.8668285	1.088343	1.3591714	1.0237616	0.4769934	4.526816	1.5266417	0.7592263	0.37898764	7.426544	1.4647962	0.44185388	0.7379487	0.92022896	2.3964245	0.741283	0.2781073
2_binette_bin218	0.20883614	0.03253169	0.017565785	0.024889242	0.013275178	0.030395834	0.026693974	0.0060305903	0.11470958	0.024622234	0.009703355	0.023263501	0.015758866	0.028911352	0.028239457	0.0071196402	0.09571515	0.03691105	0.027056806	0.0064632897	0.15519205	0.030744078	0.0067039197	0.027824953	0.013834706	0.049472433	0.018652018	0.0061272844
2_binette_bin219	0	0	0.01833253	0	0.04180653	0	0	0.033781286	0	0	0.028430993	0	0.038387183	0	0	0.032516938	0	0	0	0.032796983	0	0	0.0319737	0	0.04448585	0	0	0.032971527
2_binette_bin22	0	0	0	0	0	0	0	0	0	0	0	0	0	0	0	0	0	0	0	0	0	0	0	0	0	0	0	0.073888116
2_binette_bin220	0	0	0	0	0	0	0	0	0	0	0	0	0	0	0	0	0	0	0	0	0	0	0	0	0	0	0	0.12977
2_binette_bin225	0.014365658	0	0	0	0	0	0	0	0	0	0	0	0	0	0	0	0	0	0	0	0	0	0	0	0	0	0	0.058204126
2_binette_bin23	0	0	0	0	0	0	0	0	0	0	0	0	0	0	0	0	0	0	0	0	0	0	0	0	0	0	0	0.11167172
2_binette_bin24	0.9519353	0	0	0	0	0	0	0	0.018231308	0	0	0	0	0	0	0	0	0	0	0	0	0	0	0	0	0	0	0.034383345
2_binette_bin25	0	0	0	0	0	0	0	0	0	0	0	0	0	0	0	0	0	0	0	0	0	0	0	0	0	0	0	0.08266591
2_binette_bin26	0.27606747	0	0	0	0	0	0	0	0	0	0	0	0	0	0	0	0	0	0	0	0	0	0	0	0	0	0	0.06695308
2_binette_bin27	0.032102488	0	0	0	0	0	0	0	0	0	0	0	0	0	0	0	0	0	0	0	0	0	0	0	0	0	0	0.18951866
2_binette_bin28	0.039153166	0	0	0	0	0	0	0	0	0	0	0	0	0	0	0	0	0	0	0	0	0	0	0	0	0	0	0.15989828
2_binette_bin29	0.05050061	0	0	0	0	0	0	0	0	0	0	0	0	0	0	0	0	0	0	0	0	0	0	0	0	0	0	0.060686294
2_binette_bin3	0.020623289	0	0	0	0	0	0	0	0	0	0	0	0	0	0	0	0	0	0	0	0	0	0	0	0	0	0	0.06423862
2_binette_bin30	0.019605512	0	0	0	0	0	0	0	0	0	0	0	0	0	0	0	0	0	0	0	0	0	0	0	0	0	0	0.11280033
2_binette_bin31	0	0	0	0	0	0	0	0	0	0	0	0	0	0	0	0	0	0	0	0	0	0	0	0	0	0	0	0.055496316
2_binette_bin33	0	0	0	0	0	0	0	0	0	0	0	0	0	0	0	0	0	0	0	0	0	0	0	0	0	0	0	0.2111179
2_binette_bin34	0	0	0	0	0	0	0	0	0	0	0	0	0	0	0	0	0	0	0	0	0	0	0	0	0	0	0	0.13262321
2_binette_bin35	0.83686614	0.13381617	0.0821767	0.10866602	0.05379664	0.13101296	0.12569262	0.036426216	0.61245716	0.10934101	0.049378876	0.10862161	0.10149584	0.12411069	0.14600083	0.033944212	0.57629275	0.15826763	0.12370109	0.03332346	0.828456	0.15080965	0.03378063	0.12623064	0.062931605	0.16853629	0.1068904	0.029973177
2_binette_bin36	0	0	0	0	0	0	0	0	0	0	0	0	0	0	0	0	0	0	0	0	0	0	0	0	0	0	0	0.045935567
2_binette_bin37	0.20053881	0	0	0	0	0	0	0	0	0	0	0	0	0	0	0	0	0	0	0	0	0	0	0	0	0	0	0.62129927
2_binette_bin38	0	0	0.07152819	0	0.16892748	0	0	0.13462242	0	0	0.11037444	0	0.15295364	0	0	0.13251902	0	0	0	0.12969397	0	0	0.1298146	0	0.17378204	0	0	0.09656691
2_binette_bin39	0	0	0.018509097	0	0.04494596	0	0	0.032451056	0	0	0.02740088	0	0.0406052	0	0	0.0321417	0	0	0	0.032606564	0	0	0.032421745	0	0.0457097	0	0	0.04314129
2_binette_bin4	0	0	0	0	0	0	0	0	0	0	0	0	0	0	0	0	0	0	0	0	0	0	0	0	0	0	0	0.3802337
2_binette_bin40	0	0	0	0	0	0	0	0	0	0	0	0	0	0	0	0	0	0	0	0	0	0	0	0	0	0	0	0.113758765
2_binette_bin41	0.43518603	0	0	0	0	0	0	0	0	0	0	0	0	0	0	0	0	0	0	0	0	0	0	0	0	0	0	0.013828031
2_binette_bin42	0	0	0	0	0	0	0	0	0	0	0	0	0	0	0	0	0	0	0	0	0	0	0	0	0	0	0	0.045864444
2_binette_bin43	0	0	0	0	0	0	0	0	0	0	0	0	0	0	0	0	0	0	0	0	0	0	0	0	0	0	0	0.07645308
2_binette_bin44	0	0	0	0	0	0	0	0	0	0	0	0	0	0	0	0	0	0	0	0	0	0	0	0	0	0	0	0.041435648
2_binette_bin45	0.018379476	0	0	0	0	0	0	0	0	0	0	0	0	0	0	0	0	0	0	0	0	0	0	0	0	0	0	0.055071283
2_binette_bin46	0.01475002	0	0	0	0	0	0	0	0	0	0	0	0	0	0	0	0	0	0	0	0	0	0	0	0	0	0	0.034150578
2_binette_bin47	0.102695584	0	0	0	0	0	0	0	0	0	0	0	0	0	0	0	0	0	0	0	0	0	0	0	0	0	0	0.13354905
2_binette_bin48	0.06318595	0	0	0	0	0	0	0	0	0	0	0	0	0	0	0	0	0	0	0	0	0	0	0	0	0	0	0.09538285
2_binette_bin49	0.01914557	0	0	0	0	0	0	0	0	0	0	0	0	0	0	0	0	0	0	0	0	0	0	0	0	0	0	0.03197419
2_binette_bin5	0.021323048	0	0	0	0	0	0	0	0	0	0	0	0	0	0	0	0	0	0	0	0	0	0	0	0	0	0	0.09677703
2_binette_bin50	0	0	0.035459347	0	0.07126614	0	0	0.06195845	0	0	0.05077252	0	0.067352645	0	0	0.061591048	0	0	0	0.058526263	0	0	0.059735477	0	0.07500275	0	0	0.044760566
2_binette_bin51	0.23628786	0	0	0	0	0	0	0	0	0	0	0	0	0	0	0	0	0	0	0	0	0	0	0	0	0	0	0.0670551
2_binette_bin52	0	0	0	0	0	0	0	0	0	0	0	0	0	0	0	0	0	0	0	0	0	0	0	0	0	0	0	0.073836304
2_binette_bin53	0.039812427	0	0	0	0	0	0	0	0	0	0	0	0	0	0	0	0	0	0	0	0	0	0	0	0	0	0	0.10487083
2_binette_bin54	0.035533924	0	0	0	0	0	0	0	0	0	0	0	0	0	0	0	0	0	0	0	0	0	0	0	0	0	0	0.041495353
2_binette_bin55	0.29749498	0	0	0	0	0	0	0	0	0	0	0	0	0	0	0	0	0	0	0	0	0	0	0	0.0058053266	0	0	0.11940147
2_binette_bin56	0.04281057	0	0	0	0	0	0	0	0	0	0	0	0	0	0	0	0	0	0	0	0	0	0	0	0	0	0	0.03996618
2_binette_bin57	0.028379738	0	0	0	0	0	0	0	0	0	0	0	0	0	0	0	0	0	0	0	0	0	0	0	0	0	0	0.03011057
2_binette_bin58	0	0	0	0	0	0	0	0	0	0	0	0	0	0	0	0	0	0	0	0	0	0	0	0	0	0	0	0.040690858
2_binette_bin59	0	0	0	0	0	0	0	0	0	0	0	0	0	0	0	0	0	0	0	0	0	0	0	0	0	0	0	0.0325824
2_binette_bin6	0.035189718	0	0	0	0	0	0	0	0	0	0	0	0	0	0	0	0	0	0	0	0	0	0	0	0	0	0	0.13852684
2_binette_bin60	0	0	0	0	0	0	0	0	0	0	0	0	0	0	0	0	0	0	0	0	0	0	0	0	0	0	0	0.061346058
2_binette_bin61	0.041783426	0	0	0	0	0	0	0	0	0	0	0	0	0	0	0	0	0	0	0	0	0	0	0	0	0	0	0.20121458
2_binette_bin62	0.024531245	0	0	0	0	0	0	0	0	0	0	0	0	0	0	0	0	0	0	0	0	0	0	0	0	0	0	0.17553204
2_binette_bin64	0.026176007	0	0	0	0	0	0	0	0	0	0	0	0	0	0	0	0	0	0	0	0	0	0	0	0	0	0	0.10770027
2_binette_bin65	0.059231624	0	0	0	0	0	0	0	0	0	0	0	0	0	0	0	0	0	0	0	0	0	0	0	0	0	0	0.1730714
2_binette_bin66	0.09104042	0	0	0	0	0	0	0	0	0	0	0	0	0	0	0	0	0	0	0	0	0	0	0	0	0	0	0.3045305
2_binette_bin67	0.31317317	0	0	0	0	0	0	0	0	0	0	0	0	0	0	0	0	0	0	0	0	0	0	0	0	0	0	0.14950801
2_binette_bin68	0	0	0	0	0	0	0	0	0	0	0	0	0	0	0	0	0	0	0	0	0	0	0	0	0	0	0	0.05060907
2_binette_bin69	0	0	0	0	0	0	0	0	0	0	0	0	0	0	0	0	0	0	0	0	0	0	0	0	0	0	0	0.12993245
2_binette_bin7	0.032744754	0	0	0	0	0	0	0	0	0	0	0	0	0	0	0	0	0	0	0	0	0	0	0	0	0	0	0.13610268
2_binette_bin70	0.068202086	0	0	0	0	0	0	0	0	0	0	0	0	0	0	0	0	0	0	0	0	0	0	0	0	0	0	0.09834225
2_binette_bin71	0.14148836	0	0	0	0	0	0	0	0	0	0	0	0	0	0	0	0	0	0	0	0	0	0	0	0	0	0	0.40206015
2_binette_bin72	0.083944045	0	0	0	0	0	0	0	0	0	0	0	0	0	0	0	0	0	0	0	0	0	0	0	0	0	0	0.13030094
2_binette_bin73	0	0	0	0	0	0	0	0	0	0	0	0	0	0	0	0	0	0	0	0	0	0	0	0	0	0	0	0.07963103
2_binette_bin74	0.024788475	0	0	0	0	0	0	0	0	0	0	0	0	0	0	0	0	0	0	0	0	0	0	0	0	0	0	0.07420516
2_binette_bin75	0.067747906	0	0	0	0	0	0	0	0	0	0	0	0	0	0	0	0	0	0	0	0	0	0	0	0	0	0	0.24519543
2_binette_bin76	0	0	0	0	0	0	0	0	0	0	0	0	0	0	0	0	0	0	0	0	0	0	0	0	0	0	0	0.060618274
2_binette_bin77	0.030763786	0	0	0	0	0	0	0	0	0	0	0	0	0	0	0	0	0	0	0	0	0	0	0	0	0	0	0.041549325
2_binette_bin78	0.035355918	0	0	0	0	0	0	0	0	0	0	0	0	0	0	0	0	0	0	0	0	0	0	0	0	0	0	0.08289938
2_binette_bin79	0.10179986	0	0	0	0	0	0	0	0	0	0	0	0	0	0	0	0	0	0	0	0	0	0	0	0	0	0	0.1455168
2_binette_bin8	0.02790938	0	0	0	0	0	0	0	0	0	0	0	0	0	0	0	0	0	0	0	0	0	0	0	0	0	0	0.102978
2_binette_bin80	0.12941608	0	0	0	0	0	0	0	0	0	0	0	0	0	0	0	0	0	0	0	0	0	0	0	0	0	0	0.26031432
2_binette_bin81	0.012927847	0	0	0	0	0	0	0	0	0	0	0	0	0	0	0	0	0	0	0	0	0	0	0	0	0	0	0.03751111
2_binette_bin82	0	0	0	0	0	0	0	0	0	0	0	0	0	0	0	0	0	0	0	0	0	0	0	0	0	0	0	0.22507739
2_binette_bin83	0.02416458	0	0	0	0	0	0	0	0	0	0	0	0	0	0	0	0	0	0	0	0	0	0	0	0	0	0	0.16733421
2_binette_bin84	0.04913717	0	0	0	0	0	0	0	0	0	0	0	0	0	0	0	0	0	0	0	0	0	0	0	0	0	0	0.09944999
2_binette_bin85	0	0	0	0	0	0	0	0	0	0	0	0	0	0	0	0	0	0	0	0	0	0	0	0	0	0	0	0.033588927
2_binette_bin86	0.054802064	0	0	0	0	0	0	0	0	0	0	0	0	0	0	0	0	0	0	0	0	0	0	0	0	0	0	0.1263448
2_binette_bin87	0.0512481	0	0	0	0	0	0	0	0	0	0	0	0	0	0	0	0	0	0	0	0	0	0	0	0	0	0	0.067527786
2_binette_bin88	0	0	0	0	0	0	0	0	0	0	0	0	0	0	0	0	0	0	0	0	0	0	0	0	0	0	0	0.09677659
2_binette_bin89	0.045924738	0	0	0	0	0	0	0	0	0	0	0	0	0	0	0	0	0	0	0	0	0	0	0	0	0	0	0.103987806
2_binette_bin9	0.049407613	0	0	0	0	0	0	0	0	0	0	0	0	0	0	0	0	0	0	0	0	0	0	0	0	0	0	0.11834214
2_binette_bin90	0.014104203	0	0	0	0	0	0	0	0	0	0	0	0	0	0	0	0	0	0	0	0	0	0	0	0	0	0	0.049118858
2_binette_bin91	0.1326413	0	0	0	0	0	0	0	0	0	0	0	0	0	0	0	0	0	0	0	0	0	0	0	0	0	0	0.028677508
2_binette_bin92	0.08202773	0	0	0	0	0	0	0	0	0	0	0	0	0	0	0	0	0	0	0	0	0	0	0	0	0	0	0.1378483
2_binette_bin93	0	0	0	0	0	0	0	0	0	0	0	0	0	0	0	0	0	0	0	0	0	0	0	0	0	0	0	0.03725953
2_binette_bin94	0.10297253	0	0	0	0	0	0	0	0	0	0	0	0	0	0	0	0	0	0	0	0	0	0	0	0	0	0	0.069320716
2_binette_bin95	0.15707389	0	0	0	0	0	0	0	0	0	0	0	0	0	0	0	0	0	0	0	0	0	0	0	0.0033737407	0	0	0.71083033
2_binette_bin96	0.05004951	0	0	0	0	0	0	0	0	0	0	0	0	0	0	0	0	0	0	0	0	0	0	0	0	0	0	0.062226374
2_binette_bin97	0.057973485	0	0	0	0	0	0	0	0	0	0	0	0	0	0	0	0	0	0	0	0	0	0	0	0	0	0	0.06923852
2_binette_bin98	0	0	0.07266583	0	0.17359366	0	0	0.1412886	0	0	0.11495996	0	0.15630898	0	0	0.1387173	0	0	0	0.13750957	0	0	0.13650289	0	0.17886841	0	0	0.09922543
2_binette_bin99	0	0	0	0	0	0	0	0	0	0	0	0	0	0	0	0	0	0	0	0	0	0	0	0	0	0	0	0.031712607
3_binette_bin10	0	0	0.016355842	0	0.04495538	0	0	0.030088127	0	0	0.025113098	0	0.039721012	0	0	0.030097654	0	0	0	0.030326853	0	0	0.029657602	0	0.046094406	0	0	0.019542407
3_binette_bin100	0	0	0.01633009	0	0.047223628	0	0	0.030678794	0	0	0.025688779	0	0.041815434	0	0	0.030215539	0	0	0	0.031874597	0	0	0.0306124	0	0.047737323	0	0	0.021517094
3_binette_bin104	0	0	0.03719258	0	0.1013249	0	0	0.05592542	0	0	0.05260293	0	0.071839206	0	0	0.07445117	0	0	0	0.07030478	0	0	0.070712425	0	0.09276911	0	0	0.030866368
3_binette_bin109	0	0	0.02836585	0	0.066383705	0	0	0.05051209	0	0	0.037755214	0	0.06456207	0	0	0.048680548	0	0	0	0.04782278	0	0	0.046483424	0	0.072785445	0	0	0.026841557
3_binette_bin116	0	0	0.015146097	0	0.044385817	0	0	0.026870953	0	0	0.02244034	0	0.039200105	0	0	0.026161004	0	0	0	0.02673369	0	0	0.026554067	0	0.04421307	0	0	0.021410339
3_binette_bin117	0	0	0.011935718	0	0.039560884	0	0	0.021142976	0	0	0.017492907	0	0.03643631	0	0	0.021095963	0	0	0	0.021940514	0	0	0.021670323	0	0.040445384	0	0	0.022659311
3_binette_bin118	0	0	0.028054588	0	0.069112115	0	0	0.053992298	0	0	0.04366761	0	0.062512726	0	0	0.05212844	0	0	0	0.05255546	0	0	0.05219132	0	0.0704829	0	0	0.028534172
3_binette_bin119	0	0	0.019812036	0	0.053663973	0	0	0.037104093	0	0	0.031662583	0	0.047003366	0	0	0.036795557	0	0	0	0.036708932	0	0	0.036562793	0	0.054674428	0	0	0.02272992
3_binette_bin12	0	0	0.015244669	0	0.034550443	0	0	0.03182812	0	0	0.023827689	0	0.0315744	0	0	0.029539695	0	0	0	0.028644975	0	0	0.02838873	0	0.0357787	0	0	0.011277666
3_binette_bin120	0	0	0.017883634	0	0.047731902	0	0	0.034155693	0	0	0.028329452	0	0.04284705	0	0	0.034082282	0	0	0	0.033938617	0	0	0.03380783	0	0.048101332	0	0	0.019909605
3_binette_bin121	0	0	0.017208636	0	0.040234715	0	0	0.035624173	0	0	0.028265676	0	0.03719515	0	0	0.033877425	0	0	0	0.03297236	0	0	0.032391787	0	0.041738864	0	0	0.014296011
3_binette_bin122	0	0	0.023647176	0	0.05471564	0	0	0.03891212	0	0	0.033059422	0	0.04694055	0	0	0.039971188	0	0	0	0.04133601	0	0	0.03864026	0	0.05621668	0	0	0.018442128
3_binette_bin123	0	0	0.021577232	0	0.053873092	0	0	0.04624358	0	0	0.033325534	0	0.048784513	0	0	0.039354205	0	0	0	0.039628632	0	0	0.03785772	0	0.055217378	0	0	0.02332258
3_binette_bin124	0	0	0.017597513	0	0.041593254	0	0	0.03286199	0	0	0.026271824	0	0.037168346	0	0	0.032444574	0	0	0	0.03122492	0	0	0.031550772	0	0.043926846	0	0	0.014833213
3_binette_bin125	0	0	0.08612282	0.018185906	0.21031027	0	0	0.16289476	0	0	0.13804764	0	0.19112642	0	0	0.1612786	0	0	0	0.15977377	0	0	0.15858728	0	0.21760026	0	0	0.09685905
3_binette_bin126	0	0	0.014577897	0	0.04246611	0	0	0.026082745	0	0	0.021045312	0	0.038440034	0	0	0.026542865	0	0	0	0.026666611	0	0	0.026536359	0	0.042497344	0	0	0.020386284
3_binette_bin127	0	0	0	0	0	0.019542135	0	0	0.26971665	0	0	0	0.007267037	0	0	0	0.5817762	0	0	0.05465934	0	0	0	0	0	0	0	0
3_binette_bin128	0	0	0	0	0	0.018204145	0	0	0.27028987	0	0	0	0.006549499	0	0	0	0.5533529	0	0	0.049001608	0	0	0	0	0	0	0	0
3_binette_bin129	0	0	0.065745026	0	0.17126104	0	0	0.13636175	0	0	0.11175063	0	0.17048827	0	0	0.13454832	0	0	0	0.118803576	0	0	0.13271526	0	0.17466117	0	0	0.09870147
3_binette_bin13	0	0	0.11910111	0.024964558	0.28479373	0	0	0.23084867	0	0	0.18917832	0	0.25449705	0	0	0.22553557	0	0	0	0.22180916	0	0	0.21981281	0	0.29201144	0	0	0.1290766
3_binette_bin130	0	0	0.019768076	0	0.049679913	0	0	0.035216354	0	0	0.029709004	0	0.042482004	0	0	0.03597602	0	0	0	0.035625212	0	0	0.036266554	0	0.051200047	0	0	0.019726064
3_binette_bin131	0	0	0.013983793	0	0.03980633	0	0	0.030138118	0	0	0.024788644	0	0.03587855	0	0	0.028909879	0	0	0	0.028626224	0	0	0.02776434	0	0.04015123	0	0	0.015936559
3_binette_bin132	0	0	0.015087462	0	0.044299193	0	0	0.02804581	0	0	0.024004731	0	0.03917174	0	0	0.02801417	0	0	0	0.028590035	0	0	0.02814519	0	0.043942694	0	0	0.020030826
3_binette_bin133	0	0	0.04902617	0	0.12062504	0	0	0.09218735	0	0	0.07643628	0	0.10879296	0	0	0.09224555	0	0	0	0.088440135	0	0	0.08954897	0	0.12274321	0	0	0.052847594
3_binette_bin134	0	0	0	0	0	0.016570216	0	0	0.51795226	0	0	0	0.011483091	0	0	0	0.94348794	0	0	0.06497132	0	0	0	0	0.002040605	0	0	0
3_binette_bin135	0	0	0.06240586	0	0.14993893	0	0	0.11115018	0	0	0.0956401	0	0.13082695	0	0	0.11105396	0	0	0	0.110525794	0	0	0.106329724	0	0.15213695	0	0	0.061049696
3_binette_bin137	0	0	0.018070001	0	0.04324688	0	0	0.03247444	0	0	0.026170867	0	0.039735	0	0	0.032451734	0	0	0	0.031135235	0	0	0.030476943	0	0.04548224	0	0	0.018477153
3_binette_bin138	0	0	0	0	0	0.04082593	0	0	0.1933868	0	0	0	0.0060404856	0	0	0	0.46691278	0	0	0.067820646	0	0	0	0	0	0	0	0
3_binette_bin139	3.0954473	0.22416906	0.111751564	0.17918164	0.24420817	0.25158095	0.19950993	0.06239844	2.547189	0.18793222	0.08170097	0.16447489	0.41307825	0.20002954	0.24211095	0.067537405	2.8739145	0.22929339	0.18797238	0.053968586	3.6720212	0.29490736	0.05087064	0.22176906	0.26504147	0.25063205	0.18577023	0.040302925
3_binette_bin14	0	0	0.015758496	0	0.045108974	0	0	0.028111836	0	0	0.023973301	0	0.039626855	0	0	0.028059632	0	0	0	0.028351195	0	0	0.02801888	0	0.04526678	0	0	0.021267442
3_binette_bin140	0	0	0	0	0	0.01977014	0	0	0.39238238	0	0	0	0.009541815	0	0	0	0.77515876	0	0	0.05868	0	0	0	0	0	0	0	0
3_binette_bin141	0	0	0.017426383	0	0.04950902	0	0	0.03366267	0	0	0.026645191	0	0.045588925	0	0	0.03365878	0	0	0	0.0338467	0	0	0.03423359	0	0.05150475	0	0	0.022807145
3_binette_bin142	0	0	0.019663082	0	0.051200453	0	0	0.03625441	0	0	0.030346815	0	0.045667216	0	0	0.035989422	0	0	0	0.03601908	0	0	0.03488041	0	0.051663518	0	0	0.022194656
3_binette_bin143	0	0	0.054643992	0	0.13552745	0	0	0.10254056	0	0	0.084890634	0	0.120238535	0	0	0.09970954	0	0	0	0.09929793	0	0	0.099192455	0	0.13910912	0	0	0.061542973
3_binette_bin144	0	0	0	0	0	0.018756222	0	0	0.34647176	0	0	0	0.0081297895	0	0	0	0.6786554	0	0	0.05430712	0	0	0	0	0	0	0	0
3_binette_bin145	0	0	0.019461669	0	0.055630773	0	0	0.03575897	0	0	0.031556677	0	0.04961485	0	0	0.035723392	0	0	0	0.037150037	0	0	0.036922965	0	0.056253828	0	0	0.02613004
3_binette_bin146	0	0	0.042086042	0	0.10556341	0	0	0.08255886	0	0	0.066053875	0	0.093946904	0	0	0.081086375	0	0	0	0.07991309	0	0	0.078050375	0	0.10883078	0	0	0.046994895
3_binette_bin147	0	0	0.0408386	0	0.10850805	0	0	0.07938222	0	0	0.06354316	0	0.098070525	0	0	0.07924951	0	0	0	0.07820723	0	0	0.07826432	0	0.110870756	0	0	0.054331537
3_binette_bin148	0	0	0.014288311	0	0.042976025	0	0	0.025639644	0	0	0.02313279	0	0.03794231	0	0	0.02549244	0	0	0	0.025773138	0	0	0.026849547	0	0.04374703	0	0	0.02014327
3_binette_bin149	0	0	0.021169346	0	0.054392464	0	0	0.03968109	0	0	0.0332637	0	0.047296993	0	0	0.039881703	0	0	0	0.039613545	0	0	0.03909324	0	0.0554886	0	0	0.021946773
3_binette_bin15	0	0	0.015554732	0	0.045756433	0	0	0.028345428	0	0	0.023961222	0	0.04011818	0	0	0.027725682	0	0	0	0.028748255	0	0	0.028234093	0	0.046029333	0	0	0.021630239
3_binette_bin150	0	0	0.016220907	0	0.037084863	0	0	0.03232477	0	0	0.02649476	0	0.035373736	0	0	0.0305317	0	0	0	0.030264627	0	0	0.031231336	0	0.03908569	0	0	0.012718814
3_binette_bin151	0	0	0.017844139	0	0.038811665	0	0	0.03534329	0	0	0.027032549	0	0.035693828	0	0	0.03212383	0	0	0	0.03178292	0	0	0.029335277	0	0.04025379	0	0	0.013135167
3_binette_bin152	0	0	0.10567823	0.021304123	0.23235282	0	0	0.2017072	0	0	0.14625299	0	0.20899951	0	0	0.18957968	0	0	0	0.16867416	0	0	0.19689958	0	0.23309131	0	0	0.10154009
3_binette_bin153	0	0	0.021463268	0	0.056966186	0	0	0.04097802	0	0	0.033587817	0	0.050914522	0	0	0.04124727	0	0	0	0.040557545	0	0	0.03944426	0	0.059304167	0	0	0.025216706
3_binette_bin154	0	0	0.016740646	0	0.044331122	0	0	0.03217124	0	0	0.02583593	0	0.03973916	0	0	0.031566057	0	0	0	0.031585343	0	0	0.03062113	0	0.04578307	0	0	0.01783995
3_binette_bin155	0.5431277	0.08833808	0.044406004	0.07171561	0.0424856	0.0902652	0.079713665	0.022160064	0.57521224	0.07142413	0.028149266	0.06735141	0.0804303	0.08275759	0.100379415	0.024145298	0.5831547	0.101443574	0.08150937	0.02375924	0.7074647	0.10361154	0.0215103	0.08337997	0.05353184	0.10182808	0.06842176	0.016918505
3_binette_bin156	0	0	0.014327737	0	0.038123414	0	0	0.028103892	0	0	0.023872936	0	0.033983946	0	0	0.029912798	0	0	0	0.028718846	0	0	0.028033113	0	0.037262473	0	0	0.012733976
3_binette_bin157	0	0	0.013833826	0	0.040482912	0	0	0.024578508	0	0	0.021381611	0	0.03537275	0	0	0.025279574	0	0	0	0.025353137	0	0	0.025412772	0	0.041179165	0	0	0.018168092
3_binette_bin158	0	0	0.11749735	0.024199659	0.24701577	0	0	0.215582	0	0	0.17668866	0	0.22692142	0	0	0.21627787	0	0	0	0.20868517	0	0	0.2056171	0	0.25568345	0	0	0.09105449
3_binette_bin159	0	0	0.1711973	0.028679436	0.4367885	0	0	0.30882484	0	0	0.26268378	0	0.38163665	0	0	0.3104138	0	0	0	0.31664056	0	0	0.30725345	0	0.441508	0	0	0.21376304
3_binette_bin16	0.46274248	0.080343224	0.04148383	0.0646106	0.037005674	0.08036277	0.07695394	0.018900445	0.46671474	0.06650258	0.025059804	0.0653353	0.06577972	0.07428035	0.09158589	0.020872295	0.4377802	0.09259038	0.07543934	0.017005501	0.56271005	0.092862666	0.02038863	0.0754922	0.04460618	0.097778805	0.06711761	0.014789986
3_binette_bin160	0	0	0	0	0	0.019229958	0	0	0.24707103	0	0	0	0.007524492	0	0	0	0.55992436	0	0	0.05573803	0	0	0	0	0	0	0	0
3_binette_bin161	0	0	0.046905298	0	0.11560276	0	0	0.084866546	0	0	0.0700231	0	0.103195734	0	0	0.083214544	0	0	0	0.08661427	0	0	0.084148355	0	0.11647371	0	0	0.05488567
3_binette_bin162	0	0	0.017026914	0	0.0427863	0	0	0.035253223	0	0	0.028076649	0	0.03908946	0	0	0.033703838	0	0	0	0.033683386	0	0	0.032158364	0	0.044763587	0	0	0.015858267
3_binette_bin163	0	0	0.018463358	0	0.04436437	0	0	0.03598307	0	0	0.03074303	0	0.03931482	0	0	0.034805425	0	0	0	0.03577544	0	0	0.033535942	0	0.047159407	0	0	0.01592739
3_binette_bin164	0	0	0.1414401	0.029168226	0.3213473	0	0	0.255869	0	0	0.21623808	0	0.2846684	0	0	0.25930548	0	0	0	0.26225048	0	0	0.25294793	0	0.3319618	0	0	0.11998213
3_binette_bin165	0	0	0.097768895	0.017022813	0.21259092	0	0	0.19385242	0	0	0.18143103	0	0.19982804	0	0	0.20308746	0	0	0	0.1731006	0	0	0.18054746	0	0.19475439	0	0	0.08594221
3_binette_bin166	0	0	0.05031297	0	0.122677974	0	0	0.10144591	0	0	0.07956574	0	0.111313894	0	0	0.0971128	0	0	0	0.095496766	0	0	0.09486138	0	0.122848675	0	0	0.05246122
3_binette_bin167	0	0	0.19608861	0.036160488	0.47624847	0	0	0.35744554	0	0	0.3035483	0	0.42628545	0	0	0.3498403	0	0	0	0.34904918	0	0	0.35519657	0	0.47660473	0	0	0.21157564
3_binette_bin169	1.4946623	0.07879918	0.08007157	0.059326172	0.17981358	0.07260818	0.065579474	0.1221785	1.2928499	0.059297804	0.0541219	0.057985798	0.24620591	0.06985045	0.07511304	0.05478581	1.2194569	0.0880218	0.064040795	0.06103796	1.7296252	0.08398032	0.0469283	0.064762	0.2526401	0.0982617	0.05722017	0.04554701
3_binette_bin17	0	0	0	0	0	0.019566806	0	0	0.42059952	0	0	0	0.010240966	0	0	0	0.76846987	0	0	0.054359775	0	0	0	0	0	0	0	0
3_binette_bin170	0	0	0.014222692	0	0.042573035	0	0	0.027223524	0	0	0.023968259	0	0.035878763	0	0	0.025918799	0	0	0	0.02832956	0	0	0.02610338	0	0.042233136	0	0	0.017781222
3_binette_bin171	0	0	0.1364771	0.028556462	0.2902427	0	0	0.26926303	0	0	0.21635593	0	0.26800427	0	0	0.25964907	0	0	0	0.20284988	0	0	0.25589624	0	0.29410875	0	0	0.13239284
3_binette_bin172	0.4605992	0.093566366	0.048371542	0.07599475	0.0340808	0.091344066	0.08928913	0.02107398	0.37066886	0.075286105	0.0273081	0.078833245	0.059780303	0.08553726	0.10942939	0.02390587	0.35427368	0.105446495	0.0884866	0.01969698	0.44977874	0.104307584	0.024627974	0.086529	0.035778623	0.1104562	0.07470609	0.016389828
3_binette_bin173	0	0	0.016795926	0	0.037241377	0	0	0.032285154	0	0	0.026111934	0	0.036781333	0	0	0.031777468	0	0	0	0.032319795	0	0	0.029877506	0	0.038610883	0	0	0.012452867
3_binette_bin174	0	0	0.050445605	0	0.117432944	0	0	0.09351491	0	0	0.06282154	0	0.09897135	0	0	0.08671944	0	0	0	0.08143646	0	0	0.08927018	0	0.11715994	0	0	0.052137565
3_binette_bin175	0	0	0.015872575	0	0.04234424	0	0	0.034227207	0	0	0.027670033	0	0.03917135	0	0	0.031803243	0	0	0	0.03134951	0	0	0.029424693	0	0.045261126	0	0	0.016277496
3_binette_bin176	0	0	0	0	0	0.019899253	0	0	0.24291164	0	0	0	0.006766508	0	0	0	0.51186955	0	0	0.053801846	0	0	0	0	0	0	0	0
3_binette_bin177	0	0	0.038226184	0	0.08890995	0	0	0.06538987	0	0	0.05334456	0	0.07627277	0	0	0.06547749	0	0	0	0.06892094	0	0	0.06585091	0	0.09339967	0	0	0.036829665
3_binette_bin178	0	0	0.013036297	0	0.039913993	0	0	0.02337058	0	0	0.01874281	0	0.03591019	0	0	0.023001103	0	0	0	0.023313846	0	0	0.02357771	0	0.0411147	0	0	0.019757353
3_binette_bin179	0	0	0.02015687	0	0.04683663	0	0	0.03632124	0	0	0.030181253	0	0.043175336	0	0	0.035994552	0	0	0	0.036123723	0	0	0.034422334	0	0.046465855	0	0	0.016798485
3_binette_bin18	0	0	0.01811265	0	0.047382385	0	0	0.03413213	0	0	0.028597008	0	0.042564657	0	0	0.033274997	0	0	0	0.03358839	0	0	0.033378094	0	0.048293196	0	0	0.019414844
3_binette_bin180	1.967129	0.06929923	0.05046123	0.06290229	0.18786697	0.07758951	0.065528154	0.041079666	1.3600447	0.062421396	0.048392016	0.059200767	0.2646538	0.07100883	0.07572108	0.048394967	1.5777013	0.08761465	0.06148534	0.049338277	1.7735655	0.08619777	0.04684298	0.07427586	0.18124758	0.074817345	0.06668623	0.038658623
3_binette_bin181	0.37343493	0.08132858	0.040205136	0.06994727	0.033156954	0.07786939	0.07569288	0.021029279	0.4369567	0.06456929	0.027292011	0.068297744	0.0630221	0.07805644	0.09033074	0.021832226	0.44936308	0.09428153	0.07442557	0.018516477	0.5147798	0.089037865	0.021480888	0.08307624	0.043332104	0.08975742	0.07139527	0.011448335
3_binette_bin182	0	0	0.020607864	0	0.049577072	0	0	0.035493143	0	0	0.02955788	0	0.04487418	0	0	0.034863267	0	0	0	0.034506574	0	0	0.034214083	0	0.051832795	0	0	0.021835359
3_binette_bin183	0	0	0.021500133	0	0.05809169	0	0	0.038833953	0	0	0.032795522	0	0.05061378	0	0	0.038704153	0	0	0	0.038928922	0	0	0.03860942	0	0.05805942	0	0	0.025218012
3_binette_bin184	0	0	0.016975837	0	0.04249467	0	0	0.03311188	0	0	0.026347257	0	0.038358003	0	0	0.032541808	0	0	0	0.032292705	0	0	0.03142461	0	0.043830503	0	0	0.016034862
3_binette_bin185	0	0	0.017079435	0	0.049238607	0	0	0.032686297	0	0	0.029574577	0	0.042984664	0	0	0.034102276	0	0	0	0.034232832	0	0	0.03523207	0	0.049265113	0	0	0.019838516
3_binette_bin186	0	0	0.016032664	0	0.040966924	0	0	0.033609413	0	0	0.027296957	0	0.036955055	0	0	0.031666253	0	0	0	0.03368893	0	0	0.030951727	0	0.043708473	0	0	0.014505327
3_binette_bin187	1.1951785	0.041902766	0.021830067	0.033599406	0.09358399	0.04222837	0.038481597	0.011843849	1.0907028	0.034872334	0.013224149	0.03501894	0.15577981	0.03826338	0.04309095	0.011605517	1.1363716	0.045462232	0.036223013	0.009241149	1.4266266	0.04990554	0.010259415	0.03869647	0.10278883	0.047867548	0.035427347	0.0066723037
3_binette_bin188	0	0	0.011825948	0	0.03836858	0	0	0.02097861	0	0	0.018400641	0	0.034802627	0	0	0.022268144	0	0	0	0.021594452	0	0	0.022125266	0	0.039943118	0	0	0.020453475
3_binette_bin189	0	0	0.05567677	0	0.13551551	0	0	0.106597535	0	0	0.09105549	0	0.13521488	0	0	0.100202225	0	0	0	0.09829754	0	0	0.10495412	0	0.13325007	0	0	0.094045356
3_binette_bin19	0	0	0	0	0	0.017345391	0	0	0.32297355	0	0	0	0.008040074	0	0	0	0.64664775	0	0	0.05363252	0	0	0	0	0	0	0	0
3_binette_bin190	0	0	0	0	0	0.012957302	0	0	0.12978765	0	0	0	0.0043675685	0	0	0	0.36871788	0	0	0.049197055	0	0	0	0	0	0	0	0
3_binette_bin191	0	0	0.019191587	0	0.042371042	0	0	0.03315503	0	0	0.02732451	0	0.037220456	0	0	0.032491162	0	0	0	0.032632586	0	0	0.031471744	0	0.043037586	0	0	0.013957059
3_binette_bin192	0	0	0.016409393	0	0.042477638	0	0	0.028719516	0	0	0.023886438	0	0.03900781	0	0	0.028948803	0	0	0	0.028501594	0	0	0.028342342	0	0.04455671	0	0	0.019130297
3_binette_bin193	0	0	0.022668853	0	0.06006953	0	0	0.04187205	0	0	0.034426644	0	0.052742645	0	0	0.04120145	0	0	0	0.040811047	0	0	0.040773757	0	0.06108581	0	0	0.02517534
3_binette_bin194	0	0	0.025367614	0	0.06499519	0	0	0.047465354	0.059087712	0	0.038539506	0	0.063541055	0	0	0.04461442	0.06822149	0	0	0.044140674	0	0	0.044514157	0	0.06717394	0	0	0.02814992
3_binette_bin195	0	0	0.01942242	0	0.04827964	0	0	0.034945957	0	0	0.03073026	0	0.04252877	0	0	0.035742003	0	0	0	0.034944452	0	0	0.034711868	0	0.048387222	0	0	0.018150095
3_binette_bin196	0	0	0.021371733	0	0.05041639	0	0	0.03797555	0	0	0.031365518	0	0.045791175	0	0	0.03625901	0	0	0	0.038595263	0	0	0.03731649	0	0.051855255	0	0	0.020098148
3_binette_bin197	0	0	0.12483429	0.021668125	0.2979058	0	0	0.2150013	0	0	0.18798985	0	0.2582861	0	0	0.21307334	0	0	0	0.22151227	0	0	0.21672305	0	0.30021438	0	0	0.12970129
3_binette_bin198	0	0	0.01684864	0	0.03751562	0	0	0.03115443	0	0	0.024804935	0	0.0338605	0	0	0.031215083	0	0	0	0.030629821	0	0	0.030018877	0	0.03885722	0	0	0.013281958
3_binette_bin199	0	0	0.018576913	0	0.048878647	0	0	0.033347122	0	0	0.028595565	0	0.042511046	0	0	0.033715967	0	0	0	0.035566248	0	0	0.033249367	0	0.049575623	0	0	0.020085353
3_binette_bin2	0	0	0.015397968	0	0.03451796	0	0	0.03343248	0	0	0.024250098	0	0.030572776	0	0	0.029361358	0	0	0	0.028461073	0	0	0.027645944	0	0.03593848	0	0	0.010846885
3_binette_bin20	0	0	0.021970736	0	0.053783193	0	0	0.04240244	0	0	0.034732286	0	0.048440244	0	0	0.041059464	0	0	0	0.04100562	0	0	0.039868157	0	0.055504914	0	0	0.021094665
3_binette_bin200	0	0	0.04760162	0	0.119678296	0	0	0.094952434	0	0	0.07555708	0	0.105230555	0	0	0.091763966	0	0	0	0.08961888	0	0	0.089032955	0	0.12519406	0	0	0.05393193
3_binette_bin201	0	0	0.037615463	0	0.085176975	0	0	0.06360396	0	0	0.054893434	0	0.07490243	0	0	0.06403586	0	0	0	0.061603665	0	0	0.061512105	0	0.088268556	0	0	0.03585791
3_binette_bin202	0	0	0.021532767	0	0.050555687	0	0	0.03684765	0	0	0.0321931	0	0.044206273	0	0	0.03650916	0	0	0	0.03966769	0	0	0.036590412	0	0.05253169	0	0	0.019765122
3_binette_bin203	0	0	0.016493145	0	0.037544817	0	0	0.029645775	0	0	0.025631178	0	0.03441966	0	0	0.029684046	0	0	0	0.027998174	0	0	0.027902167	0	0.04086824	0	0	0.014608318
3_binette_bin204	0	0	0.056716017	0	0.14198357	0	0	0.10702721	0	0	0.08874452	0	0.12644206	0	0	0.10550807	0	0	0	0.10692888	0	0	0.10477169	0	0.1485822	0	0	0.06587265
3_binette_bin205	0	0	0.017323911	0	0.044211324	0	0	0.029008795	0	0	0.02507449	0	0.043198403	0	0	0.03205547	0	0	0	0.032553643	0	0	0.03189755	0	0.049049947	0	0	0.014975557
3_binette_bin206	0	0	0.019688148	0	0.053600863	0	0	0.03795117	0	0	0.030121868	0	0.04639653	0	0	0.03624753	0	0	0	0.035859276	0	0	0.034957487	0	0.053518355	0	0	0.023689976
3_binette_bin207	0.45226648	0.07010129	0.040082112	0.05947431	0.045559023	0.06897099	0.063295476	0.021921003	0.53398776	0.05893574	0.02572394	0.060053013	0.074239254	0.067208365	0.07596936	0.023727378	0.5151902	0.07827421	0.068998486	0.020329798	0.62886584	0.082425535	0.022707546	0.07341708	0.060258042	0.075312875	0.06490769	0.016368426
3_binette_bin208	0	0	0.03395685	0	0.08525029	0	0	0.06321216	0	0	0.052545846	0	0.07716992	0	0	0.06284716	0	0	0	0.061406493	0	0	0.06236829	0	0.08955812	0	0	0.04191388
3_binette_bin209	0	0	0.0146828275	0	0.040455155	0	0	0.02797059	0	0	0.023937166	0	0.038076025	0	0	0.029163232	0	0	0	0.029164942	0	0	0.027701935	0	0.042738196	0	0	0.018245107
3_binette_bin21	0	0	0.018133936	0	0.045273893	0	0	0.035738707	0	0	0.029552069	0	0.040560428	0	0	0.035032917	0	0	0	0.03444178	0	0	0.03378559	0	0.046300787	0	0	0.016802587
3_binette_bin210	0	0	0.031225538	0	0.07860134	0	0	0.062048733	0	0	0.05019642	0	0.07093448	0	0	0.058814805	0	0	0	0.059038576	0	0	0.056082223	0	0.07865573	0	0	0.032269895
3_binette_bin211	0	0	0.012610062	0	0.04237637	0	0	0.025723958	0	0	0.020628996	0	0.03717898	0	0	0.024454974	0	0	0	0.025890067	0	0	0.024931097	0	0.04315499	0	0	0.021008182
3_binette_bin212	0	0	0.52700615	0	1.4325496	0	0	1.6160318	0	0	1.292572	0	2.5148735	0	0	1.6144584	0.07597108	0	0	1.1307309	0	0	1.6216029	0	1.391426	0	0	3.6595984
3_binette_bin213	0	0	0.042108662	0	0.12173946	0	0	0.07810641	0	0	0.06597635	0	0.11362811	0	0	0.08204976	0	0	0	0.07671608	0	0	0.07858782	0	0.12275769	0	0	0.07352183
3_binette_bin214	0.60457945	0.09993973	0.050342917	0.079346865	0.050121758	0.09476784	0.09153302	0.022779964	0.57718027	0.09201001	0.028735343	0.09020411	0.086850144	0.09180262	0.09418989	0.023877995	0.58782214	0.094431475	0.09036566	0.019746454	0.71220165	0.10190138	0.024496054	0.08432783	0.06252171	0.10017138	0.08020234	0.0126879485
3_binette_bin215	0	0	0.053845163	0	0.14745164	0	0	0.1078367	0	0	0.092293896	0	0.1367687	0	0	0.10985035	0	0	0	0.10820153	0	0	0.11131615	0	0.1461111	0	0	0.07270633
3_binette_bin216	1.2210071	0.20365827	0.09418379	0.16406552	0.092702225	0.20546289	0.19190106	0.046156235	1.041462	0.17649513	0.06460137	0.17446186	0.16204137	0.19100977	0.2483751	0.05388839	1.0375074	0.24713671	0.18743187	0.0419581	1.191769	0.2331845	0.05419177	0.1900624	0.091156155	0.22450802	0.17120317	0.056863103
3_binette_bin217	0	0	0.017784433	0	0.03954795	0	0	0.030445077	0	0	0.02422148	0	0.033180475	0	0	0.027736906	0	0	0	0.03208767	0	0	0.026742676	0	0.03920143	0	0	0.010811952
3_binette_bin218	0	0	0.016359704	0	0.042727176	0	0	0.027126458	0	0	0.023458885	0	0.037132025	0	0	0.026391247	0	0	0	0.028989606	0	0	0.027952401	0	0.04154991	0	0	0.018699346
3_binette_bin22	0	0	0.017778927	0	0.050399255	0	0	0.033197537	0	0	0.027802203	0	0.04451906	0	0	0.03292887	0	0	0	0.033345267	0	0	0.03268811	0	0.05124071	0	0	0.022915658
3_binette_bin220	0	0	0.037119783	0	0.093476266	0	0	0.068097636	0	0	0.056310862	0	0.08536	0	0	0.06786002	0	0	0	0.06927068	0	0	0.06491712	0	0.09605082	0	0	0.043885395
3_binette_bin221	0	0	0.020791745	0	0.054094076	0	0	0.047505796	0	0	0.034162395	0	0.04876419	0	0	0.04095853	0	0	0	0.043070097	0	0	0.03923035	0	0.054556306	0	0	0.022020677
3_binette_bin222	0	0	0.034703992	0	0.08944487	0	0	0.08376295	0	0	0.06387648	0	0.08402479	0	0	0.0829144	0	0	0	0.06837899	0	0	0.077282734	0	0.06993869	0	0	0.029345183
3_binette_bin223	0	0	0.1921012	0.053874042	0.4461762	0	0	0.35317475	0	0	0.3039373	0	0.40731162	0	0	0.35527387	0	0	0	0.35692805	0	0	0.34980714	0	0.44459477	0	0	0.18018444
3_binette_bin224	0	0	0.032040603	0	0.079225406	0	0	0.06569658	0	0	0.054140225	0	0.07200046	0	0	0.06033447	0	0	0	0.05885546	0	0	0.057528075	0	0.08402071	0	0	0.034660645
3_binette_bin225	0	0	0.038306303	0	0.08627837	0	0	0.07183992	0	0	0.062502064	0	0.075379334	0	0	0.07242466	0	0	0	0.077133305	0	0	0.06909295	0	0.096579775	0	0	0.028854815
3_binette_bin226	7.175433	0	0.040798176	0	0.50353795	0	0	0.03519014	3.85144	0	0.036622938	0	0.8097664	0	0	0.030626532	4.036993	0	0	0.032222614	4.0608053	0	0.033393286	0	0.51545054	0	0	0.017561534
3_binette_bin227	0	0	0.02728727	0	0.077868305	0	0	0.04848292	0	0	0.043368723	0	0.07205658	0	0	0.05121706	0	0	0	0.055140648	0	0	0.05052019	0	0.07711566	0	0	0.04251888
3_binette_bin228	0	0	0.020818036	0	0.046475712	0	0	0.036613174	0	0	0.031108623	0	0.040533863	0	0	0.039426785	0	0	0	0.035752654	0	0	0.036542896	0	0.047656532	0	0	0.014279541
3_binette_bin229	0	0	0.06732259	0	0.16784233	0	0	0.12605958	0	0	0.10817825	0	0.15443145	0	0	0.123959	0	0	0	0.1219063	0	0	0.12338843	0	0.17362551	0	0	0.07872238
3_binette_bin23	0.4506037	0.08265787	0.044724457	0.06983246	0.0404833	0.081959344	0.081736796	0.022778697	0.43448186	0.06956641	0.028476274	0.06850071	0.06801079	0.077813216	0.09786375	0.024985168	0.4208827	0.09600903	0.08066836	0.020636953	0.53258836	0.095992155	0.023359032	0.08008118	0.04554394	0.102076896	0.07088592	0.017662104
3_binette_bin230	0.20688894	0.037403584	0.020877726	0.030403359	0.016721983	0.035517983	0.031866573	0.008775692	0.185222	0.029453468	0.010830738	0.030397879	0.025924485	0.03348451	0.040745623	0.009218499	0.16706668	0.044338603	0.035653543	0.008104327	0.23896453	0.041525647	0.008289188	0.036249157	0.020669298	0.057823602	0.02849678	0.0053154156
3_binette_bin231	0	0	0.04085453	0	0.08877448	0	0	0.070888594	0	0	0.06620041	0	0.08057407	0	0	0.071560346	0	0	0	0.07015107	0	0	0.07308376	0	0.0988909	0	0	0.035494752
3_binette_bin232	0	0	0.035101276	0	0.0936538	0	0	0.06158758	0	0	0.053761665	0	0.08563411	0	0	0.06200341	0	0	0	0.06591807	0	0	0.064199835	0	0.10062794	0	0	0.0503722
3_binette_bin233	0.26493716	0	0	0	0.047342952	0	0	0.010352948	0.43032575	0	0.007847784	0	0.04882874	0	0	0.00917076	0.4333699	0	0	0.008752796	0.6146283	0	0.009069142	0	0.058191683	0	0	0.0065700756
3_binette_bin238	0	0	0	0	0	0.021351097	0	0	0.4146502	0	0	0	0.010054825	0	0	0	0.78904796	0	0	0.058361474	0	0	0	0	0	0	0	0
3_binette_bin24	0	0	0.017258804	0	0.045725696	0	0	0.031638384	0	0	0.026735174	0	0.04027703	0	0	0.031422134	0	0	0	0.031755213	0	0	0.03157102	0	0.046676114	0	0	0.018763376
3_binette_bin25	0	0	0.018659135	0	0.04581345	0	0	0.03452083	0	0	0.027936742	0	0.041011564	0	0	0.034040622	0	0	0	0.033776324	0	0	0.03311655	0	0.046575278	0	0	0.017488029
3_binette_bin26	0	0	0.018486466	0	0.044438977	0	0	0.03588873	0	0	0.028603414	0	0.04040033	0	0	0.034717884	0	0	0	0.03456837	0	0	0.03380829	0	0.04588939	0	0	0.01662947
3_binette_bin27	0	0	0.020334352	0	0.0549337	0	0	0.03739946	0	0	0.031355534	0	0.04927174	0	0	0.03731321	0	0	0	0.03743897	0	0	0.036974743	0	0.056172624	0	0	0.024727797
3_binette_bin28	0	0	0.022311259	0	0.05861426	0	0	0.04167678	0	0	0.03483852	0	0.051653575	0	0	0.041049063	0	0	0	0.04147663	0	0	0.04067198	0	0.06005973	0	0	0.025142852
3_binette_bin29	0	0	0	0	0	0.019921992	0	0	0.38986665	0	0	0	0.009314733	0	0	0	0.76923454	0	0	0.05794946	0	0	0	0	0	0	0	0
3_binette_bin3	0	0	0.016742434	0	0.039711416	0	0	0.03954952	0	0	0.02634411	0	0.03590632	0	0	0.0320291	0	0	0	0.031879462	0	0	0.029863838	0	0.04117801	0	0	0.014477491
3_binette_bin30	0	0	0.017096309	0	0.041359276	0	0	0.031896062	0	0	0.025896505	0	0.037325397	0	0	0.031347908	0	0	0	0.031702027	0	0	0.03053323	0	0.042700533	0	0	0.015324231
3_binette_bin31	0	0	0.029820645	0	0.07364374	0	0	0.0568841	0	0	0.04673361	0	0.06587583	0	0	0.056510355	0	0	0	0.055913128	0	0	0.05461989	0	0.07558559	0	0	0.030772144
3_binette_bin32	0.24924938	0.056367207	0.0301499	0.049996298	0.023081267	0.05654259	0.059489347	0.012981177	0.23963967	0.04686927	0.018319802	0.048903048	0.036173604	0.056114525	0.06994375	0.015860878	0.21224347	0.06639324	0.05810193	0.0135927405	0.29189816	0.063784435	0.01539954	0.05606545	0.02758444	0.081931666	0.05039951	0.009486506
3_binette_bin33	0	0	0	0	0	0.01703506	0	0	0.30352843	0	0	0	0.008376459	0	0	0	0.6724188	0	0	0.057549667	0	0	0	0	0	0	0	0
3_binette_bin34	0	0	0.016002046	0	0.04455155	0	0	0.029047627	0	0	0.024315832	0	0.039785113	0	0	0.028398585	0	0	0	0.029278561	0	0	0.028441533	0	0.045130663	0	0	0.019864412
3_binette_bin35	0	0	0.015647218	0	0.03896265	0	0	0.035320923	0	0	0.025799824	0	0.03476978	0	0	0.030131308	0	0	0	0.03031888	0	0	0.028752847	0	0.039209027	0	0	0.014287532
3_binette_bin36	0	0	0.017113503	0	0.040583313	0	0	0.03339694	0	0	0.027048912	0	0.03707657	0	0	0.031847667	0	0	0	0.031443156	0	0	0.03136447	0	0.041712005	0	0	0.014412103
3_binette_bin37	0	0	0.07619395	0	0.18565965	0	0	0.14409007	0	0	0.11970555	0	0.16552892	0	0	0.1437027	0	0	0	0.1415086	0	0	0.13954522	0	0.19022037	0	0	0.08415493
3_binette_bin38	0	0	0	0	0	0.01763324	0	0	0.34091026	0	0	0	0.008303041	0	0	0	0.70087814	0	0	0.05825792	0	0	0	0	0	0	0	0
3_binette_bin39	0	0	0.01813158	0	0.04288673	0	0	0.035955876	0	0	0.028427692	0	0.039009344	0	0	0.0349433	0	0	0	0.034304813	0	0	0.033447184	0	0.044167258	0	0	0.0152280815
3_binette_bin4	0.33193034	0.068128616	0.035220325	0.056760166	0.026455183	0.06757366	0.065640606	0.015856363	0.3698734	0.05616204	0.0215125	0.05402724	0.0505305	0.063938245	0.0798844	0.017806506	0.34684837	0.07946002	0.064321905	0.014790871	0.44085884	0.07884998	0.016657697	0.06518554	0.033969477	0.08462423	0.056463342	0.010377966
3_binette_bin40	0	0	0.019949857	0	0.054213934	0	0	0.036045153	0	0	0.030714406	0	0.047527146	0	0	0.035833612	0	0	0	0.03603375	0	0	0.036939543	0	0.055309247	0	0	0.025216274
3_binette_bin41	0	0	0.018384298	0	0.04148349	0	0	0.038375158	0	0	0.028880205	0	0.03874124	0	0	0.035127725	0	0	0	0.03396492	0	0	0.031556327	0	0.04258417	0	0	0.014468205
3_binette_bin42	0	0	0.018122166	0	0.048528034	0	0	0.032370444	0	0	0.027324367	0	0.04294533	0	0	0.032101467	0	0	0	0.031849023	0	0	0.03239354	0	0.049047362	0	0	0.02220401
3_binette_bin43	0	0	0	0	0	0.01902157	0	0	0.3385457	0	0	0	0.0077456483	0	0	0	0.6842906	0	0	0.05616805	0	0	0	0	0	0	0	0
3_binette_bin44	0	0	0.021469092	0	0.05699733	0	0	0.039452426	0	0	0.033211015	0	0.05015116	0	0	0.038661055	0	0	0	0.039788622	0	0	0.038933042	0	0.057609793	0	0	0.024116471
3_binette_bin45	0	0	0.01778039	0	0.03990059	0	0	0.03448401	0	0	0.028268646	0	0.03652262	0	0	0.033642005	0	0	0	0.03266265	0	0	0.03139648	0	0.041431468	0	0	0.013890597
3_binette_bin46	0	0	0.016076975	0	0.037555065	0	0	0.032532755	0	0	0.026325304	0	0.033676207	0	0	0.031101165	0	0	0	0.030359374	0	0	0.02930178	0	0.03836514	0	0	0.012053204
3_binette_bin47	0	0	0.43158183	0.08663318	1.223797	0	0	0.82512057	0	0	0.7083534	0	1.1800289	0	0	0.80272627	0	0	0	0.77195346	0	0	0.82108355	0	1.1804752	0	0	0.6162813
3_binette_bin48	0	0	0.018612687	0	0.046554428	0	0	0.040260285	0	0	0.028413564	0	0.040765334	0	0	0.035743874	0	0	0	0.036370635	0	0	0.03322069	0	0.04803031	0	0	0.0180019
3_binette_bin49	0.5231873	0.09315277	0.048622116	0.07639215	0.038559314	0.091307014	0.08902902	0.021715363	0.44621995	0.0784174	0.028604036	0.07844792	0.07512394	0.08701779	0.105262205	0.023538025	0.44966158	0.10604915	0.090335034	0.019392427	0.54913086	0.1033167	0.025227776	0.0863418	0.044001132	0.10724846	0.077381365	0.017763961
3_binette_bin5	0	0	0.017503664	0	0.039662134	0	0	0.03575873	0	0	0.02753818	0	0.03621717	0	0	0.033111103	0	0	0	0.032759354	0	0	0.031027801	0	0.041110087	0	0	0.013497777
3_binette_bin50	1.8013061	0.07039641	0.07232309	0.062040757	0.21372011	0.072650544	0.06667624	0.08618307	1.5396595	0.055741254	0.068945326	0.055038027	0.27761963	0.064891905	0.07215597	0.0803076	1.4713953	0.08214993	0.062236987	0.070567474	1.9885437	0.08118121	0.065432616	0.06328879	0.24633664	0.11398831	0.054277293	0.039356843
3_binette_bin51	0	0	0.018429076	0	0.04215864	0	0	0.037234243	0	0	0.029213145	0	0.038110252	0	0	0.0361935	0	0	0	0.034295905	0	0	0.032882467	0	0.042887557	0	0	0.014420512
3_binette_bin52	0	0	0.018782426	0	0.04852311	0	0	0.034076247	0	0	0.029128853	0	0.043438792	0	0	0.034750726	0	0	0	0.0338159	0	0	0.032581106	0	0.04930093	0	0	0.020658555
3_binette_bin53	0	0	0.015620197	0	0.045817394	0	0	0.02807837	0	0	0.024000444	0	0.04011083	0	0	0.028168984	0	0	0	0.02897661	0	0	0.028693242	0	0.046294138	0	0	0.021271845
3_binette_bin54	0.48790023	0.10457049	0.054985054	0.08570168	0.03548866	0.1042854	0.10142073	0.024056138	0.39296016	0.08519988	0.032053236	0.08845053	0.06231781	0.096465185	0.12195986	0.027277503	0.37675175	0.12150699	0.10224237	0.021948058	0.48315805	0.118412524	0.027929178	0.099591084	0.03717386	0.12244607	0.08917988	0.01907703
3_binette_bin55	0	0	0.01908202	0	0.048801787	0	0	0.039993934	0	0	0.03047697	0	0.043320566	0	0	0.03534536	0	0	0	0.03615625	0	0	0.034999575	0	0.049934603	0	0	0.020248912
3_binette_bin56	0	0	0.022306561	0	0.058149956	0	0	0.0407571	0	0	0.035882156	0	0.05146535	0	0	0.039759398	0	0	0	0.041384727	0	0	0.040472597	0	0.059217583	0	0	0.024571944
3_binette_bin57	0	0	0.02168675	0	0.052484408	0	0	0.038846217	0	0	0.032356158	0	0.046885494	0	0	0.03829165	0	0	0	0.039016835	0	0	0.037596628	0	0.05368266	0	0	0.02094462
3_binette_bin58	0	0	0.022435362	0	0.057688296	0	0	0.04195248	0	0	0.03444288	0	0.05067335	0	0	0.040808447	0	0	0	0.041995265	0	0	0.040525354	0	0.058870006	0	0	0.02411547
3_binette_bin59	0.5579149	0.07737134	0.03962716	0.06383326	0.046010938	0.077348724	0.07325684	0.01850695	0.5888204	0.06556612	0.024041228	0.06370304	0.08081427	0.07473539	0.08709824	0.019615414	0.5553991	0.09037548	0.070754655	0.016488556	0.706788	0.09093446	0.019927064	0.07440177	0.05927602	0.09284809	0.063995756	0.014339356
3_binette_bin6	0.042349346	0	0.021412378	0	0.041522264	0	0	0.031410392	0.050672464	0	0.027168969	0	0.040079705	0	0	0.031310007	0.043612015	0	0	0.031361382	0.055824704	0	0.030217964	0	0.0433265	0.014913878	0	0.016816461
3_binette_bin60	0.658821	0.07736291	0.06562791	0.06292887	0.053874116	0.072607286	0.06966674	0.026987065	0.6365794	0.060712572	0.03769538	0.0642436	0.091423966	0.071838684	0.07936985	0.018907038	0.59605503	0.08901621	0.06857614	0.025048153	0.7969352	0.084152415	0.018173266	0.07332209	0.0686972	0.096366316	0.061737183	0.0129699465
3_binette_bin61	0	0	0.015365399	0	0.044958245	0	0	0.02753764	0	0	0.023249177	0	0.04007663	0	0	0.028156782	0	0	0	0.02776631	0	0	0.02815018	0	0.044969764	0	0	0.022621844
3_binette_bin62	0	0	0.018226815	0	0.04213801	0	0	0.037005424	0	0	0.029004714	0	0.03835892	0	0	0.034173667	0	0	0	0.03403371	0	0	0.032136917	0	0.04370694	0	0	0.01511719
3_binette_bin63	0	0	0	0	0	0.018980859	0	0	0.34495708	0	0	0	0.010209565	0	0	0	0.62840664	0	0	0.048637588	0	0	0	0	0	0	0	0
3_binette_bin64	0	0	0.018857226	0	0.04368581	0	0	0.037254646	0	0	0.028423266	0	0.040117253	0	0	0.036252614	0	0	0	0.034726553	0	0	0.034100737	0	0.04552284	0	0	0.015571415
3_binette_bin65	0	0	0.021680845	0	0.059060864	0	0	0.039032668	0	0	0.032144263	0	0.051489115	0	0	0.038400695	0	0	0	0.039319105	0	0	0.03832593	0	0.058911648	0	0	0.02711521
3_binette_bin66	0	0	0	0	0	0.017271953	0	0	0.29996383	0	0	0	0.007781559	0	0	0	0.6623929	0	0	0.05465172	0	0	0	0	0	0	0	0
3_binette_bin67	0	0	0.016444005	0	0.04709988	0	0	0.03130497	0	0	0.025140995	0	0.042140864	0	0	0.030999925	0	0	0	0.03097077	0	0	0.030276049	0	0.048643976	0	0	0.021437613
3_binette_bin68	0	0	0.018043993	0	0.041618317	0	0	0.03519335	0	0	0.02827181	0	0.03751531	0	0	0.03286365	0	0	0	0.03353322	0	0	0.03235448	0	0.043283693	0	0	0.014614015
3_binette_bin69	0	0	0.020264583	0	0.04813256	0	0	0.04061231	0	0	0.032485664	0	0.04421757	0	0	0.03873779	0	0	0	0.03842974	0	0	0.0373375	0	0.049417302	0	0	0.017796537
3_binette_bin7	0	0	0.2264044	0.03607328	0.59853756	0	0	0.41031516	0	0	0.34294406	0	0.51686835	0	0	0.4055504	0	0	0	0.4186035	0	0	0.4100235	0	0.60271376	0	0	0.3140188
3_binette_bin70	0	0	0.053896766	0	0.12998366	0	0	0.10484532	0	0	0.08499309	0	0.11681655	0	0	0.10230628	0	0	0	0.10072573	0	0	0.09851538	0	0.13367586	0	0	0.056798026
3_binette_bin71	0	0	0.020558506	0	0.05151621	0	0	0.037954867	0	0	0.031246675	0	0.04592431	0	0	0.037488226	0	0	0	0.037499856	0	0	0.036873553	0	0.052500334	0	0	0.020644188
3_binette_bin72	0	0	0.018613316	0	0.050174806	0	0	0.03268419	0	0	0.027292563	0	0.04473606	0	0	0.03199848	0	0	0	0.032940198	0	0	0.032684512	0	0.05115317	0	0	0.024026327
3_binette_bin73	0	0	0.01774611	0	0.04849787	0	0	0.031149782	0	0	0.026243173	0	0.042257193	0	0	0.031155972	0	0	0	0.031168217	0	0	0.031040577	0	0.04929205	0	0	0.022303574
3_binette_bin74	0	0	0	0	0	0.020136015	0	0	0.38027164	0	0	0	0.009320536	0	0	0	0.7843583	0	0	0.063569695	0	0	0	0	0	0	0	0
3_binette_bin75	0	0	0.02096062	0	0.055802185	0	0	0.03831961	0	0	0.03204757	0	0.05081616	0	0	0.038723882	0	0	0	0.039346024	0	0	0.037488896	0	0.058038328	0	0	0.025051737
3_binette_bin76	0	0	0	0	0	0.018504547	0	0	0.30707917	0	0	0	0.007809656	0	0	0	0.5887577	0	0	0.050104644	0	0	0	0	0	0	0	0
3_binette_bin77	0	0	0.056568887	0	0.13866897	0	0	0.105392106	0	0	0.08854084	0	0.122028716	0	0	0.10364169	0	0	0	0.1038854	0	0	0.10320932	0	0.14175779	0	0	0.06222006
3_binette_bin78	4.305049	0	0	0	0.5149488	0	0	1.0719792	3.0778737	0	1.483728	0	0.6588411	0	0	0.05839673	2.823073	0	0	1.001391	3.1612773	0	0.07154379	0	0.4468611	0	0	0.35773572
3_binette_bin79	0	0	0.023512676	0	0.06266458	0	0	0.042918485	0	0	0.03613177	0	0.056302395	0	0	0.043324903	0	0	0	0.04365412	0	0	0.04163232	0	0.06482623	0	0	0.026840271
3_binette_bin8	0	0	0.01406496	0	0.04168986	0	0	0.025522325	0	0	0.02134831	0	0.036475826	0	0	0.02512727	0	0	0	0.025748398	0	0	0.025707329	0	0.04173393	0	0	0.019072233
3_binette_bin80	0	0	0.017123608	0	0.04275152	0	0	0.03244961	0	0	0.025745748	0	0.03791813	0	0	0.03114437	0	0	0	0.03168449	0	0	0.031009708	0	0.044022646	0	0	0.01596634
3_binette_bin81	0	0	0	0	0	0.018321266	0	0	0.23095572	0	0	0	0.00905989	0	0	0	0.50466716	0	0	0.053855803	0	0	0	0	0	0	0	0
3_binette_bin82	0	0	0	0	0	0.018861575	0	0	0.3693474	0	0	0	0.007811492	0	0	0	0.72892344	0	0	0.058505084	0	0	0	0	0	0	0	0
3_binette_bin83	0.21002065	0.054018505	0.035581395	0.043956805	0.033085927	0.052104972	0.04723004	0.020337908	0.22450759	0.044172328	0.02492789	0.041489974	0.04039234	0.051521003	0.061022047	0.022647813	0.19356734	0.062777035	0.051464465	0.021550793	0.2634087	0.05596539	0.020741919	0.049624782	0.036116023	0.06654256	0.04331724	0.011165978
3_binette_bin84	0	0	0.016377592	0	0.040578272	0	0	0.03286034	0	0	0.026226204	0	0.03741483	0	0	0.031805266	0	0	0	0.031423755	0	0	0.030982472	0	0.042248864	0	0	0.0146586215
3_binette_bin85	0	0	0.12554659	0.023127785	0.29779556	0	0	0.22294228	0	0	0.18781936	0	0.2596236	0	0	0.22057669	0	0	0	0.22778216	0	0	0.22196272	0	0.30330667	0	0	0.12652034
3_binette_bin86	0.79266024	0.085083626	0.041923057	0.06814751	0.058466516	0.08546629	0.0766901	0.020469304	0.7642224	0.0687016	0.027196094	0.06615213	0.11593953	0.07792023	0.094184905	0.021860855	0.7443627	0.09888802	0.07797705	0.018171044	0.9266797	0.100703746	0.02097817	0.0809503	0.07204293	0.095596425	0.069385715	0.011260791
3_binette_bin87	1.0754164	0.037996814	0.019196726	0.028750207	0.10198015	0.037471976	0.033315886	0.009162187	0.79484797	0.029694749	0.011428058	0.027577605	0.11901067	0.033799596	0.036082074	0.009777636	0.7019657	0.041051365	0.03224011	0.008308545	1.1049311	0.043356963	0.008349261	0.034393653	0.10236495	0.053588454	0.029116753	0.0058276975
3_binette_bin88	0	0	0.022581203	0	0.058950845	0	0	0.0406674	0	0	0.03344963	0	0.053148326	0	0	0.040554017	0	0	0	0.041202527	0	0	0.04048993	0	0.06142144	0	0	0.02591853
3_binette_bin89	0	0	0.017809292	0	0.04936493	0	0	0.03265602	0	0	0.026798228	0	0.04391711	0	0	0.031523407	0	0	0	0.032215632	0	0	0.03203754	0	0.050324276	0	0	0.023033245
3_binette_bin9	0.48102266	0.09749358	0.051327847	0.080428526	0.03815305	0.09678194	0.094255395	0.022777248	0.40343058	0.081685334	0.029738544	0.08264472	0.06432049	0.091104046	0.11271285	0.024863109	0.3863171	0.11398915	0.095031105	0.020372465	0.50000423	0.11056214	0.026101667	0.09331147	0.04143051	0.12014743	0.081491776	0.0198096
3_binette_bin90	0	0	0.018490897	0	0.042683084	0	0	0.036574386	0	0	0.03019272	0	0.03951817	0	0	0.03607698	0	0	0	0.03535362	0	0	0.03443014	0	0.04588537	0	0	0.015421153
3_binette_bin91	0	0	0.016786069	0	0.039282072	0	0	0.031898607	0	0	0.026999407	0	0.036490362	0	0	0.03204452	0	0	0	0.031792715	0	0	0.030673102	0	0.04105889	0	0	0.013959541
3_binette_bin92	1.0009341	0.06074814	0.030676102	0.049379203	0.075444974	0.06135309	0.05629181	0.015160423	0.8171623	0.050328486	0.018931095	0.047981977	0.13731235	0.054681357	0.068511516	0.016137376	0.8277602	0.06865758	0.05508046	0.012782371	1.0971363	0.070505925	0.015358485	0.056605063	0.08556246	0.06899314	0.049226236	0.010721686
3_binette_bin93	0	0	0.05495042	0	0.1384785	0	0	0.10454834	0	0	0.085052386	0	0.123009026	0	0	0.10241542	0	0	0	0.10047448	0	0	0.101040095	0	0.14023703	0	0	0.064020954
3_binette_bin94	0.6200613	0.15094191	0.069888644	0.12503324	0.05471232	0.16367051	0.14217523	0.037695628	0.79955363	0.13036138	0.05145801	0.10799629	0.096765056	0.1346361	0.17524421	0.04299787	0.7892632	0.16334793	0.1294697	0.035277907	0.95374274	0.19221462	0.035508472	0.14834243	0.07083474	0.14317237	0.12998901	0.0253738
3_binette_bin95	0	0	0.02971192	0	0.071968414	0	0	0.047667217	0	0	0.041292697	0	0.065542124	0	0	0.048720162	0	0	0	0.04833911	0	0	0.045908973	0	0.07257083	0	0	0.030731972
3_binette_bin96	0	0	1.833574	0.18316725	2.2860873	0	0	1.8889314	0	0	2.239185	0	2.0631566	0	0	1.6987182	0	0	0	1.9873989	0	0	1.7482567	0	1.9546896	0	0	1.1800221
3_binette_bin97	0	0	0.0124317445	0	0.041172292	0	0	0.022666316	0	0	0.018293707	0	0.03629485	0	0	0.02214074	0	0	0	0.022467017	0	0	0.023362676	0	0.040328544	0	0	0.02199995
3_binette_bin98	0	0	0.017714841	0	0.04228668	0	0	0.036441054	0	0	0.02918705	0	0.038713977	0	0	0.035549667	0	0	0	0.034508068	0	0	0.034563012	0	0.044504624	0	0	0.014997249
3_binette_bin99	0	0	0.015703414	0	0.04479531	0	0	0.02827975	0	0	0.023807643	0	0.040243268	0	0	0.028280664	0	0	0	0.028468281	0	0	0.02733329	0	0.0454926	0	0	0.021181388
4_binette_bin1	0.42172253	0.20586422	0.14896289	0.1800733	0.055762928	0.15047224	0.13422935	0.04801553	0.35513806	0.11322079	0.08281391	0.12861285	0.06691136	0.21091878	0.12169775	0.06709574	0.30039334	0.112943545	0.16435497	0.054958753	0.9727157	0.09498546	0.06074243	0.20622092	0.044024933	0.19481258	0.073724695	0.009658881
4_binette_bin10	0	0	0.023399826	0	0.043024566	0	0	0.044942405	0	0	0.037339896	0	0.038967736	0	0	0.043661553	0	0	0	0.0354221	0	0	0.043679688	0	0.044282477	0	0	0.019181315
4_binette_bin101	0	0	0.019516032	0	0.035511296	0	0	0.037128843	0	0	0.030615719	0	0.030978024	0	0	0.035718426	0	0	0	0.026996136	0	0	0.036846172	0	0.036442995	0	0	0.017633641
4_binette_bin102	0	0	0.5255995	0.10321636	1.355134	0	0	1.2519292	0	0	1.170571	0	1.5173485	0	0	1.2089254	0	0	0	0.9503503	0	0	1.3171927	0	1.1571087	0	0	0.7467315
4_binette_bin103	0	0	0.023111587	0	0.03858469	0	0	0.041755166	0	0	0.035178658	0	0.03559192	0	0	0.040800765	0	0	0	0.032535024	0	0	0.040435933	0	0.040774312	0	0	0.016810939
4_binette_bin104	0	0	0.021068312	0	0.036222663	0	0	0.049851507	0	0	0.033244353	0	0.033232324	0	0	0.039036587	0	0	0	0.032091454	0	0	0.038428638	0	0.03757073	0	0	0.016474338
4_binette_bin108	0	0	0.017092068	0	0.027299419	0	0	0.042135656	0	0	0.027841546	0	0.024866514	0	0	0.034199804	0	0	0	0.026842179	0	0	0.030531902	0	0.029149724	0	0	0.010828078
4_binette_bin109	0	0	0.01906249	0	0.030241674	0	0	0.040478878	0	0	0.029761547	0	0.028798923	0	0	0.036452938	0	0	0	0.030836781	0	0	0.0324507	0	0.031498134	0	0	0.0119752465
4_binette_bin11	0	0	0.021098979	0	0.035299174	0	0	0.0378507	0	0	0.031919226	0	0.03143914	0	0	0.036482766	0	0	0	0.027848683	0	0	0.03710533	0	0.036013424	0	0	0.016842829
4_binette_bin110	0	0	0.022547968	0	0.041823167	0	0	0.04380532	0	0	0.036765717	0	0.037523575	0	0	0.04187415	0	0	0	0.035753734	0	0	0.04094284	0	0.042231895	0	0	0.01786872
4_binette_bin111	0	0	0.089787446	0.017903686	0.19306323	0	0	0.16913344	0	0	0.13852663	0	0.17496993	0	0	0.16678524	0	0	0	0.15279491	0	0	0.16270149	0	0.19813633	0	0	0.090658195
4_binette_bin112	0	0	0.018846085	0	0.03491205	0	0	0.039180864	0	0	0.03210548	0	0.03165563	0	0	0.038612224	0	0	0	0.03117813	0	0	0.037363384	0	0.035728306	0	0	0.0132659245
4_binette_bin113	0.090658985	0.20394073	0.13866924	0.16530411	0.00745183	0.1791436	0.16391048	0.057307515	0.1223259	0.16544357	0.07984469	0.15634403	0.01919862	0.18690017	0.19967897	0.05737257	0.08863611	0.21293414	0.19117746	0.04966097	0.12495105	0.20213804	0.05836221	0.17712319	0.008512161	0.2187162	0.1536519	0.022244332
4_binette_bin116	0	0	1.2756524	0.23982176	3.3456426	0	0	2.3930163	0	0	2.0190501	0	3.0955946	0	0	2.2280836	0	0	0	2.1551576	0	0	2.077575	0	3.1772175	0	0	1.7505162
4_binette_bin117	0	0	0.023128886	0	0.037775766	0	0	0.039248105	0	0	0.032416392	0	0.03352206	0	0	0.03985809	0	0	0	0.029926108	0	0	0.03901533	0	0.03824141	0	0	0.01706489
4_binette_bin119	0	0	0.42245522	0.07066509	1.1105462	0	0	0.77232516	0	0	0.642768	0	0.9722081	0	0	0.7607499	0	0	0	0.7698971	0	0	0.77690345	0	1.1124647	0	0	0.60399175
4_binette_bin12	0	0	0.018256713	0	0.028705757	0	0	0.04189987	0	0	0.028964093	0	0.026964352	0	0	0.03464148	0	0	0	0.027868375	0	0	0.03178967	0	0.029787507	0	0	0.011631537
4_binette_bin120	0	0	0.07541548	0.01593632	0.16495812	0	0	0.14952956	0	0	0.120981425	0	0.14894493	0	0	0.14451766	0	0	0	0.13617057	0	0	0.14137377	0	0.16688636	0	0	0.07621172
4_binette_bin121	0	0	0.062814504	0	0.14257443	0	0	0.12086175	0	0	0.098983586	0	0.13092224	0	0	0.118730515	0	0	0	0.11223943	0	0	0.11901271	0	0.14611726	0	0	0.064388916
4_binette_bin122	0	0	0.021706918	0	0.037899103	0	0	0.04126583	0	0	0.033784855	0	0.034797024	0	0	0.0420007	0	0	0	0.03297169	0	0	0.04025576	0	0.039534494	0	0	0.015692212
4_binette_bin123	0	0	0.022701709	0	0.038351566	0	0	0.0381154	0	0	0.03217914	0	0.035363987	0	0	0.04055128	0	0	0	0.030950472	0	0	0.040023874	0	0.0395789	0	0	0.017586863
4_binette_bin124	0	0	0.027954169	0	0.055472296	0	0	0.05328692	0	0	0.04285713	0	0.051719658	0	0	0.051302217	0	0	0	0.044403117	0	0	0.050932396	0	0.05931431	0	0	0.026333464
4_binette_bin125	0	0	0.10393817	0.072123975	0.118432365	0.15599239	0.053180635	0.12146547	0	0	0.11275269	0.060042404	0.11285753	0	0.06277923	0.12753874	0	0.18266256	0	0.11693925	0	0	0.12659757	0.071721405	0.12343426	0.13621993	0	0.053377077
4_binette_bin126	0	0	0.017976437	0	0.031324282	0	0	0.03370179	0	0	0.027609603	0	0.028213225	0	0	0.033180222	0	0	0	0.022158962	0	0	0.034051534	0	0.031911626	0	0	0.020588063
4_binette_bin127	0	0	0.016276667	0	0.026974376	0	0	0.03485292	0	0	0.027833717	0	0.025639754	0	0	0.033371102	0	0	0	0.026537357	0	0	0.029809296	0	0.028009858	0	0	0.010052438
4_binette_bin128	0	0	0.08402388	0.022334583	0.14607856	0	0	0.1674374	0	0	0.13492274	0	0.14460765	0	0	0.172439	0	0	0	0.13825591	0	0	0.15351352	0	0.16625392	0	0	0.050679773
4_binette_bin129	0	0	0.01739812	0	0.031923503	0	0	0.03464246	0	0	0.028495379	0	0.02928924	0	0	0.034835126	0	0	0	0.023130624	0	0	0.033930756	0	0.032157324	0	0	0.020263603
4_binette_bin13	0	0	0.07999012	0	0.1706916	0	0	0.15599434	0	0	0.12675166	0	0.1539388	0	0	0.15246435	0	0	0	0.14159146	0	0	0.14863424	0	0.17605326	0	0	0.07525087
4_binette_bin130	0	3.9169283	2.4808223	4.202214	0.00689424	3.771967	4.523164	0.86164105	0.44935519	4.9193683	1.1869198	5.109265	0.08179948	4.6342697	3.6875968	1.105934	0	3.544043	4.6758523	0.88597775	0	3.4293008	1.1106128	4.5335326	0.007022434	3.5276337	4.782543	0.32553855
4_binette_bin131	0.05148067	0.23184793	0.13686694	0.18288456	0.011675095	0.22177355	0.17788017	0.07090186	0.09829575	0.19144894	0.09571896	0.14234647	0.0228312	0.20492704	0.19910908	0.07172011	0.055500045	0.22761612	0.17004341	0.06602883	0.07767219	0.24651268	0.056218386	0.20790158	0.0140483	0.19287692	0.17253023	0.038476706
4_binette_bin132	0	0	0.020491159	0	0.035266634	0	0	0.0377624	0	0	0.033326577	0	0.03187514	0	0	0.03855117	0	0	0	0.029578831	0	0	0.03704283	0	0.03700982	0	0	0.015423075
4_binette_bin133	0	0	0.05182438	0	0.093857646	0	0	0.08958132	0	0	0.06791921	0	0.08475537	0	0	0.086985335	0	0	0	0.07843591	0	0	0.08940842	0	0.09850948	0	0	0.04678865
4_binette_bin134	0	0	0.10770671	0.019021844	0.22574016	0	0	0.21671222	0	0	0.20304583	0	0.21744151	0	0	0.23162843	0	0	0	0.19050148	0	0	0.20220487	0	0.20261812	0	0	0.09684752
4_binette_bin135	0	0	0.028623605	0	0.036713287	0	0	0.04214515	0	0	0.031682592	0	0.03327098	0	0	0.0420304	0	0	0	0.026913412	0	0	0.03952342	0	0.036887333	0	0	0.027381985
4_binette_bin136	0	0	0.032482136	0	0.05163343	0	0	0.05508236	0	0	0.0454597	0	0.047758635	0	0	0.051070243	0	0	0	0.041616056	0	0	0.05101984	0	0.05529146	0	0	0.025325054
4_binette_bin137	0	0	0.025937976	0	0.031719673	0	0	0.04263524	0	0	0.038216803	0	0.02538358	0	0	0.039561756	0	0	0	0.03463759	0	0	0.03934357	0	0.032328468	0	0	0.015150701
4_binette_bin138	0	0	0.051788058	0	0.06217515	0	0	0.06133169	0	0	0.0570731	0	0.0567053	0	0	0.06548719	0	0	0	0.05215062	0	0	0.06397891	0	0.0614132	0	0	0.031038603
4_binette_bin139	0	0.68089247	0.41059223	0.5470792	0	0.7061601	0.7599484	0.17115189	0.119664244	0.64090127	0.23680949	0.6117642	0.020893874	0.67910767	0.8134659	0.21593787	0	0.7814641	0.79830265	0.15795198	0	0.7223472	0.2838636	0.69491696	0	0.5711104	0.66962117	0.2739807
4_binette_bin14	0.104707606	0.1878072	0.12109628	0.15339224	0.009226301	0.16949879	0.15975793	0.051469862	0.13329738	0.15084577	0.071926884	0.15183437	0.021018695	0.17109941	0.18315728	0.054878823	0.101687826	0.20886292	0.16613007	0.044941556	0.13499494	0.18560421	0.05342083	0.1722037	0.010597428	0.20764816	0.14600068	0.020450884
4_binette_bin140	0.18888563	0.36829802	0.19228303	0.3109312	0.018622003	0.3007724	0.26674512	0.09060849	0.242538	0.3207397	0.120256655	0.3214704	0.038413547	0.31798986	0.28757417	0.10382008	0.20659134	0.28181344	0.298412	0.07810404	0.24168527	0.3149451	0.088854805	0.33813852	0.02346041	0.3023986	0.29478437	0.032208495
4_binette_bin15	0	0	0.024064455	0	0.035284016	0	0	0.041900918	0	0	0.034374315	0	0.0336181	0	0	0.039644387	0	0	0	0.032024506	0	0	0.037933335	0	0.036349162	0	0	0.013967562
4_binette_bin16	0	0	0.01812144	0	0.033885613	0	0	0.037333924	0	0	0.030441744	0	0.030739984	0	0	0.03476937	0	0	0	0.026609799	0	0	0.035717655	0	0.034680005	0	0	0.0161529
4_binette_bin17	0	0	0.020676028	0	0.036676332	0	0	0.03739627	0	0	0.031576093	0	0.032686155	0	0	0.036947872	0	0	0	0.027338276	0	0	0.03755644	0	0.036513805	0	0	0.019175
4_binette_bin18	0	0	0.02163993	0	0.038275976	0	0	0.038933516	0	0	0.03348885	0	0.03400218	0	0	0.0393076	0	0	0	0.029894484	0	0	0.038872637	0	0.03929985	0	0	0.019284053
4_binette_bin19	0	0	0.026374519	0	0	0	0	0.010206254	0	0	0.00613049	0	0	0	0	0.014964769	0	0	0	0	0	0	0.06085844	0	0	0	0	0
4_binette_bin2	0	0	0.020416545	0	0.0356937	0	0	0.048135355	0	0	0.032434713	0	0.03237709	0	0	0.03838145	0	0	0	0.031870484	0	0	0.03746159	0	0.03678955	0	0	0.015587152
4_binette_bin20	0	0	0.01777465	0	0.030002758	0	0	0.034628127	0	0	0.02881065	0	0.028545758	0	0	0.034256738	0	0	0	0.026869696	0	0	0.03281398	0	0.031507026	0	0	0.012423697
4_binette_bin21	0	0.36606514	0.7437828	0.33521852	0.5124676	0.34093973	0.3460227	0.8507127	0.11321508	0.30832708	0.65629715	0.30719873	0.551866	0.36989957	0.35521308	0.60278374	0	0.44907054	0.3086392	0.5163366	0	0.37361836	0.54022694	0.2772435	0.6456216	0.6117073	0.2617649	0.37955022
4_binette_bin22	0	0	0.01792586	0	0.027375093	0	0	0.036447857	0	0	0.025920693	0	0.026271	0	0	0.03450176	0	0	0	0.02758905	0	0	0.032254916	0	0.028812546	0	0	0.010929967
4_binette_bin23	0	0	0.05651644	0	0.14079365	0	0	0.10537694	0	0	0.08746365	0	0.12730451	0	0	0.10626581	0	0	0	0.09666908	0	0	0.1034524	0	0.14121546	0	0	0.08635443
4_binette_bin24	0	0	0.1402431	0.031399366	0.2868635	0	0	0.24697356	0	0	0.21030505	0	0.26009312	0	0	0.2462684	0	0	0	0.23526543	0	0	0.2440797	0	0.29707992	0	0	0.119486526
4_binette_bin25	0	0	0.024604872	0	0.044152748	0	0	0.046803307	0	0	0.0384774	0	0.040020276	0	0	0.04565623	0	0	0	0.037173063	0	0	0.044723406	0	0.04582281	0	0	0.019014487
4_binette_bin29	0	0.44051215	0.3464562	0.36089012	0	0.4462614	0.48506662	0.14572963	0.07919822	0.41311872	0.202769	0.5569832	0.013828631	0.44839382	0.5214017	0.17930278	0	0.50933266	0.6818075	0.13446578	0	0.4545127	0.23593627	0.64066637	0	0.35033068	0.4112883	0.17861915
4_binette_bin32	0	0.263712	0.22814722	0.3340941	0	0.22674216	0.28293374	0.08307558	0.06395625	0.24305657	0.12876968	0.32284755	0.013987202	0.33086303	0.32214946	0.089069284	0	0.37054417	0.34618995	0.06731163	0	0.21761417	0.123867	0.2953356	0	0.29726025	0.28197002	0.021285228
4_binette_bin4	0.12027646	0.42650297	0.2812376	0.3384178	0.009927718	0.39341408	0.35306785	0.11461275	0.16918026	0.35675648	0.16298279	0.3415738	0.027802978	0.4005063	0.39613137	0.11129214	0.10190919	0.4618739	0.35918796	0.10397711	0.14250931	0.42274702	0.10565293	0.36790225	0.01054446	0.5063255	0.32858738	0.051316507
4_binette_bin44	0	0.49710488	0.23492141	0.35731688	0	0.48734635	0.5390063	0.12896974	0.088864736	0.8496552	0.23525889	0.33368522	0.019746393	0.41086861	0.9827107	0.1499621	0	0.47132796	0.5618058	0.122085616	0	0.7210575	0.12983952	0.4683303	0	0.45917028	0.8894562	0.95647955
4_binette_bin5	0	0	0.016438907	0	0.027027806	0	0	0.035156462	0	0	0.02723752	0	0.0250206	0	0	0.033065774	0	0	0	0.026276605	0	0	0.030655408	0	0.028233277	0	0	0.010067225
4_binette_bin6	0	0	0.017768474	0	0.029503861	0	0	0.03465597	0	0	0.028758852	0	0.026886366	0	0	0.033919193	0	0	0	0.02636793	0	0	0.032605544	0	0.030552186	0	0	0.0115832165
4_binette_bin7	0	0	0.02453391	0	0.045024037	0	0	0.04625691	0	0	0.038942963	0	0.040251654	0	0	0.045035113	0	0	0	0.036648996	0	0	0.04477471	0	0.046223752	0	0	0.02087901
4_binette_bin8	0	0	0.06786997	0	0.15051083	0	0	0.12145932	0	0	0.101195805	0	0.13499632	0	0	0.12037102	0	0	0	0.11195538	0	0	0.119991116	0	0.1536607	0	0	0.08022886
4_binette_bin82	0	0	0.140755	0.021206006	0.28790933	0	0	0.26260328	0	0	0.20753175	0	0.26588124	0	0	0.25342277	0	0	0	0.24169527	0	0	0.24335606	0	0.30475715	0	0	0.12169245
4_binette_bin9	0	0	0.02289695	0	0.03796821	0	0	0.04395934	0	0	0.03582727	0	0.034714416	0	0	0.042894673	0	0	0	0.03515299	0	0	0.04105909	0	0.03970389	0	0	0.01540367
5_binette_bin1	0.12380913	0.40990326	0.18306859	0.50713503	0.009340968	0.39375025	0.41710502	0.08144036	0.17969832	0.34563342	0.114865094	0.3301242	0.030031933	0.38500366	0.5407939	0.09062048	0.11674191	0.43128815	0.4232163	0.07627785	0.16264242	0.49396253	0.08019665	0.6177328	0.010517067	0.46710548	0.41444287	0.04643665
5_binette_bin28	0	0.6928346	0.37512955	0.58124614	0	0.7675288	0.7881153	0.15503845	0.113791764	0.69157135	0.21779884	0.6623952	0.02254325	0.7371219	0.8594304	0.19509126	0	0.8381449	0.83274263	0.15187424	0	0.8553397	0.2620468	0.82314897	0	0.6254945	0.72421485	0.25391212
5_binette_bin3	0.15596879	0.470841	0.23126175	0.37643254	0.011302252	0.4628024	0.39608523	0.105842985	0.24571995	0.3963729	0.15458769	0.34619787	0.036025364	0.43000355	0.47112074	0.10909997	0.16423559	0.4885121	0.38421616	0.10025411	0.22630717	0.58162516	0.09412592	0.48611057	0.013387588	0.47653633	0.38190633	0.06537253
5_binette_bin49	0	4.051944	2.2046218	4.757653	0.0062566902	3.9099581	5.0344863	0.79934955	0.4547488	4.9247856	1.0786176	5.9048405	0.09319557	4.7128468	4.443407	1.0216159	0	3.542103	5.1683373	0.8202066	0	3.7148213	0.984375	5.717244	0.006717372	3.564697	5.689917	0.29664302
6_binette_bin20	0	0.9000446	0.36559707	0.66489697	0	0.72177166	0.79326206	0.15525635	0.13129784	0.70197994	0.21001287	0.60631007	0.021876642	0.7864902	0.87933934	0.19411434	0	0.8692231	0.7997817	0.15011133	0	0.72693616	0.24687979	0.69838625	0	0.6612471	0.6984736	0.24440327
6_binette_bin35	0.08358945	0.6662804	0.29731715	0.49337327	0.04614593	0.47042194	0.48610502	0.15423736	0.16825563	0.46307954	0.18915172	0.46782538	0.072715156	0.5231261	0.5296233	0.17546032	0.06935943	0.5791833	0.51999927	0.1308123	0.1086445	0.56645715	0.16254106	0.49656326	0.06032021	0.6866092	0.46571139	0.078494094
6_binette_bin36	0	4.474515	2.1664689	3.9842312	0.0058188234	3.7549038	4.023083	0.72701365	0.47809234	4.7204146	1.0311875	4.797923	0.081628546	4.55444	3.6939971	0.921559	0	3.1993253	4.3535385	0.82271874	0	3.394897	0.97066677	4.341535	0.0061525786	3.5033417	4.649096	0.28810135
6_binette_bin37	0	5.544944	2.8155167	6.432128	0.0063434225	4.48849	6.154941	0.8980593	0.55267555	6.260837	1.2966386	6.571442	0.10528608	5.86767	5.386413	1.253382	0	3.9815202	6.680126	1.0451577	0	4.1871443	1.3033777	5.7188873	0.0072647813	4.7551403	6.830399	0.35573706
7_binette_bin12	0.05235528	0.45426422	0.14204448	0.2798733	0	0.37584773	0.26443228	0.063507736	0.08130337	0.41906616	0.08030554	0.24798782	0.013440434	0.56482196	0.2855009	0.059791878	0	0.51694435	0.27522993	0.05142196	0	0.3469915	0.08197785	0.3032933	0	0.45397833	0.25630492	0.019959262
7_binette_bin15	0	0.6266479	0.29119945	0.5251171	0	0.699198	0.66274375	0.11825972	0.097261645	0.60494107	0.17295858	0.5275817	0.01963116	0.71007466	0.69120556	0.15251863	0	0.7871305	0.6603045	0.11969264	0	0.70127326	0.20072956	0.5773346	0	0.56591284	0.60272235	0.18602785
7_binette_bin18	0	0.49949518	0.22420081	0.3428088	0	0.60351455	0.46845877	0.11443521	0.089632176	0.72477	0.16978252	0.36983657	0.017856205	0.51455027	0.76193386	0.12732914	0	0.58053017	0.44126803	0.11184919	0	0.77132547	0.10819177	0.44382685	0	0.57831657	0.6971921	0.74602115
7_binette_bin25	0	0.5086922	0.2736627	0.43617493	0	0.5554906	0.5549256	0.11341586	0.10362951	0.4768961	0.17135884	0.44838917	0.021373443	0.51909053	0.5671969	0.1369657	0	0.6317346	0.5250406	0.1090084	0	0.60236144	0.16903846	0.5175733	0	0.5892481	0.481568	0.1293433
7_binette_bin3	0.07720432	0.08312409	0.043068696	0.06617213	0.005368575	0.09392536	0.07736356	0.017578334	0.095237225	0.07544045	0.025663482	0.064538136	0.012950581	0.08735964	0.0902793	0.02093273	0.07728066	0.114290036	0.07433292	0.01710956	0.10783933	0.094489954	0.0197042	0.07712343	0.0068656825	0.12509452	0.06383509	0.010171362
7_binette_bin4	0.09056811	0.25787902	0.11076226	0.19093864	0.007932744	0.2609439	0.19423214	0.05157191	0.13992532	0.23058583	0.070831336	0.18813746	0.020676216	0.25638053	0.2276318	0.057935182	0.10213798	0.30415958	0.19754572	0.048019487	0.13379143	0.2732793	0.05043279	0.21664542	0.009671278	0.28258926	0.19325803	0.030533174
7_binette_bin5	0.17801853	0.21963745	0.09625105	0.1595688	0.012314162	0.21789414	0.17055838	0.042431667	0.16148579	0.1954226	0.057701953	0.16200033	0.027325092	0.21881263	0.19992149	0.04746835	0.13478228	0.25385314	0.1781932	0.03880768	0.18024474	0.22137944	0.046396345	0.18039282	0.0121976575	0.245619	0.15939172	0.024132153
7_binette_bin6	0.1499894	0.36364982	0.1777789	0.26199338	0.009351744	0.37286946	0.31923366	0.06969961	0.22087325	0.30859253	0.103388004	0.25662366	0.031461686	0.36778	0.36254868	0.081529744	0.14509436	0.4606002	0.29917598	0.06875124	0.21042615	0.4082426	0.0770599	0.30267325	0.012462734	0.53611284	0.25466305	0.03978771
7_binette_bin63	0.08909743	0.30184984	0.1422599	0.22900622	0.0064469795	0.29534543	0.2526612	0.05886453	0.12628081	0.24954	0.08325624	0.22422147	0.020135729	0.29158804	0.29208896	0.06888147	0.07727511	0.3416075	0.25434315	0.05660083	0.10054952	0.3195851	0.06929707	0.25839728	0.0071147336	0.32761037	0.22070266	0.03435669
7_binette_bin65	0.06838843	0.42604607	0.21232903	0.32584	0	0.38752782	0.36394805	0.07892999	0.13644297	0.3718187	0.117860325	0.3459719	0.021876704	0.43036535	0.38934416	0.08879842	0.06812439	0.49749523	0.3662028	0.075684324	0.0952025	0.4213606	0.09006453	0.3514941	0.006341795	0.64541423	0.31486112	0.0535175
7_binette_bin66	0.13181129	0.25438896	0.119404934	0.18504024	0.010130832	0.25479966	0.20801605	0.04442622	0.1412895	0.21779281	0.065428786	0.19712695	0.022183692	0.25478846	0.22747992	0.0492261	0.10034257	0.29716128	0.21712261	0.044797555	0.14510894	0.24086876	0.05375895	0.20361441	0.010262712	0.33458528	0.18162711	0.023656037
7_binette_bin67	0	0	0	0	0	0.7210126	0	0	0	0	0	0	0.003247455	0	0	0	0	0	0	0	0	0	0	0	0	0	0	0
7_binette_bin68	0	3.8531222	2.0797107	3.7903814	0.0069064563	3.6164486	4.0378604	0.71447754	0.42131668	4.798433	1.0086906	4.456771	0.07551268	4.573712	3.2920768	0.90723264	0	3.6923456	4.1448226	0.7836674	0	3.1967614	0.9674076	3.830805	0.008050718	3.3806973	4.2160144	0.2779005
7_binette_bin69	0.18039906	0.20617257	0.0955113	0.16007335	0.0143853305	0.23981874	0.17859413	0.04730733	0.20699589	0.17469977	0.06576027	0.15546007	0.029799195	0.19146132	0.2141421	0.05319899	0.17420262	0.255845	0.17313072	0.043991014	0.23744409	0.2507777	0.043870907	0.19199008	0.014212223	0.25113758	0.16319859	0.038004216
7_binette_bin7	0.112778254	0.21059392	0.09506167	0.156206	0.0083193835	0.22658291	0.17142887	0.043851618	0.14580268	0.19203603	0.060906053	0.14969641	0.021075001	0.20518717	0.20087914	0.049238287	0.107754655	0.24681303	0.16307934	0.040758945	0.14864217	0.2393705	0.042698663	0.17870219	0.009564632	0.24227816	0.15916698	0.028371058
7_binette_bin70	0.11629465	0.19805177	0.08651662	0.14310572	0.00924161	0.19807239	0.16058673	0.03745059	0.1341328	0.16650245	0.05346949	0.14440872	0.020866018	0.18693848	0.18225889	0.0448622	0.10186462	0.21463665	0.16020858	0.035762154	0.13848908	0.2056271	0.038507596	0.15832715	0.009713819	0.23997472	0.14049819	0.027184132
7_binette_bin71	0.3510259	0.36899522	0.19237971	0.31246364	0.019784939	0.38435107	0.34816217	0.07811914	0.38326907	0.29787153	0.11680993	0.29408076	0.054005474	0.3419652	0.37959158	0.091153875	0.26367006	0.4517801	0.33788425	0.07574067	0.43158898	0.42425752	0.082982436	0.3362797	0.02962994	0.54542	0.28229722	0.025469204
7_binette_bin72	0.18161295	0.20252398	0.09281336	0.15338129	0.013091584	0.19858554	0.16774042	0.04011869	0.15999581	0.17460293	0.05805875	0.15254918	0.026896	0.1940455	0.19749758	0.045039855	0.13275108	0.23448643	0.1638373	0.03551765	0.18767229	0.20401533	0.04352768	0.17035659	0.012355057	0.25594375	0.15950534	0.025643747
7_binette_bin73	0.08773936	0.8778794	0.43434528	0.76298136	0.010751903	0.8912276	0.9059969	0.16914555	0.1874436	1.099243	0.22210334	1.0019909	0.031605903	0.99479085	0.6710491	0.20594215	0.09080523	1.0844609	0.8395266	0.17879945	0.10430748	0.8080257	0.22037022	0.83172417	0.011355797	0.81007403	0.83225733	0.091569275
7_binette_bin74	0.063520245	0.07551102	0.04141218	0.057715043	0.0042437366	0.08206678	0.064065665	0.01595035	0.07429295	0.065461054	0.02310829	0.054419644	0.009806344	0.08058994	0.081593476	0.018902313	0.059656195	0.09910873	0.06547802	0.014608658	0.09710114	0.08307181	0.015786381	0.064483516	0.0055978023	0.13049765	0.050370295	0.008862852
7_binette_bin77	0.17374863	0.15829928	0.08104304	0.12183141	0.01259663	0.16128404	0.14372182	0.03459799	0.15469852	0.13513009	0.05019459	0.117948495	0.025841035	0.15373026	0.17413573	0.038448174	0.12467164	0.19786151	0.1427721	0.03264273	0.18241459	0.1771643	0.03694809	0.13871653	0.012761746	0.22157383	0.12661678	0.02517203
7_binette_bin78	0.0760704	0.512578	0.2504697	0.3752373	0.005662398	0.4585068	0.3855935	0.09665981	0.15233427	0.42331094	0.13247456	0.42080083	0.022244843	0.5023131	0.42427552	0.106087744	0.07169113	0.6163297	0.42077535	0.08690896	0.101069264	0.48096156	0.10895966	0.41900578	0.0065057296	0.71254796	0.3597068	0.05844042
7_binette_bin79	0.08157064	0.09261424	0.046347603	0.07672373	0.005889019	0.10862687	0.08337356	0.020338485	0.1001571	0.086817645	0.029233713	0.07245301	0.013902084	0.098115064	0.10895643	0.02360121	0.07908871	0.11806352	0.078904636	0.02064372	0.11141634	0.10938612	0.020558076	0.09020746	0.0068310187	0.13355188	0.07512616	0.014541618
7_binette_bin8	0.20088099	0.1826607	0.083362415	0.13895015	0.01396973	0.19081952	0.1508321	0.03763621	0.18070346	0.16464883	0.049823027	0.14013474	0.028825298	0.18627527	0.18058805	0.041838575	0.15123278	0.21965899	0.15576558	0.034031436	0.20314707	0.19590224	0.041157912	0.15678667	0.012842093	0.21347463	0.13841258	0.028425235
7_binette_bin80	0.14266221	0.2450935	0.10702961	0.17236166	0.017439809	0.24356602	0.16585916	0.046624906	0.18038301	0.22910501	0.067851104	0.17400974	0.032986786	0.25495815	0.19253764	0.055471923	0.1415937	0.2217013	0.17638877	0.044181943	0.1898276	0.24644609	0.048507802	0.212351	0.019889982	0.27817774	0.16562964	0.027965315
7_binette_bin81	0.05860914	0.1480171	0.06875039	0.12072532	0.005342299	0.15802749	0.13210554	0.030894497	0.10760099	0.13422933	0.045780156	0.11155511	0.013246847	0.15935296	0.14666407	0.034853578	0.086822785	0.19486977	0.11894839	0.028956573	0.10367461	0.16533539	0.029589035	0.13682166	0.006574822	0.16551748	0.123537846	0.01804062
7_binette_bin82	0	0.7564516	0.81074816	0.5974463	0	0.8185807	0.8172756	0.32542872	0.14235996	0.71967965	0.40804413	0.63235587	0.023055451	0.7981643	0.8719772	0.19863075	0	0.90299433	0.8427102	0.2770288	0	0.81232804	0.26591837	0.72450024	0	0.6710549	0.7216282	0.3095088
7_binette_bin83	0.08228801	0.33095977	0.16273198	0.30442473	0.00585514	0.34182686	0.32196298	0.057568964	0.11626084	0.4046102	0.0829171	0.3545461	0.018316163	0.3771632	0.2949119	0.07815374	0.07018553	0.39093426	0.33341515	0.06308052	0.0951457	0.32042685	0.06878854	0.2981067	0.0073962226	0.378067	0.3356781	0.031094942
7_binette_bin9	0.22417726	0.15827402	0.07553922	0.12288973	0.01660281	0.16573769	0.13480872	0.032923814	0.16214603	0.14535533	0.043787062	0.1267624	0.029098202	0.1617148	0.15744069	0.036767155	0.14352445	0.1979501	0.13838954	0.029503342	0.20888165	0.17030287	0.036532663	0.13681644	0.016426766	0.22313471	0.12131569	0.022533758
8_binette_bin10	0	0.53033537	0.33398578	0.4914078	0	0.57487327	0.6707517	0.1375379	0.088974744	0.52474546	0.19812271	0.57694036	0.017846024	0.5544041	0.717786	0.17333476	0	0.6294426	0.74744546	0.13533543	0	0.60158354	0.22623649	0.6537468	0	0.44565594	0.5829855	0.21472295
8_binette_bin26	0.17422943	0.32866156	0.15131027	0.33824992	0.014863528	0.27519935	0.32388562	0.0715308	0.20482515	0.26874658	0.09047779	0.33942747	0.03555605	0.3058895	0.34716514	0.0816009	0.16218734	0.24129009	0.36851218	0.06620778	0.21446513	0.2959754	0.0650566	0.37003478	0.018584974	0.26651454	0.33814892	0.031221358
8_binette_bin3	0.10780842	0.2467702	0.11977855	0.22731237	0.008166738	0.2245159	0.2478526	0.052184653	0.14946847	0.199104	0.07359914	0.23586085	0.022765514	0.22424375	0.2900259	0.05930345	0.11049979	0.2642204	0.26038405	0.048642762	0.14735352	0.24870872	0.055533163	0.24740653	0.00936281	0.26022762	0.2348486	0.025280507
8_binette_bin31	0.13910696	0.24204409	0.11263195	0.21757632	0.023101311	0.19853123	0.23034142	0.05625989	0.19675738	0.1969297	0.07296612	0.23511462	0.035142284	0.22085132	0.27089012	0.0645025	0.15056035	0.18897854	0.2565177	0.051168144	0.21066006	0.22856143	0.057759482	0.26673788	0.026007278	0.23125137	0.24918927	0.030994318
8_binette_bin4	0.054818835	0.11198158	0.054854028	0.09419403	0.0048390897	0.10240117	0.124711215	0.023881689	0.084502205	0.08896955	0.034173816	0.109612614	0.011700266	0.10100636	0.14100341	0.02725969	0.05711406	0.12770803	0.11860256	0.023266897	0.087325595	0.12193101	0.025410144	0.10701246	0.006284917	0.12842532	0.10722779	0.012478173
8_binette_bin40	0	0.62214	0.33062124	0.55012065	0	0.68601435	0.7781458	0.13979132	0.10386971	0.60247475	0.20078571	0.6214944	0.020106977	0.64955795	0.8129441	0.17813024	0	0.7404455	0.8069268	0.14088751	0	0.7029628	0.23860703	0.6783913	0	0.53849983	0.6788888	0.24553177
8_binette_bin5	0	0	0	0.035679508	0	0	0	0	0	0	0	0.038372487	0	0	0.27151433	0	0	0	0.10659207	0	0	0.03255991	0	0.10898633	0	0	0	0
8_binette_bin61	0.034583315	0.048434023	0.02147993	0.036849003	0.002658879	0.051106296	0.059588604	0.010662083	0.05943528	0.039339762	0.015371143	0.047986325	0.0066439672	0.039321255	0.07478148	0.013412946	0.048654832	0.05088941	0.054174274	0.010254674	0.066456735	0.061142754	0.00971216	0.043249812	0.003898857	0.05104263	0.054833874	0.0069364067
8_binette_bin63	0.037852757	0.13021801	0.06702612	0.10558089	0.0034759617	0.13386218	0.12856856	0.03228363	0.077967875	0.10324953	0.043810796	0.101870835	0.010200024	0.105889894	0.15367149	0.031810816	0.056001894	0.12806311	0.11473144	0.029533356	0.0785634	0.14942402	0.025200082	0.12401148	0.004360506	0.13129744	0.11863913	0.019686956
8_binette_bin66	0.06421357	0.07122442	0.035303384	0.056823332	0.0048369044	0.07164219	0.08596512	0.016445138	0.08443692	0.058320362	0.02217497	0.0727002	0.011397316	0.06442163	0.10700253	0.018584	0.068940766	0.08418431	0.08088924	0.014717624	0.09726099	0.083141394	0.016362444	0.06815695	0.0056090574	0.08163772	0.07701073	0.01022636
8_binette_bin71	0.2422702	1.5367272	0.882448	1.23175	0.025871783	1.824091	1.5361254	0.2934704	0.44642702	1.3901743	0.41671082	1.3647722	0.08991608	1.7723734	1.6077173	0.35063192	0.17299403	1.9639015	1.307304	0.2999533	0.34956655	2.003748	0.3145903	1.1527858	0.03257176	3.2986462	1.2067873	0.18258695
8_binette_bin72	0.04504224	0.07200668	0.03846068	0.05676975	0.003698176	0.06749993	0.09069268	0.013457144	0.052516636	0.05579014	0.021292865	0.076105386	0.008008941	0.07020045	0.09479866	0.01682352	0.034495678	0.08203669	0.08800461	0.014085571	0.058335762	0.07429539	0.015231299	0.06561814	0.00392769	0.108717695	0.06419228	0.007948232
8_binette_bin73	0.08483841	0.40555224	0.18887548	0.35158998	0.006520484	0.41627458	0.37060496	0.09431196	0.17332333	0.35020524	0.1343197	0.33896142	0.025879992	0.35772446	0.44590023	0.10758053	0.10975093	0.41576567	0.35681874	0.08553557	0.1402293	0.46686098	0.08438861	0.40784925	0.008252309	0.37563038	0.38334456	0.059027735
8_binette_bin74	0.037874762	0.5120251	0.27996224	0.4423931	0	0.413614	0.50816625	0.094438	0.12368797	0.41041717	0.1436061	0.4734321	0.020941915	0.46859238	0.53835523	0.107379355	0.033149943	0.6066259	0.52537745	0.09368556	0.049994346	0.46696386	0.1122484	0.47106192	0.0032035613	0.7850001	0.42351463	0.052289616
8_binette_bin75	0.3282091	0.22374304	0.11318563	0.20827891	0.021244187	0.20234461	0.24282803	0.04758581	0.22108252	0.1852527	0.067860946	0.2285688	0.046178333	0.20559499	0.27082777	0.055371627	0.20916563	0.24683549	0.26040187	0.04372275	0.2734197	0.21596302	0.05960012	0.21880104	0.021680908	0.2422705	0.21464996	0.032215256
8_binette_bin76	0.059202902	0.11951148	0.06365652	0.09936212	0.0045771073	0.12580247	0.12571484	0.030594056	0.08781056	0.09458994	0.04260988	0.103283845	0.013553769	0.11127413	0.16384049	0.031958498	0.063228756	0.13669512	0.121997654	0.027720014	0.090665065	0.14962076	0.027345339	0.110525966	0.0055280114	0.14671132	0.11589646	0.016457895
8_binette_bin77	0	3.532182	2.066789	4.033255	0.0087703355	3.25289	4.2515945	0.69110954	0.41444805	4.4209967	0.9817665	4.8142643	0.08204378	4.055194	3.819413	0.91063297	0	3.0916517	4.6839557	0.7679346	0	3.019853	0.90836746	4.2988706	0.009468598	3.252598	4.773998	0.28813848
8_binette_bin78	0.421356	0.23315036	0.11665751	0.20083581	0.030578047	0.24413218	0.24450083	0.053717062	0.3315129	0.20625047	0.07574558	0.21885832	0.05541287	0.22156392	0.31095532	0.062126223	0.3081472	0.28689227	0.24340151	0.05134568	0.39406487	0.2712626	0.06111977	0.23829684	0.026008965	0.26264226	0.2220973	0.05960935
8_binette_bin79	0.15712091	0.15238266	0.074936554	0.13858692	0.011774699	0.14948359	0.16115016	0.034522302	0.14004356	0.12287938	0.04609303	0.1409556	0.022888627	0.14967112	0.1937069	0.038722042	0.12042003	0.15838099	0.16103555	0.031438973	0.16794463	0.16426247	0.03347717	0.15960175	0.01181292	0.15243427	0.15761444	0.021267164
8_binette_bin8	0	0.33432454	0.16019219	0.49781024	0	0.2282983	0.43189704	0.06226499	0.07426586	0.27543592	0.099508435	0.4327185	0.017824925	0.33715373	0.46828362	0.078557275	0	0.3836479	0.53240836	0.057917893	0	0.2680438	0.08509171	0.45213172	0	0.31428286	0.42655745	0.02158571
8_binette_bin80	0.056451336	0.076786324	0.041273855	0.05878451	0.004946913	0.06903575	0.09115388	0.014141972	0.055161625	0.05938985	0.02130023	0.07436953	0.008424099	0.07306946	0.092485145	0.01735623	0.03428313	0.08971089	0.08772663	0.015005556	0.06288167	0.08061293	0.016820556	0.06949188	0.005115182	0.13935056	0.06969867	0.009018628
8_binette_bin81	0.12150498	0.31568447	0.14718044	0.31307402	0.008939613	0.29215452	0.32202485	0.06888501	0.14439178	0.2580763	0.0934279	0.34590378	0.024131829	0.28418997	0.37437987	0.07508565	0.09735144	0.33038744	0.3389688	0.06031455	0.12605153	0.3046829	0.069229335	0.34379297	0.008722922	0.30706012	0.34817618	0.031833682
8_binette_bin82	0.06433634	0.223418	0.09803243	0.19045085	0.004718643	0.21801399	0.1811875	0.046449944	0.11994744	0.16712868	0.070522614	0.16996889	0.016642958	0.18127395	0.24251698	0.05081455	0.08398228	0.19878386	0.19599064	0.045194414	0.10720043	0.24137002	0.038326878	0.20705801	0.0061616767	0.18993782	0.19749463	0.028452951
8_binette_bin83	0.33219934	0.18525727	0.09001444	0.15036117	0.023707254	0.1694215	0.18771234	0.037909307	0.2173064	0.14592914	0.052729942	0.18014778	0.03984638	0.17013718	0.21609777	0.04204788	0.19097546	0.20196427	0.19870734	0.0354488	0.28474692	0.19143964	0.04411912	0.17039138	0.024581052	0.21829724	0.16627315	0.02622687
8_binette_bin84	0.10575078	0.3047472	0.14964245	0.26719204	0.0076212613	0.2800429	0.31250152	0.065644674	0.13759845	0.24400005	0.09115846	0.2785506	0.023526756	0.27874282	0.36069208	0.073992	0.08703204	0.31798348	0.32049865	0.059934728	0.11841199	0.32182902	0.07402595	0.28458178	0.007683177	0.3111936	0.27223393	0.03565345
8_binette_bin85	0.2487762	0.36762458	0.17447314	0.3516515	0.016644835	0.3201464	0.3742157	0.07570019	0.2137871	0.31486052	0.103274	0.39150715	0.040605217	0.34491295	0.42604715	0.08200997	0.17199396	0.38611448	0.42226607	0.06635238	0.2301205	0.3318277	0.08722311	0.38418403	0.01626542	0.35235643	0.37334523	0.037259806
8_binette_bin86	0.38112405	0.31048402	0.15145639	0.2910882	0.028186262	0.27781233	0.31772164	0.06447664	0.26407635	0.24998318	0.088710725	0.32221422	0.049042955	0.2843968	0.3735529	0.07364209	0.22592331	0.34044692	0.34018815	0.059217162	0.33253387	0.30258495	0.073992245	0.31082377	0.026896518	0.3454165	0.29701462	0.037068773
8_binette_bin87	0.0973557	0.07171442	0.039775636	0.055995226	0.0060397373	0.074462496	0.086980864	0.016982784	0.103300214	0.05940209	0.022302115	0.06777176	0.014497602	0.06540342	0.10362242	0.019277945	0.08149412	0.08654067	0.08139085	0.014945938	0.12948623	0.08868741	0.017115911	0.06793901	0.007199531	0.093004465	0.0725046	0.014994795
8_binette_bin88	0.051689148	0.25755626	0.12670551	0.21483049	0.0037724527	0.21894306	0.2552565	0.051483136	0.09959166	0.19478631	0.072941914	0.23856618	0.015698636	0.22263382	0.29321602	0.058498506	0.051631153	0.28850025	0.24765769	0.04985832	0.074788496	0.24757545	0.05747112	0.24064848	0.0050017014	0.34976688	0.22204462	0.02950696
8_binette_bin89	0.04177886	0.49717584	0.2751875	0.45349902	0	0.40501463	0.5011071	0.09579069	0.1211998	0.40590444	0.13867974	0.51314557	0.019549979	0.47770223	0.5359359	0.10520468	0.046997946	0.57524127	0.5484436	0.09228518	0.0702989	0.43860376	0.11815419	0.48391336	0.004142271	0.66623133	0.4441815	0.04968758
8_binette_bin90	0.11374295	0.07898966	0.03637758	0.057268225	0.007177602	0.074340805	0.08719459	0.016851036	0.09604855	0.06085383	0.021475084	0.075156346	0.015647806	0.06922249	0.10540718	0.019511094	0.082868494	0.082989745	0.07926931	0.015726909	0.113966286	0.09100074	0.019368855	0.07042456	0.0075128553	0.08797964	0.076787464	0.012190506
unmapped	32.418545	39.364487	48.596214	41.024868	58.10423	41.502594	37.899227	55.73705	37.855686	37.32209	53.62196	36.713196	55.4322	37.051647	38.177563	55.95031	38.693584	40.708042	35.501183	56.728424	38.27606	42.551666	55.678505	37.71478	58.346092	38.647514	36.949944	51.767532
