user_genome	classification	closest_genome_reference	closest_genome_reference_radius	closest_genome_taxonomy	closest_genome_ani	closest_genome_af	closest_placement_reference	closest_placement_radius	closest_placement_taxonomy	closest_placement_ani	closest_placement_af	pplacer_taxonomy	classification_method	note	other_related_references(genome_id,species_name,radius,ANI,AF)	msa_percent	translation_table	red_value	warnings
1_binette_bin2.fasta	Unclassified Archaea	N/A	N/A	N/A	N/A	N/A	N/A	N/A	N/A	N/A	N/A	N/A	N/A	N/A	N/A	N/A	N/A	N/A	Insufficient number of amino acids in MSA (0.8%)
1_binette_bin53.fasta	Unclassified Archaea	N/A	N/A	N/A	N/A	N/A	N/A	N/A	N/A	N/A	N/A	N/A	N/A	N/A	N/A	N/A	N/A	N/A	Insufficient number of amino acids in MSA (5.9%)
2_binette_bin102.fasta	Unclassified Archaea	N/A	N/A	N/A	N/A	N/A	N/A	N/A	N/A	N/A	N/A	N/A	N/A	N/A	N/A	N/A	N/A	N/A	Insufficient number of amino acids in MSA (1.2%)
2_binette_bin193.fasta	Unclassified Archaea	N/A	N/A	N/A	N/A	N/A	N/A	N/A	N/A	N/A	N/A	N/A	N/A	N/A	N/A	N/A	N/A	N/A	Insufficient number of amino acids in MSA (1.5%)
2_binette_bin35.fasta	Unclassified Archaea	N/A	N/A	N/A	N/A	N/A	N/A	N/A	N/A	N/A	N/A	N/A	N/A	N/A	N/A	N/A	N/A	N/A	Insufficient number of amino acids in MSA (0.3%)
2_binette_bin46.fasta	Unclassified Archaea	N/A	N/A	N/A	N/A	N/A	N/A	N/A	N/A	N/A	N/A	N/A	N/A	N/A	N/A	N/A	N/A	N/A	Insufficient number of amino acids in MSA (1.7%)
2_binette_bin49.fasta	Unclassified Archaea	N/A	N/A	N/A	N/A	N/A	N/A	N/A	N/A	N/A	N/A	N/A	N/A	N/A	N/A	N/A	N/A	N/A	Insufficient number of amino acids in MSA (0.9%)
2_binette_bin50.fasta	Unclassified Archaea	N/A	N/A	N/A	N/A	N/A	N/A	N/A	N/A	N/A	N/A	N/A	N/A	N/A	N/A	N/A	N/A	N/A	Insufficient number of amino acids in MSA (0.5%)
2_binette_bin57.fasta	Unclassified Archaea	N/A	N/A	N/A	N/A	N/A	N/A	N/A	N/A	N/A	N/A	N/A	N/A	N/A	N/A	N/A	N/A	N/A	Insufficient number of amino acids in MSA (0.6%)
2_binette_bin58.fasta	Unclassified Archaea	N/A	N/A	N/A	N/A	N/A	N/A	N/A	N/A	N/A	N/A	N/A	N/A	N/A	N/A	N/A	N/A	N/A	Insufficient number of amino acids in MSA (0.9%)
2_binette_bin59.fasta	Unclassified Archaea	N/A	N/A	N/A	N/A	N/A	N/A	N/A	N/A	N/A	N/A	N/A	N/A	N/A	N/A	N/A	N/A	N/A	Insufficient number of amino acids in MSA (0.6%)
2_binette_bin78.fasta	Unclassified Archaea	N/A	N/A	N/A	N/A	N/A	N/A	N/A	N/A	N/A	N/A	N/A	N/A	N/A	N/A	N/A	N/A	N/A	Insufficient number of amino acids in MSA (2.6%)
2_binette_bin81.fasta	Unclassified Archaea	N/A	N/A	N/A	N/A	N/A	N/A	N/A	N/A	N/A	N/A	N/A	N/A	N/A	N/A	N/A	N/A	N/A	Insufficient number of amino acids in MSA (1.3%)
2_binette_bin92.fasta	Unclassified Archaea	N/A	N/A	N/A	N/A	N/A	N/A	N/A	N/A	N/A	N/A	N/A	N/A	N/A	N/A	N/A	N/A	N/A	Insufficient number of amino acids in MSA (1.5%)
2_binette_bin93.fasta	Unclassified Archaea	N/A	N/A	N/A	N/A	N/A	N/A	N/A	N/A	N/A	N/A	N/A	N/A	N/A	N/A	N/A	N/A	N/A	Insufficient number of amino acids in MSA (2.3%)
3_binette_bin140.fasta	Unclassified Archaea	N/A	N/A	N/A	N/A	N/A	N/A	N/A	N/A	N/A	N/A	N/A	N/A	N/A	N/A	N/A	N/A	N/A	Insufficient number of amino acids in MSA (4.5%)
3_binette_bin149.fasta	Unclassified Archaea	N/A	N/A	N/A	N/A	N/A	N/A	N/A	N/A	N/A	N/A	N/A	N/A	N/A	N/A	N/A	N/A	N/A	Insufficient number of amino acids in MSA (1.3%)
3_binette_bin17.fasta	Unclassified Archaea	N/A	N/A	N/A	N/A	N/A	N/A	N/A	N/A	N/A	N/A	N/A	N/A	N/A	N/A	N/A	N/A	N/A	Insufficient number of amino acids in MSA (1.2%)
3_binette_bin229.fasta	Unclassified Archaea	N/A	N/A	N/A	N/A	N/A	N/A	N/A	N/A	N/A	N/A	N/A	N/A	N/A	N/A	N/A	N/A	N/A	Insufficient number of amino acids in MSA (0.9%)
3_binette_bin238.fasta	Unclassified Archaea	N/A	N/A	N/A	N/A	N/A	N/A	N/A	N/A	N/A	N/A	N/A	N/A	N/A	N/A	N/A	N/A	N/A	Insufficient number of amino acids in MSA (5.1%)
3_binette_bin28.fasta	Unclassified Archaea	N/A	N/A	N/A	N/A	N/A	N/A	N/A	N/A	N/A	N/A	N/A	N/A	N/A	N/A	N/A	N/A	N/A	Insufficient number of amino acids in MSA (1.3%)
3_binette_bin29.fasta	Unclassified Archaea	N/A	N/A	N/A	N/A	N/A	N/A	N/A	N/A	N/A	N/A	N/A	N/A	N/A	N/A	N/A	N/A	N/A	Insufficient number of amino acids in MSA (0.9%)
3_binette_bin37.fasta	Unclassified Archaea	N/A	N/A	N/A	N/A	N/A	N/A	N/A	N/A	N/A	N/A	N/A	N/A	N/A	N/A	N/A	N/A	N/A	Insufficient number of amino acids in MSA (0.3%)
3_binette_bin38.fasta	Unclassified Archaea	N/A	N/A	N/A	N/A	N/A	N/A	N/A	N/A	N/A	N/A	N/A	N/A	N/A	N/A	N/A	N/A	N/A	Insufficient number of amino acids in MSA (0.5%)
3_binette_bin55.fasta	Unclassified Archaea	N/A	N/A	N/A	N/A	N/A	N/A	N/A	N/A	N/A	N/A	N/A	N/A	N/A	N/A	N/A	N/A	N/A	Insufficient number of amino acids in MSA (2.1%)
3_binette_bin66.fasta	Unclassified Archaea	N/A	N/A	N/A	N/A	N/A	N/A	N/A	N/A	N/A	N/A	N/A	N/A	N/A	N/A	N/A	N/A	N/A	Insufficient number of amino acids in MSA (1.2%)
4_binette_bin16.fasta	Unclassified Archaea	N/A	N/A	N/A	N/A	N/A	N/A	N/A	N/A	N/A	N/A	N/A	N/A	N/A	N/A	N/A	N/A	N/A	Insufficient number of amino acids in MSA (1.0%)
4_binette_bin2.fasta	Unclassified Archaea	N/A	N/A	N/A	N/A	N/A	N/A	N/A	N/A	N/A	N/A	N/A	N/A	N/A	N/A	N/A	N/A	N/A	Insufficient number of amino acids in MSA (0.9%)
4_binette_bin9.fasta	Unclassified Archaea	N/A	N/A	N/A	N/A	N/A	N/A	N/A	N/A	N/A	N/A	N/A	N/A	N/A	N/A	N/A	N/A	N/A	Insufficient number of amino acids in MSA (0.6%)
1_binette_bin23.fasta	Unclassified	N/A	N/A	N/A	N/A	N/A	N/A	N/A	N/A	N/A	N/A	N/A	N/A	N/A	N/A	N/A	N/A	N/A	No bacterial or archaeal marker
1_binette_bin47.fasta	Unclassified	N/A	N/A	N/A	N/A	N/A	N/A	N/A	N/A	N/A	N/A	N/A	N/A	N/A	N/A	N/A	N/A	N/A	No bacterial or archaeal marker
1_binette_bin48.fasta	Unclassified	N/A	N/A	N/A	N/A	N/A	N/A	N/A	N/A	N/A	N/A	N/A	N/A	N/A	N/A	N/A	N/A	N/A	No bacterial or archaeal marker
1_binette_bin5.fasta	Unclassified	N/A	N/A	N/A	N/A	N/A	N/A	N/A	N/A	N/A	N/A	N/A	N/A	N/A	N/A	N/A	N/A	N/A	No bacterial or archaeal marker
1_binette_bin56.fasta	Unclassified	N/A	N/A	N/A	N/A	N/A	N/A	N/A	N/A	N/A	N/A	N/A	N/A	N/A	N/A	N/A	N/A	N/A	No bacterial or archaeal marker
1_binette_bin7.fasta	Unclassified	N/A	N/A	N/A	N/A	N/A	N/A	N/A	N/A	N/A	N/A	N/A	N/A	N/A	N/A	N/A	N/A	N/A	No bacterial or archaeal marker
2_binette_bin1.fasta	d__Bacteria;p__Margulisbacteria;c__Termititenacia;o__Termititenacales;f__Termititenacaceae;g__;s__	N/A	N/A	N/A	N/A	N/A	N/A	N/A	N/A	N/A	N/A	d__Bacteria;p__Margulisbacteria;c__Termititenacia;o__Termititenacales;f__Termititenacaceae;g__;s__	taxonomic novelty determined using RED	classification based on placement in class-level tree	N/A	87.17	11	0.87336	N/A
2_binette_bin100.fasta	Unclassified Bacteria	N/A	N/A	N/A	N/A	N/A	N/A	N/A	N/A	N/A	N/A	N/A	N/A	N/A	N/A	N/A	N/A	N/A	Insufficient number of amino acids in MSA (0.8%)
2_binette_bin101.fasta	Unclassified	N/A	N/A	N/A	N/A	N/A	N/A	N/A	N/A	N/A	N/A	N/A	N/A	N/A	N/A	N/A	N/A	N/A	No bacterial or archaeal marker
2_binette_bin103.fasta	Unclassified	N/A	N/A	N/A	N/A	N/A	N/A	N/A	N/A	N/A	N/A	N/A	N/A	N/A	N/A	N/A	N/A	N/A	No bacterial or archaeal marker
2_binette_bin104.fasta	Unclassified Bacteria	N/A	N/A	N/A	N/A	N/A	N/A	N/A	N/A	N/A	N/A	N/A	N/A	N/A	N/A	N/A	N/A	N/A	Insufficient number of amino acids in MSA (0.4%)
2_binette_bin105.fasta	Unclassified Bacteria	N/A	N/A	N/A	N/A	N/A	N/A	N/A	N/A	N/A	N/A	N/A	N/A	N/A	N/A	N/A	N/A	N/A	Insufficient number of amino acids in MSA (1.5%)
2_binette_bin106.fasta	Unclassified	N/A	N/A	N/A	N/A	N/A	N/A	N/A	N/A	N/A	N/A	N/A	N/A	N/A	N/A	N/A	N/A	N/A	No bacterial or archaeal marker
2_binette_bin107.fasta	Unclassified	N/A	N/A	N/A	N/A	N/A	N/A	N/A	N/A	N/A	N/A	N/A	N/A	N/A	N/A	N/A	N/A	N/A	No bacterial or archaeal marker
2_binette_bin108.fasta	Unclassified	N/A	N/A	N/A	N/A	N/A	N/A	N/A	N/A	N/A	N/A	N/A	N/A	N/A	N/A	N/A	N/A	N/A	No bacterial or archaeal marker
2_binette_bin109.fasta	Unclassified Bacteria	N/A	N/A	N/A	N/A	N/A	N/A	N/A	N/A	N/A	N/A	N/A	N/A	N/A	N/A	N/A	N/A	N/A	Insufficient number of amino acids in MSA (0.3%)
2_binette_bin11.fasta	d__Bacteria;p__Spirochaetota;c__Spirochaetia;o__Treponematales;f__Breznakiellaceae;g__JAIRMT01;s__JAIRMT01 sp031258505	GCA_031258505.1	95.0	d__Bacteria;p__Spirochaetota;c__Spirochaetia;o__Treponematales;f__Breznakiellaceae;g__JAIRMT01;s__JAIRMT01 sp031258505	97.62	0.714	GCA_031258505.1	95.0	d__Bacteria;p__Spirochaetota;c__Spirochaetia;o__Treponematales;f__Breznakiellaceae;g__JAIRMT01;s__JAIRMT01 sp031258505	97.62	0.714	d__Bacteria;p__Spirochaetota;c__Spirochaetia;o__Treponematales;f__Breznakiellaceae;g__JAIRMT01;s__	taxonomic classification defined by topology and ANI	topological placement and ANI have congruent species assignments	GCA_031281685.1, s__JAIRMT01 sp031281685, 95.0, 89.4, 0.423; GCA_031266875.1, s__JAIRMT01 sp031266875, 95.0, 87.58, 0.329; GCA_031279205.1, s__JAIRMT01 sp031279205, 95.0, 86.83, 0.3; GCA_031267685.1, s__JAIRMT01 sp031267685, 95.0, 86.66, 0.29	61.56	11	N/A	N/A
2_binette_bin110.fasta	Unclassified Bacteria	N/A	N/A	N/A	N/A	N/A	N/A	N/A	N/A	N/A	N/A	N/A	N/A	N/A	N/A	N/A	N/A	N/A	Insufficient number of amino acids in MSA (3.3%)
2_binette_bin12.fasta	d__Bacteria;p__Bacteroidota;c__Bacteroidia;o__Bacteroidales;f__Bacteroidaceae;g__Bacteroides;s__	N/A	N/A	N/A	N/A	N/A	GCA_031258135.1	95.0	d__Bacteria;p__Bacteroidota;c__Bacteroidia;o__Bacteroidales;f__Bacteroidaceae;g__Bacteroides;s__Bacteroides sp031258135	96.51	0.65	d__Bacteria;p__Bacteroidota;c__Bacteroidia;o__Bacteroidales;f__Bacteroidaceae;g__Bacteroides;s__	taxonomic classification defined by topology and ANI	classification based on placement in class-level tree	GCA_031259755.1, s__Bacteroides sp031259755, 95.0, 85.0, 0.21	59.02	11	0.99497	N/A
2_binette_bin13.fasta	d__Bacteria;p__Elusimicrobiota;c__Endomicrobiia;o__Endomicrobiales;f__Endomicrobiaceae;g__Endomicrobiellum;s__	N/A	N/A	N/A	N/A	N/A	GCA_031282525.1	95.0	d__Bacteria;p__Elusimicrobiota;c__Endomicrobiia;o__Endomicrobiales;f__Endomicrobiaceae;g__Endomicrobiellum;s__Endomicrobiellum basalitermitum	94.21	0.647	d__Bacteria;p__Elusimicrobiota;c__Endomicrobiia;o__Endomicrobiales;f__Endomicrobiaceae;g__Endomicrobiellum;s__	taxonomic classification defined by topology and ANI	classification based on placement in class-level tree	GCA_036245315.1, s__Endomicrobiellum sp036245315, 95.0, 90.46, 0.277	63.98	11	0.986	N/A
2_binette_bin14.fasta	d__Bacteria;p__Spirochaetota;c__Spirochaetia;o__Treponematales;f__Breznakiellaceae;g__JAIRMY01;s__	N/A	N/A	N/A	N/A	N/A	GCA_031258615.1	95.0	d__Bacteria;p__Spirochaetota;c__Spirochaetia;o__Treponematales;f__Breznakiellaceae;g__JAIRMY01;s__JAIRMY01 sp031258615	92.23	0.375	d__Bacteria;p__Spirochaetota;c__Spirochaetia;o__Treponematales;f__Breznakiellaceae;g__JAIRMY01;s__	taxonomic classification defined by topology and ANI	classification based on placement in class-level tree	N/A	60.82	11	0.9884	N/A
2_binette_bin15.fasta	d__Bacteria;p__Bacteroidota;c__Bacteroidia;o__Bacteroidales;f__Azobacteroidaceae;g__WRFZ01;s__	N/A	N/A	N/A	N/A	N/A	GCA_031257875.1	95.0	d__Bacteria;p__Bacteroidota;c__Bacteroidia;o__Bacteroidales;f__Azobacteroidaceae;g__WRFZ01;s__WRFZ01 sp031257875	95.1	0.462	d__Bacteria;p__Bacteroidota;c__Bacteroidia;o__Bacteroidales;f__Azobacteroidaceae;g__WRFZ01;s__	taxonomic classification defined by topology and ANI	classification based on placement in class-level tree	N/A	63.48	11	0.99177	N/A
2_binette_bin156.fasta	Unclassified	N/A	N/A	N/A	N/A	N/A	N/A	N/A	N/A	N/A	N/A	N/A	N/A	N/A	N/A	N/A	N/A	N/A	No bacterial or archaeal marker
2_binette_bin157.fasta	Unclassified	N/A	N/A	N/A	N/A	N/A	N/A	N/A	N/A	N/A	N/A	N/A	N/A	N/A	N/A	N/A	N/A	N/A	No bacterial or archaeal marker
2_binette_bin16.fasta	d__Bacteria;p__Bacteroidota;c__Bacteroidia;o__Bacteroidales;f__Marinifilaceae;g__JAIRKS01;s__	N/A	N/A	N/A	N/A	N/A	GCA_031257615.1	95.0	d__Bacteria;p__Bacteroidota;c__Bacteroidia;o__Bacteroidales;f__Marinifilaceae;g__JAIRKS01;s__JAIRKS01 sp031257615	94.98	0.533	d__Bacteria;p__Bacteroidota;c__Bacteroidia;o__Bacteroidales;f__Marinifilaceae;g__JAIRKS01;s__	taxonomic classification defined by topology and ANI	classification based on placement in class-level tree	N/A	52.38	11	0.99533	N/A
2_binette_bin17.fasta	d__Bacteria;p__Synergistota;c__Synergistia;o__Synergistales;f__Synergistaceae;g__JAIRKI01;s__	N/A	N/A	N/A	N/A	N/A	N/A	N/A	N/A	N/A	N/A	d__Bacteria;p__Synergistota;c__Synergistia;o__Synergistales;f__Synergistaceae;g__JAIRKI01;s__	taxonomic classification fully defined by topology	classification based on placement in class-level tree	N/A	48.47	11	0.98581	N/A
2_binette_bin175.fasta	Unclassified	N/A	N/A	N/A	N/A	N/A	N/A	N/A	N/A	N/A	N/A	N/A	N/A	N/A	N/A	N/A	N/A	N/A	No bacterial or archaeal marker
2_binette_bin18.fasta	d__Bacteria;p__Bacteroidota;c__Bacteroidia;o__Bacteroidales;f__UBA932;g__JAIRLC01;s__	N/A	N/A	N/A	N/A	N/A	N/A	N/A	N/A	N/A	N/A	d__Bacteria;p__Bacteroidota;c__Bacteroidia;o__Bacteroidales;f__UBA932;g__JAIRLC01;s__	taxonomic classification fully defined by topology	classification based on placement in class-level tree	N/A	48.11	11	0.98901	N/A
2_binette_bin181.fasta	Unclassified	N/A	N/A	N/A	N/A	N/A	N/A	N/A	N/A	N/A	N/A	N/A	N/A	N/A	N/A	N/A	N/A	N/A	No bacterial or archaeal marker
2_binette_bin182.fasta	Unclassified Bacteria	N/A	N/A	N/A	N/A	N/A	N/A	N/A	N/A	N/A	N/A	N/A	N/A	N/A	N/A	N/A	N/A	N/A	Insufficient number of amino acids in MSA (0.8%)
2_binette_bin183.fasta	Unclassified Bacteria	N/A	N/A	N/A	N/A	N/A	N/A	N/A	N/A	N/A	N/A	N/A	N/A	N/A	N/A	N/A	N/A	N/A	Insufficient number of amino acids in MSA (1.1%)
2_binette_bin184.fasta	Unclassified	N/A	N/A	N/A	N/A	N/A	N/A	N/A	N/A	N/A	N/A	N/A	N/A	N/A	N/A	N/A	N/A	N/A	No bacterial or archaeal marker
2_binette_bin185.fasta	Unclassified Bacteria	N/A	N/A	N/A	N/A	N/A	N/A	N/A	N/A	N/A	N/A	N/A	N/A	N/A	N/A	N/A	N/A	N/A	Insufficient number of amino acids in MSA (1.7%)
2_binette_bin186.fasta	Unclassified	N/A	N/A	N/A	N/A	N/A	N/A	N/A	N/A	N/A	N/A	N/A	N/A	N/A	N/A	N/A	N/A	N/A	No bacterial or archaeal marker
2_binette_bin187.fasta	Unclassified	N/A	N/A	N/A	N/A	N/A	N/A	N/A	N/A	N/A	N/A	N/A	N/A	N/A	N/A	N/A	N/A	N/A	No bacterial or archaeal marker
2_binette_bin188.fasta	Unclassified Bacteria	N/A	N/A	N/A	N/A	N/A	N/A	N/A	N/A	N/A	N/A	N/A	N/A	N/A	N/A	N/A	N/A	N/A	Insufficient number of amino acids in MSA (0.6%)
2_binette_bin189.fasta	Unclassified	N/A	N/A	N/A	N/A	N/A	N/A	N/A	N/A	N/A	N/A	N/A	N/A	N/A	N/A	N/A	N/A	N/A	No bacterial or archaeal marker
2_binette_bin19.fasta	d__Bacteria;p__Verrucomicrobiota;c__Verrucomicrobiia;o__Opitutales;f__JAIRLM01;g__JAIRMB01;s__	N/A	N/A	N/A	N/A	N/A	N/A	N/A	N/A	N/A	N/A	d__Bacteria;p__Verrucomicrobiota;c__Verrucomicrobiia;o__Opitutales;f__JAIRLM01;g__JAIRMB01;s__	taxonomic classification fully defined by topology	classification based on placement in class-level tree	N/A	47.64	11	0.9444	N/A
2_binette_bin190.fasta	Unclassified	N/A	N/A	N/A	N/A	N/A	N/A	N/A	N/A	N/A	N/A	N/A	N/A	N/A	N/A	N/A	N/A	N/A	No bacterial or archaeal marker
2_binette_bin191.fasta	Unclassified Bacteria	N/A	N/A	N/A	N/A	N/A	N/A	N/A	N/A	N/A	N/A	N/A	N/A	N/A	N/A	N/A	N/A	N/A	Insufficient number of amino acids in MSA (0.7%)
2_binette_bin192.fasta	Unclassified Bacteria	N/A	N/A	N/A	N/A	N/A	N/A	N/A	N/A	N/A	N/A	N/A	N/A	N/A	N/A	N/A	N/A	N/A	Insufficient number of amino acids in MSA (2.0%)
2_binette_bin195.fasta	Unclassified	N/A	N/A	N/A	N/A	N/A	N/A	N/A	N/A	N/A	N/A	N/A	N/A	N/A	N/A	N/A	N/A	N/A	No bacterial or archaeal marker
2_binette_bin196.fasta	Unclassified	N/A	N/A	N/A	N/A	N/A	N/A	N/A	N/A	N/A	N/A	N/A	N/A	N/A	N/A	N/A	N/A	N/A	No bacterial or archaeal marker
2_binette_bin198.fasta	Unclassified	N/A	N/A	N/A	N/A	N/A	N/A	N/A	N/A	N/A	N/A	N/A	N/A	N/A	N/A	N/A	N/A	N/A	No bacterial or archaeal marker
2_binette_bin199.fasta	Unclassified	N/A	N/A	N/A	N/A	N/A	N/A	N/A	N/A	N/A	N/A	N/A	N/A	N/A	N/A	N/A	N/A	N/A	No bacterial or archaeal marker
2_binette_bin2.fasta	d__Bacteria;p__Spirochaetota;c__Spirochaetia;o__Treponematales;f__Breznakiellaceae;g__JAIRRR01;s__	N/A	N/A	N/A	N/A	N/A	N/A	N/A	N/A	N/A	N/A	d__Bacteria;p__Spirochaetota;c__Spirochaetia;o__Treponematales;f__Breznakiellaceae;g__JAIRRR01;s__	taxonomic novelty determined using RED	classification based on placement in class-level tree	N/A	84.93	11	0.95383	N/A
2_binette_bin20.fasta	d__Bacteria;p__Spirochaetota;c__Spirochaetia;o__Treponematales;f__Breznakiellaceae;g__JAIRLK01;s__	N/A	N/A	N/A	N/A	N/A	N/A	N/A	N/A	N/A	N/A	d__Bacteria;p__Spirochaetota;c__Spirochaetia;o__Treponematales;f__Breznakiellaceae;g__JAIRLK01;s__	taxonomic novelty determined using RED	classification based on placement in class-level tree	N/A	47.18	11	0.93807	N/A
2_binette_bin200.fasta	Unclassified Bacteria	N/A	N/A	N/A	N/A	N/A	N/A	N/A	N/A	N/A	N/A	N/A	N/A	N/A	N/A	N/A	N/A	N/A	Insufficient number of amino acids in MSA (0.8%)
2_binette_bin201.fasta	Unclassified	N/A	N/A	N/A	N/A	N/A	N/A	N/A	N/A	N/A	N/A	N/A	N/A	N/A	N/A	N/A	N/A	N/A	No bacterial or archaeal marker
2_binette_bin202.fasta	Unclassified	N/A	N/A	N/A	N/A	N/A	N/A	N/A	N/A	N/A	N/A	N/A	N/A	N/A	N/A	N/A	N/A	N/A	No bacterial or archaeal marker
2_binette_bin203.fasta	Unclassified	N/A	N/A	N/A	N/A	N/A	N/A	N/A	N/A	N/A	N/A	N/A	N/A	N/A	N/A	N/A	N/A	N/A	No bacterial or archaeal marker
2_binette_bin204.fasta	Unclassified	N/A	N/A	N/A	N/A	N/A	N/A	N/A	N/A	N/A	N/A	N/A	N/A	N/A	N/A	N/A	N/A	N/A	No bacterial or archaeal marker
2_binette_bin205.fasta	Unclassified	N/A	N/A	N/A	N/A	N/A	N/A	N/A	N/A	N/A	N/A	N/A	N/A	N/A	N/A	N/A	N/A	N/A	No bacterial or archaeal marker
2_binette_bin206.fasta	Unclassified	N/A	N/A	N/A	N/A	N/A	N/A	N/A	N/A	N/A	N/A	N/A	N/A	N/A	N/A	N/A	N/A	N/A	No bacterial or archaeal marker
2_binette_bin207.fasta	Unclassified	N/A	N/A	N/A	N/A	N/A	N/A	N/A	N/A	N/A	N/A	N/A	N/A	N/A	N/A	N/A	N/A	N/A	No bacterial or archaeal marker
2_binette_bin208.fasta	Unclassified	N/A	N/A	N/A	N/A	N/A	N/A	N/A	N/A	N/A	N/A	N/A	N/A	N/A	N/A	N/A	N/A	N/A	No bacterial or archaeal marker
2_binette_bin209.fasta	Unclassified	N/A	N/A	N/A	N/A	N/A	N/A	N/A	N/A	N/A	N/A	N/A	N/A	N/A	N/A	N/A	N/A	N/A	No bacterial or archaeal marker
2_binette_bin21.fasta	d__Bacteria;p__Spirochaetota;c__Spirochaetia;o__Treponematales;f__Breznakiellaceae;g__JAIROH01;s__	N/A	N/A	N/A	N/A	N/A	GCA_031257595.1	95.0	d__Bacteria;p__Spirochaetota;c__Spirochaetia;o__Treponematales;f__Breznakiellaceae;g__JAIROH01;s__JAIROH01 sp031257595	90.96	0.164	d__Bacteria;p__Spirochaetota;c__Spirochaetia;o__Treponematales;f__Breznakiellaceae;g__JAIROH01;s__	taxonomic classification defined by topology and ANI	classification based on placement in class-level tree	N/A	61.8	11	0.96866	N/A
2_binette_bin210.fasta	Unclassified	N/A	N/A	N/A	N/A	N/A	N/A	N/A	N/A	N/A	N/A	N/A	N/A	N/A	N/A	N/A	N/A	N/A	No bacterial or archaeal marker
2_binette_bin211.fasta	Unclassified	N/A	N/A	N/A	N/A	N/A	N/A	N/A	N/A	N/A	N/A	N/A	N/A	N/A	N/A	N/A	N/A	N/A	No bacterial or archaeal marker
2_binette_bin212.fasta	Unclassified	N/A	N/A	N/A	N/A	N/A	N/A	N/A	N/A	N/A	N/A	N/A	N/A	N/A	N/A	N/A	N/A	N/A	No bacterial or archaeal marker
2_binette_bin214.fasta	Unclassified	N/A	N/A	N/A	N/A	N/A	N/A	N/A	N/A	N/A	N/A	N/A	N/A	N/A	N/A	N/A	N/A	N/A	No bacterial or archaeal marker
2_binette_bin215.fasta	Unclassified	N/A	N/A	N/A	N/A	N/A	N/A	N/A	N/A	N/A	N/A	N/A	N/A	N/A	N/A	N/A	N/A	N/A	No bacterial or archaeal marker
2_binette_bin216.fasta	Unclassified	N/A	N/A	N/A	N/A	N/A	N/A	N/A	N/A	N/A	N/A	N/A	N/A	N/A	N/A	N/A	N/A	N/A	No bacterial or archaeal marker
2_binette_bin217.fasta	Unclassified	N/A	N/A	N/A	N/A	N/A	N/A	N/A	N/A	N/A	N/A	N/A	N/A	N/A	N/A	N/A	N/A	N/A	No bacterial or archaeal marker
2_binette_bin218.fasta	Unclassified	N/A	N/A	N/A	N/A	N/A	N/A	N/A	N/A	N/A	N/A	N/A	N/A	N/A	N/A	N/A	N/A	N/A	No bacterial or archaeal marker
2_binette_bin219.fasta	Unclassified	N/A	N/A	N/A	N/A	N/A	N/A	N/A	N/A	N/A	N/A	N/A	N/A	N/A	N/A	N/A	N/A	N/A	No bacterial or archaeal marker
2_binette_bin22.fasta	d__Bacteria;p__Bacteroidota;c__Bacteroidia;o__Bacteroidales;f__UBA932;g__JAIRKX01;s__	N/A	N/A	N/A	N/A	N/A	GCA_031257455.1	95.0	d__Bacteria;p__Bacteroidota;c__Bacteroidia;o__Bacteroidales;f__UBA932;g__JAIRKX01;s__JAIRKX01 sp031257455	98.14	0.491	d__Bacteria;p__Bacteroidota;c__Bacteroidia;o__Bacteroidales;f__UBA932;g__JAIRKX01;s__	taxonomic classification defined by topology and ANI	classification based on placement in class-level tree	N/A	53.04	11	0.99629	N/A
2_binette_bin220.fasta	Unclassified	N/A	N/A	N/A	N/A	N/A	N/A	N/A	N/A	N/A	N/A	N/A	N/A	N/A	N/A	N/A	N/A	N/A	No bacterial or archaeal marker
2_binette_bin225.fasta	Unclassified	N/A	N/A	N/A	N/A	N/A	N/A	N/A	N/A	N/A	N/A	N/A	N/A	N/A	N/A	N/A	N/A	N/A	No bacterial or archaeal marker
2_binette_bin23.fasta	d__Bacteria;p__Elusimicrobiota;c__Endomicrobiia;o__Endomicrobiales;f__Endomicrobiaceae;g__Endomicrobiellum;s__	N/A	N/A	N/A	N/A	N/A	GCA_031282625.1	95.0	d__Bacteria;p__Elusimicrobiota;c__Endomicrobiia;o__Endomicrobiales;f__Endomicrobiaceae;g__Endomicrobiellum;s__Endomicrobiellum meruensis	96.08	0.532	d__Bacteria;p__Elusimicrobiota;c__Endomicrobiia;o__Endomicrobiales;f__Endomicrobiaceae;g__Endomicrobiellum;s__	taxonomic classification defined by topology and ANI	classification based on placement in class-level tree	GCA_031255495.1, s__Endomicrobiellum devescovinae, 95.0, 96.12, 0.569; GCA_031283985.1, s__Endomicrobiellum sp031283985, 95.0, 93.98, 0.386; GCA_031264425.1, s__Endomicrobiellum sp031264425, 95.0, 93.89, 0.36	57.61	11	0.97461	Genome has more than 12.5% of markers with multiple hits
2_binette_bin24.fasta	d__Bacteria;p__Spirochaetota;c__Spirochaetia;o__Treponematales;f__Breznakiellaceae;g__JAIRMT01;s__	N/A	N/A	N/A	N/A	N/A	GCA_031258505.1	95.0	d__Bacteria;p__Spirochaetota;c__Spirochaetia;o__Treponematales;f__Breznakiellaceae;g__JAIRMT01;s__JAIRMT01 sp031258505	93.31	0.369	d__Bacteria;p__Spirochaetota;c__Spirochaetia;o__Treponematales;f__Breznakiellaceae;g__JAIRMT01;s__	taxonomic classification defined by topology and ANI	classification based on placement in class-level tree	GCA_031266875.1, s__JAIRMT01 sp031266875, 95.0, 89.43, 0.217; GCA_031281685.1, s__JAIRMT01 sp031281685, 95.0, 89.4, 0.26; GCA_031279205.1, s__JAIRMT01 sp031279205, 95.0, 89.35, 0.184; GCA_031267685.1, s__JAIRMT01 sp031267685, 95.0, 88.76, 0.188	46.15	11	0.99213	N/A
2_binette_bin25.fasta	d__Bacteria;p__Spirochaetota;c__Spirochaetia;o__Treponematales;f__Breznakiellaceae;g__JAIRMY01;s__	N/A	N/A	N/A	N/A	N/A	GCA_031258335.1	95.0	d__Bacteria;p__Spirochaetota;c__Spirochaetia;o__Treponematales;f__Breznakiellaceae;g__JAIRMY01;s__JAIRMY01 sp031258335	93.76	0.415	d__Bacteria;p__Spirochaetota;c__Spirochaetia;o__Treponematales;f__Breznakiellaceae;g__JAIRMY01;s__	taxonomic classification defined by topology and ANI	classification based on placement in class-level tree	N/A	55.04	11	0.98495	N/A
2_binette_bin26.fasta	d__Bacteria;p__Spirochaetota;c__Spirochaetia;o__Treponematales;f__Breznakiellaceae;g__JAIRLU01;s__JAIRLU01 sp031258005	GCA_031258005.1	95.0	d__Bacteria;p__Spirochaetota;c__Spirochaetia;o__Treponematales;f__Breznakiellaceae;g__JAIRLU01;s__JAIRLU01 sp031258005	98.33	0.662	GCA_031258005.1	95.0	d__Bacteria;p__Spirochaetota;c__Spirochaetia;o__Treponematales;f__Breznakiellaceae;g__JAIRLU01;s__JAIRLU01 sp031258005	98.33	0.662	d__Bacteria;p__Spirochaetota;c__Spirochaetia;o__Treponematales;f__Breznakiellaceae;g__JAIRLU01;s__	taxonomic classification defined by topology and ANI	topological placement and ANI have congruent species assignments	GCA_031259215.1, s__JAIRLU01 sp031259215, 95.0, 91.45, 0.334; GCA_031284195.1, s__JAIRLU01 sp031284195, 95.0, 89.33, 0.218; GCA_031275325.1, s__JAIRLU01 sp031275325, 95.0, 88.87, 0.174; GCA_031288495.1, s__JAIRLU01 sp031288495, 95.0, 88.07, 0.162	39.69	11	N/A	N/A
2_binette_bin27.fasta	d__Bacteria;p__Spirochaetota;c__Spirochaetia;o__Treponematales;f__Breznakiellaceae;g__JAIRMY01;s__	N/A	N/A	N/A	N/A	N/A	GCA_031258615.1	95.0	d__Bacteria;p__Spirochaetota;c__Spirochaetia;o__Treponematales;f__Breznakiellaceae;g__JAIRMY01;s__JAIRMY01 sp031258615	96.7	0.527	d__Bacteria;p__Spirochaetota;c__Spirochaetia;o__Treponematales;f__Breznakiellaceae;g__JAIRMY01;s__	taxonomic classification defined by topology and ANI	classification based on placement in class-level tree	N/A	48.19	11	0.9933	N/A
2_binette_bin28.fasta	d__Bacteria;p__Spirochaetota;c__Spirochaetia;o__Treponematales;f__Breznakiellaceae;g__JAIRNN01;s__	N/A	N/A	N/A	N/A	N/A	GCA_031257995.1	95.0	d__Bacteria;p__Spirochaetota;c__Spirochaetia;o__Treponematales;f__Breznakiellaceae;g__JAIRNN01;s__JAIRNN01 sp031257995	96.7	0.515	d__Bacteria;p__Spirochaetota;c__Spirochaetia;o__Treponematales;f__Breznakiellaceae;g__JAIRNN01;s__	taxonomic classification defined by topology and ANI	classification based on placement in class-level tree	N/A	53.69	11	0.99099	N/A
2_binette_bin29.fasta	d__Bacteria;p__Spirochaetota;c__Spirochaetia;o__Treponematales;f__Breznakiellaceae;g__Termitinema;s__	N/A	N/A	N/A	N/A	N/A	N/A	N/A	N/A	N/A	N/A	d__Bacteria;p__Spirochaetota;c__Spirochaetia;o__Treponematales;f__Breznakiellaceae;g__Termitinema;s__	taxonomic classification fully defined by topology	classification based on placement in class-level tree	N/A	40.51	11	0.9461	N/A
2_binette_bin3.fasta	d__Bacteria;p__Pseudomonadota;c__Gammaproteobacteria;o__Burkholderiales;f__Rhodocyclaceae;g__Propionivibrio;s__	N/A	N/A	N/A	N/A	N/A	N/A	N/A	N/A	N/A	N/A	d__Bacteria;p__Pseudomonadota;c__Gammaproteobacteria;o__Burkholderiales;f__Rhodocyclaceae;g__Propionivibrio;s__	taxonomic classification fully defined by topology	classification based on placement in class-level tree	N/A	62.39	4	0.97371	N/A
2_binette_bin30.fasta	d__Bacteria;p__Verrucomicrobiota;c__Verrucomicrobiia;o__Opitutales;f__LL51;g__;s__	N/A	N/A	N/A	N/A	N/A	N/A	N/A	N/A	N/A	N/A	d__Bacteria;p__Verrucomicrobiota;c__Verrucomicrobiia;o__Opitutales;f__LL51;g__;s__	taxonomic novelty determined using RED	classification based on placement in class-level tree	N/A	34.29	11	0.78091	N/A
2_binette_bin31.fasta	d__Bacteria;p__Bacteroidota;c__Bacteroidia;o__Bacteroidales;f__Tannerellaceae;g__Tannerella;s__	N/A	N/A	N/A	N/A	N/A	N/A	N/A	N/A	N/A	N/A	d__Bacteria;p__Bacteroidota;c__Bacteroidia;o__Bacteroidales;f__Tannerellaceae;g__Tannerella;s__	taxonomic classification fully defined by topology	classification based on placement in class-level tree	N/A	30.88	11	0.98863	N/A
2_binette_bin33.fasta	d__Bacteria;p__Spirochaetota;c__Spirochaetia;o__Treponematales;f__Breznakiellaceae;g__JAIRNN01;s__	N/A	N/A	N/A	N/A	N/A	N/A	N/A	N/A	N/A	N/A	d__Bacteria;p__Spirochaetota;c__Spirochaetia;o__Treponematales;f__Breznakiellaceae;g__JAIRNN01;s__	taxonomic classification fully defined by topology	classification based on placement in class-level tree	N/A	47.18	11	0.9814	N/A
2_binette_bin34.fasta	d__Bacteria;p__Bacteroidota;c__Bacteroidia;o__Bacteroidales;f__UBA932;g__JAITMY01;s__	N/A	N/A	N/A	N/A	N/A	GCA_031257655.1	95.0	d__Bacteria;p__Bacteroidota;c__Bacteroidia;o__Bacteroidales;f__UBA932;g__JAITMY01;s__JAITMY01 sp031257655	97.89	0.402	d__Bacteria;p__Bacteroidota;c__Bacteroidia;o__Bacteroidales;f__UBA932;g__JAITMY01;s__	taxonomic classification defined by topology and ANI	classification based on placement in class-level tree	N/A	40.23	11	0.99789	N/A
2_binette_bin36.fasta	d__Bacteria;p__Synergistota;c__Synergistia;o__Synergistales;f__Synergistaceae;g__JAIRWR01;s__	N/A	N/A	N/A	N/A	N/A	N/A	N/A	N/A	N/A	N/A	d__Bacteria;p__Synergistota;c__Synergistia;o__Synergistales;f__Synergistaceae;g__JAIRWR01;s__	taxonomic classification fully defined by topology	classification based on placement in class-level tree	N/A	33.58	11	0.97021	N/A
2_binette_bin37.fasta	Unclassified Bacteria	N/A	N/A	N/A	N/A	N/A	N/A	N/A	N/A	N/A	N/A	N/A	N/A	N/A	N/A	N/A	N/A	N/A	Insufficient number of amino acids in MSA (1.7%)
2_binette_bin38.fasta	Unclassified	N/A	N/A	N/A	N/A	N/A	N/A	N/A	N/A	N/A	N/A	N/A	N/A	N/A	N/A	N/A	N/A	N/A	No bacterial or archaeal marker
2_binette_bin39.fasta	Unclassified	N/A	N/A	N/A	N/A	N/A	N/A	N/A	N/A	N/A	N/A	N/A	N/A	N/A	N/A	N/A	N/A	N/A	No bacterial or archaeal marker
2_binette_bin4.fasta	d__Bacteria;p__Bacteroidota;c__Bacteroidia;o__Bacteroidales;f__UBA932;g__JAITMY01;s__	N/A	N/A	N/A	N/A	N/A	GCA_031257655.1	95.0	d__Bacteria;p__Bacteroidota;c__Bacteroidia;o__Bacteroidales;f__UBA932;g__JAITMY01;s__JAITMY01 sp031257655	93.81	0.416	d__Bacteria;p__Bacteroidota;c__Bacteroidia;o__Bacteroidales;f__UBA932;g__JAITMY01;s__	taxonomic classification defined by topology and ANI	classification based on placement in class-level tree	N/A	89.73	11	0.98742	N/A
2_binette_bin40.fasta	d__Bacteria;p__Pseudomonadota;c__Alphaproteobacteria;o__UBA3830;f__JAIRMZ01;g__JAITIJ01;s__	N/A	N/A	N/A	N/A	N/A	N/A	N/A	N/A	N/A	N/A	d__Bacteria;p__Pseudomonadota;c__Alphaproteobacteria;o__UBA3830;f__JAIRMZ01;g__JAITIJ01;s__	taxonomic classification fully defined by topology	classification based on placement in class-level tree	N/A	39.83	11	0.96788	N/A
2_binette_bin41.fasta	d__Bacteria;p__Bacillota;c__Clostridia;o__Oscillospirales;f__Acutalibacteraceae;g__JAITRE01;s__	N/A	N/A	N/A	N/A	N/A	N/A	N/A	N/A	N/A	N/A	d__Bacteria;p__Bacillota;c__Clostridia;o__Oscillospirales;f__Acutalibacteraceae;g__JAITRE01;s__	taxonomic classification fully defined by topology	classification based on placement in class-level tree	N/A	25.58	11	0.94493	N/A
2_binette_bin42.fasta	d__Bacteria;p__Spirochaetota;c__Spirochaetia;o__Treponematales;f__Breznakiellaceae;g__;s__	N/A	N/A	N/A	N/A	N/A	N/A	N/A	N/A	N/A	N/A	d__Bacteria;p__Spirochaetota;c__Spirochaetia;o__Treponematales;f__Breznakiellaceae;g__;s__	taxonomic classification fully defined by topology	classification based on placement in class-level tree	N/A	28.14	11	0.90135	N/A
2_binette_bin43.fasta	d__Bacteria;p__Bacteroidota;c__Bacteroidia;o__Bacteroidales;f__UBA932;g__JAIRLF01;s__	N/A	N/A	N/A	N/A	N/A	N/A	N/A	N/A	N/A	N/A	d__Bacteria;p__Bacteroidota;c__Bacteroidia;o__Bacteroidales;f__UBA932;g__JAIRLF01;s__	taxonomic classification fully defined by topology	classification based on placement in class-level tree	N/A	22.82	11	0.97803	N/A
2_binette_bin44.fasta	d__Bacteria;p__Bacillota;c__Clostridia;o__Lachnospirales;f__WQUN01;g__JAISGK01;s__	N/A	N/A	N/A	N/A	N/A	N/A	N/A	N/A	N/A	N/A	d__Bacteria;p__Bacillota;c__Clostridia;o__Lachnospirales;f__WQUN01;g__JAISGK01;s__	taxonomic classification fully defined by topology	classification based on placement in class-level tree	N/A	17.75	11	0.96712	N/A
2_binette_bin45.fasta	Unclassified Bacteria	N/A	N/A	N/A	N/A	N/A	N/A	N/A	N/A	N/A	N/A	N/A	N/A	N/A	N/A	N/A	N/A	N/A	Insufficient number of amino acids in MSA (1.4%)
2_binette_bin47.fasta	Unclassified	N/A	N/A	N/A	N/A	N/A	N/A	N/A	N/A	N/A	N/A	N/A	N/A	N/A	N/A	N/A	N/A	N/A	No bacterial or archaeal marker
2_binette_bin48.fasta	Unclassified Bacteria	N/A	N/A	N/A	N/A	N/A	N/A	N/A	N/A	N/A	N/A	N/A	N/A	N/A	N/A	N/A	N/A	N/A	Insufficient number of amino acids in MSA (0.7%)
2_binette_bin5.fasta	d__Bacteria;p__Spirochaetota;c__Spirochaetia;o__Treponematales;f__Breznakiellaceae;g__JAISFT01;s__JAISFT01 sp031258265	GCA_031258265.1	95.0	d__Bacteria;p__Spirochaetota;c__Spirochaetia;o__Treponematales;f__Breznakiellaceae;g__JAISFT01;s__JAISFT01 sp031258265	96.63	0.717	GCA_031258265.1	95.0	d__Bacteria;p__Spirochaetota;c__Spirochaetia;o__Treponematales;f__Breznakiellaceae;g__JAISFT01;s__JAISFT01 sp031258265	96.63	0.717	d__Bacteria;p__Spirochaetota;c__Spirochaetia;o__Treponematales;f__Breznakiellaceae;g__JAISFT01;s__	taxonomic classification defined by topology and ANI	topological placement and ANI have congruent species assignments	N/A	72.3	11	N/A	N/A
2_binette_bin51.fasta	d__Bacteria;p__Spirochaetota;c__Spirochaetia;o__Treponematales;f__Breznakiellaceae;g__BOBG01;s__	N/A	N/A	N/A	N/A	N/A	N/A	N/A	N/A	N/A	N/A	d__Bacteria;p__Spirochaetota;c__Spirochaetia;o__Treponematales;f__Breznakiellaceae;g__BOBG01;s__	taxonomic classification fully defined by topology	classification based on placement in class-level tree	N/A	11.48	11	0.93796	N/A
2_binette_bin52.fasta	Unclassified Bacteria	N/A	N/A	N/A	N/A	N/A	N/A	N/A	N/A	N/A	N/A	N/A	N/A	N/A	N/A	N/A	N/A	N/A	Insufficient number of amino acids in MSA (2.1%)
2_binette_bin53.fasta	Unclassified Bacteria	N/A	N/A	N/A	N/A	N/A	N/A	N/A	N/A	N/A	N/A	N/A	N/A	N/A	N/A	N/A	N/A	N/A	Insufficient number of amino acids in MSA (1.6%)
2_binette_bin54.fasta	Unclassified Bacteria	N/A	N/A	N/A	N/A	N/A	N/A	N/A	N/A	N/A	N/A	N/A	N/A	N/A	N/A	N/A	N/A	N/A	Insufficient number of amino acids in MSA (4.6%)
2_binette_bin55.fasta	d__Bacteria;p__Bacteroidota;c__Bacteroidia;o__Bacteroidales;f__Azobacteroidaceae;g__WRFZ01;s__	N/A	N/A	N/A	N/A	N/A	GCA_031257875.1	95.0	d__Bacteria;p__Bacteroidota;c__Bacteroidia;o__Bacteroidales;f__Azobacteroidaceae;g__WRFZ01;s__WRFZ01 sp031257875	96.89	0.419	d__Bacteria;p__Bacteroidota;c__Bacteroidia;o__Bacteroidales;f__Azobacteroidaceae;g__WRFZ01;s__	taxonomic classification defined by topology and ANI	classification based on placement in class-level tree	N/A	14.48	11	0.9957	N/A
2_binette_bin56.fasta	Unclassified Bacteria	N/A	N/A	N/A	N/A	N/A	N/A	N/A	N/A	N/A	N/A	N/A	N/A	N/A	N/A	N/A	N/A	N/A	Insufficient number of amino acids in MSA (0.7%)
2_binette_bin6.fasta	d__Bacteria;p__Spirochaetota;c__Spirochaetia;o__Treponematales;f__Breznakiellaceae;g__JAIRMO01;s__	N/A	N/A	N/A	N/A	N/A	GCA_031283755.1	95.0	d__Bacteria;p__Spirochaetota;c__Spirochaetia;o__Treponematales;f__Breznakiellaceae;g__JAIRMO01;s__JAIRMO01 sp031283755	86.5	0.28	d__Bacteria;p__Spirochaetota;c__Spirochaetia;o__Treponematales;f__Breznakiellaceae;g__JAIRMO01;s__	taxonomic classification defined by topology and ANI	classification based on placement in class-level tree	GCA_031278575.1, s__JAIRMO01 sp031278575, 95.0, 86.88, 0.188	76.03	11	0.96965	N/A
2_binette_bin60.fasta	Unclassified	N/A	N/A	N/A	N/A	N/A	N/A	N/A	N/A	N/A	N/A	N/A	N/A	N/A	N/A	N/A	N/A	N/A	No bacterial or archaeal marker
2_binette_bin61.fasta	d__Bacteria;p__Spirochaetota;c__Spirochaetia;o__Treponematales;f__Breznakiellaceae;g__JAIRNN01;s__	N/A	N/A	N/A	N/A	N/A	GCA_031257995.1	95.0	d__Bacteria;p__Spirochaetota;c__Spirochaetia;o__Treponematales;f__Breznakiellaceae;g__JAIRNN01;s__JAIRNN01 sp031257995	96.86	0.419	d__Bacteria;p__Spirochaetota;c__Spirochaetia;o__Treponematales;f__Breznakiellaceae;g__JAIRNN01;s__	taxonomic classification defined by topology and ANI	classification based on placement in class-level tree	N/A	15.29	11	0.99085	N/A
2_binette_bin62.fasta	Unclassified Bacteria	N/A	N/A	N/A	N/A	N/A	N/A	N/A	N/A	N/A	N/A	N/A	N/A	N/A	N/A	N/A	N/A	N/A	Insufficient number of amino acids in MSA (2.9%)
2_binette_bin64.fasta	Unclassified Bacteria	N/A	N/A	N/A	N/A	N/A	N/A	N/A	N/A	N/A	N/A	N/A	N/A	N/A	N/A	N/A	N/A	N/A	Insufficient number of amino acids in MSA (0.8%)
2_binette_bin65.fasta	Unclassified Bacteria	N/A	N/A	N/A	N/A	N/A	N/A	N/A	N/A	N/A	N/A	N/A	N/A	N/A	N/A	N/A	N/A	N/A	Insufficient number of amino acids in MSA (0.8%)
2_binette_bin66.fasta	Unclassified	N/A	N/A	N/A	N/A	N/A	N/A	N/A	N/A	N/A	N/A	N/A	N/A	N/A	N/A	N/A	N/A	N/A	No bacterial or archaeal marker
2_binette_bin67.fasta	Unclassified Bacteria	N/A	N/A	N/A	N/A	N/A	N/A	N/A	N/A	N/A	N/A	N/A	N/A	N/A	N/A	N/A	N/A	N/A	Insufficient number of amino acids in MSA (0.8%)
2_binette_bin68.fasta	Unclassified Bacteria	N/A	N/A	N/A	N/A	N/A	N/A	N/A	N/A	N/A	N/A	N/A	N/A	N/A	N/A	N/A	N/A	N/A	Insufficient number of amino acids in MSA (9.0%)
2_binette_bin69.fasta	Unclassified Bacteria	N/A	N/A	N/A	N/A	N/A	N/A	N/A	N/A	N/A	N/A	N/A	N/A	N/A	N/A	N/A	N/A	N/A	Insufficient number of amino acids in MSA (6.2%)
2_binette_bin7.fasta	d__Bacteria;p__Spirochaetota;c__Spirochaetia;o__Treponematales;f__Breznakiellaceae;g__WQXQ01;s__WQXQ01 sp031257385	GCA_031257385.1	95.0	d__Bacteria;p__Spirochaetota;c__Spirochaetia;o__Treponematales;f__Breznakiellaceae;g__WQXQ01;s__WQXQ01 sp031257385	98.61	0.736	GCA_031257385.1	95.0	d__Bacteria;p__Spirochaetota;c__Spirochaetia;o__Treponematales;f__Breznakiellaceae;g__WQXQ01;s__WQXQ01 sp031257385	98.61	0.736	d__Bacteria;p__Spirochaetota;c__Spirochaetia;o__Treponematales;f__Breznakiellaceae;g__WQXQ01;s__	taxonomic classification defined by topology and ANI	topological placement and ANI have congruent species assignments	GCA_031279635.1, s__WQXQ01 sp031279635, 95.0, 86.55, 0.25; GCA_031270205.1, s__WQXQ01 sp031270205, 95.0, 85.99, 0.24	73.93	11	N/A	N/A
2_binette_bin70.fasta	Unclassified Bacteria	N/A	N/A	N/A	N/A	N/A	N/A	N/A	N/A	N/A	N/A	N/A	N/A	N/A	N/A	N/A	N/A	N/A	Insufficient number of amino acids in MSA (3.2%)
2_binette_bin71.fasta	Unclassified	N/A	N/A	N/A	N/A	N/A	N/A	N/A	N/A	N/A	N/A	N/A	N/A	N/A	N/A	N/A	N/A	N/A	No bacterial or archaeal marker
2_binette_bin72.fasta	Unclassified	N/A	N/A	N/A	N/A	N/A	N/A	N/A	N/A	N/A	N/A	N/A	N/A	N/A	N/A	N/A	N/A	N/A	No bacterial or archaeal marker
2_binette_bin73.fasta	Unclassified Bacteria	N/A	N/A	N/A	N/A	N/A	N/A	N/A	N/A	N/A	N/A	N/A	N/A	N/A	N/A	N/A	N/A	N/A	Insufficient number of amino acids in MSA (7.7%)
2_binette_bin74.fasta	Unclassified Bacteria	N/A	N/A	N/A	N/A	N/A	N/A	N/A	N/A	N/A	N/A	N/A	N/A	N/A	N/A	N/A	N/A	N/A	Insufficient number of amino acids in MSA (0.8%)
2_binette_bin75.fasta	Unclassified Bacteria	N/A	N/A	N/A	N/A	N/A	N/A	N/A	N/A	N/A	N/A	N/A	N/A	N/A	N/A	N/A	N/A	N/A	Insufficient number of amino acids in MSA (0.8%)
2_binette_bin76.fasta	Unclassified Bacteria	N/A	N/A	N/A	N/A	N/A	N/A	N/A	N/A	N/A	N/A	N/A	N/A	N/A	N/A	N/A	N/A	N/A	Insufficient number of amino acids in MSA (3.1%)
2_binette_bin77.fasta	Unclassified	N/A	N/A	N/A	N/A	N/A	N/A	N/A	N/A	N/A	N/A	N/A	N/A	N/A	N/A	N/A	N/A	N/A	No bacterial or archaeal marker
2_binette_bin79.fasta	Unclassified Bacteria	N/A	N/A	N/A	N/A	N/A	N/A	N/A	N/A	N/A	N/A	N/A	N/A	N/A	N/A	N/A	N/A	N/A	Insufficient number of amino acids in MSA (1.2%)
2_binette_bin8.fasta	d__Bacteria;p__Spirochaetota;c__Spirochaetia;o__Treponematales;f__Breznakiellaceae;g__JAISFT01;s__JAISFT01 sp031258225	GCA_031258225.1	95.0	d__Bacteria;p__Spirochaetota;c__Spirochaetia;o__Treponematales;f__Breznakiellaceae;g__JAISFT01;s__JAISFT01 sp031258225	97.58	0.739	GCA_031258225.1	95.0	d__Bacteria;p__Spirochaetota;c__Spirochaetia;o__Treponematales;f__Breznakiellaceae;g__JAISFT01;s__JAISFT01 sp031258225	97.58	0.739	d__Bacteria;p__Spirochaetota;c__Spirochaetia;o__Treponematales;f__Breznakiellaceae;g__JAISFT01;s__	taxonomic classification defined by topology and ANI	topological placement and ANI have congruent species assignments	GCA_031278715.1, s__JAISFT01 sp031278715, 95.0, 86.17, 0.245	75.87	11	N/A	N/A
2_binette_bin80.fasta	Unclassified	N/A	N/A	N/A	N/A	N/A	N/A	N/A	N/A	N/A	N/A	N/A	N/A	N/A	N/A	N/A	N/A	N/A	No bacterial or archaeal marker
2_binette_bin82.fasta	Unclassified Bacteria	N/A	N/A	N/A	N/A	N/A	N/A	N/A	N/A	N/A	N/A	N/A	N/A	N/A	N/A	N/A	N/A	N/A	Insufficient number of amino acids in MSA (3.0%)
2_binette_bin83.fasta	Unclassified Bacteria	N/A	N/A	N/A	N/A	N/A	N/A	N/A	N/A	N/A	N/A	N/A	N/A	N/A	N/A	N/A	N/A	N/A	Insufficient number of amino acids in MSA (5.7%)
2_binette_bin84.fasta	Unclassified Bacteria	N/A	N/A	N/A	N/A	N/A	N/A	N/A	N/A	N/A	N/A	N/A	N/A	N/A	N/A	N/A	N/A	N/A	Insufficient number of amino acids in MSA (0.3%)
2_binette_bin85.fasta	Unclassified	N/A	N/A	N/A	N/A	N/A	N/A	N/A	N/A	N/A	N/A	N/A	N/A	N/A	N/A	N/A	N/A	N/A	No bacterial or archaeal marker
2_binette_bin86.fasta	Unclassified Bacteria	N/A	N/A	N/A	N/A	N/A	N/A	N/A	N/A	N/A	N/A	N/A	N/A	N/A	N/A	N/A	N/A	N/A	Insufficient number of amino acids in MSA (3.8%)
2_binette_bin87.fasta	Unclassified	N/A	N/A	N/A	N/A	N/A	N/A	N/A	N/A	N/A	N/A	N/A	N/A	N/A	N/A	N/A	N/A	N/A	No bacterial or archaeal marker
2_binette_bin88.fasta	Unclassified Bacteria	N/A	N/A	N/A	N/A	N/A	N/A	N/A	N/A	N/A	N/A	N/A	N/A	N/A	N/A	N/A	N/A	N/A	Insufficient number of amino acids in MSA (2.1%)
2_binette_bin89.fasta	Unclassified Bacteria	N/A	N/A	N/A	N/A	N/A	N/A	N/A	N/A	N/A	N/A	N/A	N/A	N/A	N/A	N/A	N/A	N/A	Insufficient number of amino acids in MSA (1.6%)
2_binette_bin9.fasta	d__Bacteria;p__Spirochaetota;c__Spirochaetia;o__Treponematales;f__Breznakiellaceae;g__JAIRLK01;s__	N/A	N/A	N/A	N/A	N/A	GCA_031259515.1	95.0	d__Bacteria;p__Spirochaetota;c__Spirochaetia;o__Treponematales;f__Breznakiellaceae;g__JAIRLK01;s__JAIRLK01 sp031259515	88.89	0.316	d__Bacteria;p__Spirochaetota;c__Spirochaetia;o__Treponematales;f__Breznakiellaceae;g__JAIRLK01;s__	taxonomic classification defined by topology and ANI	classification based on placement in class-level tree	N/A	67.95	11	0.97323	N/A
2_binette_bin90.fasta	Unclassified	N/A	N/A	N/A	N/A	N/A	N/A	N/A	N/A	N/A	N/A	N/A	N/A	N/A	N/A	N/A	N/A	N/A	No bacterial or archaeal marker
2_binette_bin91.fasta	Unclassified Bacteria	N/A	N/A	N/A	N/A	N/A	N/A	N/A	N/A	N/A	N/A	N/A	N/A	N/A	N/A	N/A	N/A	N/A	Insufficient number of amino acids in MSA (2.8%)
2_binette_bin94.fasta	Unclassified Bacteria	N/A	N/A	N/A	N/A	N/A	N/A	N/A	N/A	N/A	N/A	N/A	N/A	N/A	N/A	N/A	N/A	N/A	Insufficient number of amino acids in MSA (0.8%)
2_binette_bin95.fasta	Unclassified Bacteria	N/A	N/A	N/A	N/A	N/A	N/A	N/A	N/A	N/A	N/A	N/A	N/A	N/A	N/A	N/A	N/A	N/A	Insufficient number of amino acids in MSA (5.8%)
2_binette_bin96.fasta	Unclassified Bacteria	N/A	N/A	N/A	N/A	N/A	N/A	N/A	N/A	N/A	N/A	N/A	N/A	N/A	N/A	N/A	N/A	N/A	Insufficient number of amino acids in MSA (5.9%)
2_binette_bin97.fasta	Unclassified Bacteria	N/A	N/A	N/A	N/A	N/A	N/A	N/A	N/A	N/A	N/A	N/A	N/A	N/A	N/A	N/A	N/A	N/A	Insufficient number of amino acids in MSA (5.7%)
2_binette_bin98.fasta	Unclassified	N/A	N/A	N/A	N/A	N/A	N/A	N/A	N/A	N/A	N/A	N/A	N/A	N/A	N/A	N/A	N/A	N/A	No bacterial or archaeal marker
2_binette_bin99.fasta	Unclassified	N/A	N/A	N/A	N/A	N/A	N/A	N/A	N/A	N/A	N/A	N/A	N/A	N/A	N/A	N/A	N/A	N/A	No bacterial or archaeal marker
3_binette_bin10.fasta	Unclassified	N/A	N/A	N/A	N/A	N/A	N/A	N/A	N/A	N/A	N/A	N/A	N/A	N/A	N/A	N/A	N/A	N/A	No bacterial or archaeal marker
3_binette_bin100.fasta	Unclassified	N/A	N/A	N/A	N/A	N/A	N/A	N/A	N/A	N/A	N/A	N/A	N/A	N/A	N/A	N/A	N/A	N/A	No bacterial or archaeal marker
3_binette_bin104.fasta	Unclassified	N/A	N/A	N/A	N/A	N/A	N/A	N/A	N/A	N/A	N/A	N/A	N/A	N/A	N/A	N/A	N/A	N/A	No bacterial or archaeal marker
3_binette_bin109.fasta	Unclassified	N/A	N/A	N/A	N/A	N/A	N/A	N/A	N/A	N/A	N/A	N/A	N/A	N/A	N/A	N/A	N/A	N/A	No bacterial or archaeal marker
3_binette_bin116.fasta	Unclassified	N/A	N/A	N/A	N/A	N/A	N/A	N/A	N/A	N/A	N/A	N/A	N/A	N/A	N/A	N/A	N/A	N/A	No bacterial or archaeal marker
3_binette_bin117.fasta	Unclassified	N/A	N/A	N/A	N/A	N/A	N/A	N/A	N/A	N/A	N/A	N/A	N/A	N/A	N/A	N/A	N/A	N/A	No bacterial or archaeal marker
3_binette_bin118.fasta	Unclassified	N/A	N/A	N/A	N/A	N/A	N/A	N/A	N/A	N/A	N/A	N/A	N/A	N/A	N/A	N/A	N/A	N/A	No bacterial or archaeal marker
3_binette_bin119.fasta	Unclassified	N/A	N/A	N/A	N/A	N/A	N/A	N/A	N/A	N/A	N/A	N/A	N/A	N/A	N/A	N/A	N/A	N/A	No bacterial or archaeal marker
3_binette_bin12.fasta	Unclassified	N/A	N/A	N/A	N/A	N/A	N/A	N/A	N/A	N/A	N/A	N/A	N/A	N/A	N/A	N/A	N/A	N/A	No bacterial or archaeal marker
3_binette_bin120.fasta	Unclassified	N/A	N/A	N/A	N/A	N/A	N/A	N/A	N/A	N/A	N/A	N/A	N/A	N/A	N/A	N/A	N/A	N/A	No bacterial or archaeal marker
3_binette_bin121.fasta	Unclassified	N/A	N/A	N/A	N/A	N/A	N/A	N/A	N/A	N/A	N/A	N/A	N/A	N/A	N/A	N/A	N/A	N/A	No bacterial or archaeal marker
3_binette_bin122.fasta	Unclassified	N/A	N/A	N/A	N/A	N/A	N/A	N/A	N/A	N/A	N/A	N/A	N/A	N/A	N/A	N/A	N/A	N/A	No bacterial or archaeal marker
3_binette_bin123.fasta	Unclassified	N/A	N/A	N/A	N/A	N/A	N/A	N/A	N/A	N/A	N/A	N/A	N/A	N/A	N/A	N/A	N/A	N/A	No bacterial or archaeal marker
3_binette_bin124.fasta	Unclassified	N/A	N/A	N/A	N/A	N/A	N/A	N/A	N/A	N/A	N/A	N/A	N/A	N/A	N/A	N/A	N/A	N/A	No bacterial or archaeal marker
3_binette_bin125.fasta	Unclassified	N/A	N/A	N/A	N/A	N/A	N/A	N/A	N/A	N/A	N/A	N/A	N/A	N/A	N/A	N/A	N/A	N/A	No bacterial or archaeal marker
3_binette_bin126.fasta	Unclassified	N/A	N/A	N/A	N/A	N/A	N/A	N/A	N/A	N/A	N/A	N/A	N/A	N/A	N/A	N/A	N/A	N/A	No bacterial or archaeal marker
3_binette_bin127.fasta	Unclassified	N/A	N/A	N/A	N/A	N/A	N/A	N/A	N/A	N/A	N/A	N/A	N/A	N/A	N/A	N/A	N/A	N/A	No bacterial or archaeal marker
3_binette_bin128.fasta	Unclassified	N/A	N/A	N/A	N/A	N/A	N/A	N/A	N/A	N/A	N/A	N/A	N/A	N/A	N/A	N/A	N/A	N/A	No bacterial or archaeal marker
3_binette_bin129.fasta	Unclassified	N/A	N/A	N/A	N/A	N/A	N/A	N/A	N/A	N/A	N/A	N/A	N/A	N/A	N/A	N/A	N/A	N/A	No bacterial or archaeal marker
3_binette_bin13.fasta	Unclassified	N/A	N/A	N/A	N/A	N/A	N/A	N/A	N/A	N/A	N/A	N/A	N/A	N/A	N/A	N/A	N/A	N/A	No bacterial or archaeal marker
3_binette_bin130.fasta	Unclassified	N/A	N/A	N/A	N/A	N/A	N/A	N/A	N/A	N/A	N/A	N/A	N/A	N/A	N/A	N/A	N/A	N/A	No bacterial or archaeal marker
3_binette_bin131.fasta	Unclassified	N/A	N/A	N/A	N/A	N/A	N/A	N/A	N/A	N/A	N/A	N/A	N/A	N/A	N/A	N/A	N/A	N/A	No bacterial or archaeal marker
3_binette_bin132.fasta	Unclassified	N/A	N/A	N/A	N/A	N/A	N/A	N/A	N/A	N/A	N/A	N/A	N/A	N/A	N/A	N/A	N/A	N/A	No bacterial or archaeal marker
3_binette_bin133.fasta	Unclassified	N/A	N/A	N/A	N/A	N/A	N/A	N/A	N/A	N/A	N/A	N/A	N/A	N/A	N/A	N/A	N/A	N/A	No bacterial or archaeal marker
3_binette_bin134.fasta	Unclassified	N/A	N/A	N/A	N/A	N/A	N/A	N/A	N/A	N/A	N/A	N/A	N/A	N/A	N/A	N/A	N/A	N/A	No bacterial or archaeal marker
3_binette_bin135.fasta	Unclassified	N/A	N/A	N/A	N/A	N/A	N/A	N/A	N/A	N/A	N/A	N/A	N/A	N/A	N/A	N/A	N/A	N/A	No bacterial or archaeal marker
3_binette_bin137.fasta	Unclassified	N/A	N/A	N/A	N/A	N/A	N/A	N/A	N/A	N/A	N/A	N/A	N/A	N/A	N/A	N/A	N/A	N/A	No bacterial or archaeal marker
3_binette_bin138.fasta	Unclassified Bacteria	N/A	N/A	N/A	N/A	N/A	N/A	N/A	N/A	N/A	N/A	N/A	N/A	N/A	N/A	N/A	N/A	N/A	Insufficient number of amino acids in MSA (0.4%)
3_binette_bin139.fasta	Unclassified	N/A	N/A	N/A	N/A	N/A	N/A	N/A	N/A	N/A	N/A	N/A	N/A	N/A	N/A	N/A	N/A	N/A	No bacterial or archaeal marker
3_binette_bin14.fasta	Unclassified	N/A	N/A	N/A	N/A	N/A	N/A	N/A	N/A	N/A	N/A	N/A	N/A	N/A	N/A	N/A	N/A	N/A	No bacterial or archaeal marker
3_binette_bin141.fasta	Unclassified	N/A	N/A	N/A	N/A	N/A	N/A	N/A	N/A	N/A	N/A	N/A	N/A	N/A	N/A	N/A	N/A	N/A	No bacterial or archaeal marker
3_binette_bin142.fasta	Unclassified	N/A	N/A	N/A	N/A	N/A	N/A	N/A	N/A	N/A	N/A	N/A	N/A	N/A	N/A	N/A	N/A	N/A	No bacterial or archaeal marker
3_binette_bin143.fasta	Unclassified	N/A	N/A	N/A	N/A	N/A	N/A	N/A	N/A	N/A	N/A	N/A	N/A	N/A	N/A	N/A	N/A	N/A	No bacterial or archaeal marker
3_binette_bin144.fasta	Unclassified	N/A	N/A	N/A	N/A	N/A	N/A	N/A	N/A	N/A	N/A	N/A	N/A	N/A	N/A	N/A	N/A	N/A	No bacterial or archaeal marker
3_binette_bin145.fasta	Unclassified	N/A	N/A	N/A	N/A	N/A	N/A	N/A	N/A	N/A	N/A	N/A	N/A	N/A	N/A	N/A	N/A	N/A	No bacterial or archaeal marker
3_binette_bin146.fasta	Unclassified	N/A	N/A	N/A	N/A	N/A	N/A	N/A	N/A	N/A	N/A	N/A	N/A	N/A	N/A	N/A	N/A	N/A	No bacterial or archaeal marker
3_binette_bin147.fasta	Unclassified	N/A	N/A	N/A	N/A	N/A	N/A	N/A	N/A	N/A	N/A	N/A	N/A	N/A	N/A	N/A	N/A	N/A	No bacterial or archaeal marker
3_binette_bin148.fasta	Unclassified	N/A	N/A	N/A	N/A	N/A	N/A	N/A	N/A	N/A	N/A	N/A	N/A	N/A	N/A	N/A	N/A	N/A	No bacterial or archaeal marker
3_binette_bin15.fasta	Unclassified	N/A	N/A	N/A	N/A	N/A	N/A	N/A	N/A	N/A	N/A	N/A	N/A	N/A	N/A	N/A	N/A	N/A	No bacterial or archaeal marker
3_binette_bin150.fasta	Unclassified	N/A	N/A	N/A	N/A	N/A	N/A	N/A	N/A	N/A	N/A	N/A	N/A	N/A	N/A	N/A	N/A	N/A	No bacterial or archaeal marker
3_binette_bin151.fasta	Unclassified	N/A	N/A	N/A	N/A	N/A	N/A	N/A	N/A	N/A	N/A	N/A	N/A	N/A	N/A	N/A	N/A	N/A	No bacterial or archaeal marker
3_binette_bin152.fasta	Unclassified	N/A	N/A	N/A	N/A	N/A	N/A	N/A	N/A	N/A	N/A	N/A	N/A	N/A	N/A	N/A	N/A	N/A	No bacterial or archaeal marker
3_binette_bin153.fasta	Unclassified	N/A	N/A	N/A	N/A	N/A	N/A	N/A	N/A	N/A	N/A	N/A	N/A	N/A	N/A	N/A	N/A	N/A	No bacterial or archaeal marker
3_binette_bin154.fasta	Unclassified	N/A	N/A	N/A	N/A	N/A	N/A	N/A	N/A	N/A	N/A	N/A	N/A	N/A	N/A	N/A	N/A	N/A	No bacterial or archaeal marker
3_binette_bin155.fasta	Unclassified	N/A	N/A	N/A	N/A	N/A	N/A	N/A	N/A	N/A	N/A	N/A	N/A	N/A	N/A	N/A	N/A	N/A	No bacterial or archaeal marker
3_binette_bin156.fasta	Unclassified	N/A	N/A	N/A	N/A	N/A	N/A	N/A	N/A	N/A	N/A	N/A	N/A	N/A	N/A	N/A	N/A	N/A	No bacterial or archaeal marker
3_binette_bin157.fasta	Unclassified	N/A	N/A	N/A	N/A	N/A	N/A	N/A	N/A	N/A	N/A	N/A	N/A	N/A	N/A	N/A	N/A	N/A	No bacterial or archaeal marker
3_binette_bin158.fasta	Unclassified	N/A	N/A	N/A	N/A	N/A	N/A	N/A	N/A	N/A	N/A	N/A	N/A	N/A	N/A	N/A	N/A	N/A	No bacterial or archaeal marker
3_binette_bin159.fasta	Unclassified	N/A	N/A	N/A	N/A	N/A	N/A	N/A	N/A	N/A	N/A	N/A	N/A	N/A	N/A	N/A	N/A	N/A	No bacterial or archaeal marker
3_binette_bin16.fasta	Unclassified	N/A	N/A	N/A	N/A	N/A	N/A	N/A	N/A	N/A	N/A	N/A	N/A	N/A	N/A	N/A	N/A	N/A	No bacterial or archaeal marker
3_binette_bin160.fasta	Unclassified	N/A	N/A	N/A	N/A	N/A	N/A	N/A	N/A	N/A	N/A	N/A	N/A	N/A	N/A	N/A	N/A	N/A	No bacterial or archaeal marker
3_binette_bin161.fasta	Unclassified	N/A	N/A	N/A	N/A	N/A	N/A	N/A	N/A	N/A	N/A	N/A	N/A	N/A	N/A	N/A	N/A	N/A	No bacterial or archaeal marker
3_binette_bin162.fasta	Unclassified	N/A	N/A	N/A	N/A	N/A	N/A	N/A	N/A	N/A	N/A	N/A	N/A	N/A	N/A	N/A	N/A	N/A	No bacterial or archaeal marker
3_binette_bin163.fasta	Unclassified	N/A	N/A	N/A	N/A	N/A	N/A	N/A	N/A	N/A	N/A	N/A	N/A	N/A	N/A	N/A	N/A	N/A	No bacterial or archaeal marker
3_binette_bin164.fasta	Unclassified	N/A	N/A	N/A	N/A	N/A	N/A	N/A	N/A	N/A	N/A	N/A	N/A	N/A	N/A	N/A	N/A	N/A	No bacterial or archaeal marker
3_binette_bin165.fasta	Unclassified	N/A	N/A	N/A	N/A	N/A	N/A	N/A	N/A	N/A	N/A	N/A	N/A	N/A	N/A	N/A	N/A	N/A	No bacterial or archaeal marker
3_binette_bin166.fasta	Unclassified	N/A	N/A	N/A	N/A	N/A	N/A	N/A	N/A	N/A	N/A	N/A	N/A	N/A	N/A	N/A	N/A	N/A	No bacterial or archaeal marker
3_binette_bin167.fasta	Unclassified	N/A	N/A	N/A	N/A	N/A	N/A	N/A	N/A	N/A	N/A	N/A	N/A	N/A	N/A	N/A	N/A	N/A	No bacterial or archaeal marker
3_binette_bin169.fasta	Unclassified	N/A	N/A	N/A	N/A	N/A	N/A	N/A	N/A	N/A	N/A	N/A	N/A	N/A	N/A	N/A	N/A	N/A	No bacterial or archaeal marker
3_binette_bin170.fasta	Unclassified	N/A	N/A	N/A	N/A	N/A	N/A	N/A	N/A	N/A	N/A	N/A	N/A	N/A	N/A	N/A	N/A	N/A	No bacterial or archaeal marker
3_binette_bin171.fasta	Unclassified	N/A	N/A	N/A	N/A	N/A	N/A	N/A	N/A	N/A	N/A	N/A	N/A	N/A	N/A	N/A	N/A	N/A	No bacterial or archaeal marker
3_binette_bin172.fasta	Unclassified	N/A	N/A	N/A	N/A	N/A	N/A	N/A	N/A	N/A	N/A	N/A	N/A	N/A	N/A	N/A	N/A	N/A	No bacterial or archaeal marker
3_binette_bin173.fasta	Unclassified	N/A	N/A	N/A	N/A	N/A	N/A	N/A	N/A	N/A	N/A	N/A	N/A	N/A	N/A	N/A	N/A	N/A	No bacterial or archaeal marker
3_binette_bin174.fasta	Unclassified	N/A	N/A	N/A	N/A	N/A	N/A	N/A	N/A	N/A	N/A	N/A	N/A	N/A	N/A	N/A	N/A	N/A	No bacterial or archaeal marker
3_binette_bin175.fasta	Unclassified	N/A	N/A	N/A	N/A	N/A	N/A	N/A	N/A	N/A	N/A	N/A	N/A	N/A	N/A	N/A	N/A	N/A	No bacterial or archaeal marker
3_binette_bin176.fasta	Unclassified	N/A	N/A	N/A	N/A	N/A	N/A	N/A	N/A	N/A	N/A	N/A	N/A	N/A	N/A	N/A	N/A	N/A	No bacterial or archaeal marker
3_binette_bin177.fasta	Unclassified	N/A	N/A	N/A	N/A	N/A	N/A	N/A	N/A	N/A	N/A	N/A	N/A	N/A	N/A	N/A	N/A	N/A	No bacterial or archaeal marker
3_binette_bin178.fasta	Unclassified	N/A	N/A	N/A	N/A	N/A	N/A	N/A	N/A	N/A	N/A	N/A	N/A	N/A	N/A	N/A	N/A	N/A	No bacterial or archaeal marker
3_binette_bin179.fasta	Unclassified	N/A	N/A	N/A	N/A	N/A	N/A	N/A	N/A	N/A	N/A	N/A	N/A	N/A	N/A	N/A	N/A	N/A	No bacterial or archaeal marker
3_binette_bin18.fasta	Unclassified	N/A	N/A	N/A	N/A	N/A	N/A	N/A	N/A	N/A	N/A	N/A	N/A	N/A	N/A	N/A	N/A	N/A	No bacterial or archaeal marker
3_binette_bin180.fasta	Unclassified	N/A	N/A	N/A	N/A	N/A	N/A	N/A	N/A	N/A	N/A	N/A	N/A	N/A	N/A	N/A	N/A	N/A	No bacterial or archaeal marker
3_binette_bin181.fasta	Unclassified	N/A	N/A	N/A	N/A	N/A	N/A	N/A	N/A	N/A	N/A	N/A	N/A	N/A	N/A	N/A	N/A	N/A	No bacterial or archaeal marker
3_binette_bin182.fasta	Unclassified	N/A	N/A	N/A	N/A	N/A	N/A	N/A	N/A	N/A	N/A	N/A	N/A	N/A	N/A	N/A	N/A	N/A	No bacterial or archaeal marker
3_binette_bin183.fasta	Unclassified	N/A	N/A	N/A	N/A	N/A	N/A	N/A	N/A	N/A	N/A	N/A	N/A	N/A	N/A	N/A	N/A	N/A	No bacterial or archaeal marker
3_binette_bin184.fasta	Unclassified	N/A	N/A	N/A	N/A	N/A	N/A	N/A	N/A	N/A	N/A	N/A	N/A	N/A	N/A	N/A	N/A	N/A	No bacterial or archaeal marker
3_binette_bin185.fasta	Unclassified	N/A	N/A	N/A	N/A	N/A	N/A	N/A	N/A	N/A	N/A	N/A	N/A	N/A	N/A	N/A	N/A	N/A	No bacterial or archaeal marker
3_binette_bin186.fasta	Unclassified	N/A	N/A	N/A	N/A	N/A	N/A	N/A	N/A	N/A	N/A	N/A	N/A	N/A	N/A	N/A	N/A	N/A	No bacterial or archaeal marker
3_binette_bin187.fasta	Unclassified	N/A	N/A	N/A	N/A	N/A	N/A	N/A	N/A	N/A	N/A	N/A	N/A	N/A	N/A	N/A	N/A	N/A	No bacterial or archaeal marker
3_binette_bin188.fasta	Unclassified	N/A	N/A	N/A	N/A	N/A	N/A	N/A	N/A	N/A	N/A	N/A	N/A	N/A	N/A	N/A	N/A	N/A	No bacterial or archaeal marker
3_binette_bin189.fasta	Unclassified	N/A	N/A	N/A	N/A	N/A	N/A	N/A	N/A	N/A	N/A	N/A	N/A	N/A	N/A	N/A	N/A	N/A	No bacterial or archaeal marker
3_binette_bin19.fasta	Unclassified	N/A	N/A	N/A	N/A	N/A	N/A	N/A	N/A	N/A	N/A	N/A	N/A	N/A	N/A	N/A	N/A	N/A	No bacterial or archaeal marker
3_binette_bin190.fasta	Unclassified	N/A	N/A	N/A	N/A	N/A	N/A	N/A	N/A	N/A	N/A	N/A	N/A	N/A	N/A	N/A	N/A	N/A	No bacterial or archaeal marker
3_binette_bin191.fasta	Unclassified	N/A	N/A	N/A	N/A	N/A	N/A	N/A	N/A	N/A	N/A	N/A	N/A	N/A	N/A	N/A	N/A	N/A	No bacterial or archaeal marker
3_binette_bin192.fasta	Unclassified	N/A	N/A	N/A	N/A	N/A	N/A	N/A	N/A	N/A	N/A	N/A	N/A	N/A	N/A	N/A	N/A	N/A	No bacterial or archaeal marker
3_binette_bin193.fasta	Unclassified	N/A	N/A	N/A	N/A	N/A	N/A	N/A	N/A	N/A	N/A	N/A	N/A	N/A	N/A	N/A	N/A	N/A	No bacterial or archaeal marker
3_binette_bin194.fasta	Unclassified	N/A	N/A	N/A	N/A	N/A	N/A	N/A	N/A	N/A	N/A	N/A	N/A	N/A	N/A	N/A	N/A	N/A	No bacterial or archaeal marker
3_binette_bin195.fasta	Unclassified	N/A	N/A	N/A	N/A	N/A	N/A	N/A	N/A	N/A	N/A	N/A	N/A	N/A	N/A	N/A	N/A	N/A	No bacterial or archaeal marker
3_binette_bin196.fasta	Unclassified	N/A	N/A	N/A	N/A	N/A	N/A	N/A	N/A	N/A	N/A	N/A	N/A	N/A	N/A	N/A	N/A	N/A	No bacterial or archaeal marker
3_binette_bin197.fasta	Unclassified	N/A	N/A	N/A	N/A	N/A	N/A	N/A	N/A	N/A	N/A	N/A	N/A	N/A	N/A	N/A	N/A	N/A	No bacterial or archaeal marker
3_binette_bin198.fasta	Unclassified	N/A	N/A	N/A	N/A	N/A	N/A	N/A	N/A	N/A	N/A	N/A	N/A	N/A	N/A	N/A	N/A	N/A	No bacterial or archaeal marker
3_binette_bin199.fasta	Unclassified	N/A	N/A	N/A	N/A	N/A	N/A	N/A	N/A	N/A	N/A	N/A	N/A	N/A	N/A	N/A	N/A	N/A	No bacterial or archaeal marker
3_binette_bin2.fasta	Unclassified	N/A	N/A	N/A	N/A	N/A	N/A	N/A	N/A	N/A	N/A	N/A	N/A	N/A	N/A	N/A	N/A	N/A	No bacterial or archaeal marker
3_binette_bin20.fasta	Unclassified	N/A	N/A	N/A	N/A	N/A	N/A	N/A	N/A	N/A	N/A	N/A	N/A	N/A	N/A	N/A	N/A	N/A	No bacterial or archaeal marker
3_binette_bin200.fasta	Unclassified	N/A	N/A	N/A	N/A	N/A	N/A	N/A	N/A	N/A	N/A	N/A	N/A	N/A	N/A	N/A	N/A	N/A	No bacterial or archaeal marker
3_binette_bin201.fasta	Unclassified	N/A	N/A	N/A	N/A	N/A	N/A	N/A	N/A	N/A	N/A	N/A	N/A	N/A	N/A	N/A	N/A	N/A	No bacterial or archaeal marker
3_binette_bin202.fasta	Unclassified	N/A	N/A	N/A	N/A	N/A	N/A	N/A	N/A	N/A	N/A	N/A	N/A	N/A	N/A	N/A	N/A	N/A	No bacterial or archaeal marker
3_binette_bin203.fasta	Unclassified	N/A	N/A	N/A	N/A	N/A	N/A	N/A	N/A	N/A	N/A	N/A	N/A	N/A	N/A	N/A	N/A	N/A	No bacterial or archaeal marker
3_binette_bin204.fasta	Unclassified	N/A	N/A	N/A	N/A	N/A	N/A	N/A	N/A	N/A	N/A	N/A	N/A	N/A	N/A	N/A	N/A	N/A	No bacterial or archaeal marker
3_binette_bin205.fasta	Unclassified	N/A	N/A	N/A	N/A	N/A	N/A	N/A	N/A	N/A	N/A	N/A	N/A	N/A	N/A	N/A	N/A	N/A	No bacterial or archaeal marker
3_binette_bin206.fasta	Unclassified	N/A	N/A	N/A	N/A	N/A	N/A	N/A	N/A	N/A	N/A	N/A	N/A	N/A	N/A	N/A	N/A	N/A	No bacterial or archaeal marker
3_binette_bin207.fasta	Unclassified	N/A	N/A	N/A	N/A	N/A	N/A	N/A	N/A	N/A	N/A	N/A	N/A	N/A	N/A	N/A	N/A	N/A	No bacterial or archaeal marker
3_binette_bin208.fasta	Unclassified	N/A	N/A	N/A	N/A	N/A	N/A	N/A	N/A	N/A	N/A	N/A	N/A	N/A	N/A	N/A	N/A	N/A	No bacterial or archaeal marker
3_binette_bin209.fasta	Unclassified	N/A	N/A	N/A	N/A	N/A	N/A	N/A	N/A	N/A	N/A	N/A	N/A	N/A	N/A	N/A	N/A	N/A	No bacterial or archaeal marker
3_binette_bin21.fasta	Unclassified	N/A	N/A	N/A	N/A	N/A	N/A	N/A	N/A	N/A	N/A	N/A	N/A	N/A	N/A	N/A	N/A	N/A	No bacterial or archaeal marker
3_binette_bin210.fasta	Unclassified	N/A	N/A	N/A	N/A	N/A	N/A	N/A	N/A	N/A	N/A	N/A	N/A	N/A	N/A	N/A	N/A	N/A	No bacterial or archaeal marker
3_binette_bin211.fasta	Unclassified	N/A	N/A	N/A	N/A	N/A	N/A	N/A	N/A	N/A	N/A	N/A	N/A	N/A	N/A	N/A	N/A	N/A	No bacterial or archaeal marker
3_binette_bin212.fasta	Unclassified	N/A	N/A	N/A	N/A	N/A	N/A	N/A	N/A	N/A	N/A	N/A	N/A	N/A	N/A	N/A	N/A	N/A	No bacterial or archaeal marker
3_binette_bin213.fasta	Unclassified	N/A	N/A	N/A	N/A	N/A	N/A	N/A	N/A	N/A	N/A	N/A	N/A	N/A	N/A	N/A	N/A	N/A	No bacterial or archaeal marker
3_binette_bin214.fasta	Unclassified	N/A	N/A	N/A	N/A	N/A	N/A	N/A	N/A	N/A	N/A	N/A	N/A	N/A	N/A	N/A	N/A	N/A	No bacterial or archaeal marker
3_binette_bin215.fasta	Unclassified	N/A	N/A	N/A	N/A	N/A	N/A	N/A	N/A	N/A	N/A	N/A	N/A	N/A	N/A	N/A	N/A	N/A	No bacterial or archaeal marker
3_binette_bin216.fasta	Unclassified	N/A	N/A	N/A	N/A	N/A	N/A	N/A	N/A	N/A	N/A	N/A	N/A	N/A	N/A	N/A	N/A	N/A	No bacterial or archaeal marker
3_binette_bin217.fasta	Unclassified	N/A	N/A	N/A	N/A	N/A	N/A	N/A	N/A	N/A	N/A	N/A	N/A	N/A	N/A	N/A	N/A	N/A	No bacterial or archaeal marker
3_binette_bin218.fasta	Unclassified	N/A	N/A	N/A	N/A	N/A	N/A	N/A	N/A	N/A	N/A	N/A	N/A	N/A	N/A	N/A	N/A	N/A	No bacterial or archaeal marker
3_binette_bin22.fasta	Unclassified	N/A	N/A	N/A	N/A	N/A	N/A	N/A	N/A	N/A	N/A	N/A	N/A	N/A	N/A	N/A	N/A	N/A	No bacterial or archaeal marker
3_binette_bin220.fasta	Unclassified	N/A	N/A	N/A	N/A	N/A	N/A	N/A	N/A	N/A	N/A	N/A	N/A	N/A	N/A	N/A	N/A	N/A	No bacterial or archaeal marker
3_binette_bin221.fasta	Unclassified	N/A	N/A	N/A	N/A	N/A	N/A	N/A	N/A	N/A	N/A	N/A	N/A	N/A	N/A	N/A	N/A	N/A	No bacterial or archaeal marker
3_binette_bin222.fasta	Unclassified	N/A	N/A	N/A	N/A	N/A	N/A	N/A	N/A	N/A	N/A	N/A	N/A	N/A	N/A	N/A	N/A	N/A	No bacterial or archaeal marker
3_binette_bin223.fasta	Unclassified	N/A	N/A	N/A	N/A	N/A	N/A	N/A	N/A	N/A	N/A	N/A	N/A	N/A	N/A	N/A	N/A	N/A	No bacterial or archaeal marker
3_binette_bin224.fasta	Unclassified	N/A	N/A	N/A	N/A	N/A	N/A	N/A	N/A	N/A	N/A	N/A	N/A	N/A	N/A	N/A	N/A	N/A	No bacterial or archaeal marker
3_binette_bin225.fasta	Unclassified	N/A	N/A	N/A	N/A	N/A	N/A	N/A	N/A	N/A	N/A	N/A	N/A	N/A	N/A	N/A	N/A	N/A	No bacterial or archaeal marker
3_binette_bin226.fasta	Unclassified	N/A	N/A	N/A	N/A	N/A	N/A	N/A	N/A	N/A	N/A	N/A	N/A	N/A	N/A	N/A	N/A	N/A	No bacterial or archaeal marker
3_binette_bin227.fasta	Unclassified	N/A	N/A	N/A	N/A	N/A	N/A	N/A	N/A	N/A	N/A	N/A	N/A	N/A	N/A	N/A	N/A	N/A	No bacterial or archaeal marker
3_binette_bin228.fasta	Unclassified	N/A	N/A	N/A	N/A	N/A	N/A	N/A	N/A	N/A	N/A	N/A	N/A	N/A	N/A	N/A	N/A	N/A	No bacterial or archaeal marker
3_binette_bin23.fasta	Unclassified	N/A	N/A	N/A	N/A	N/A	N/A	N/A	N/A	N/A	N/A	N/A	N/A	N/A	N/A	N/A	N/A	N/A	No bacterial or archaeal marker
3_binette_bin230.fasta	Unclassified	N/A	N/A	N/A	N/A	N/A	N/A	N/A	N/A	N/A	N/A	N/A	N/A	N/A	N/A	N/A	N/A	N/A	No bacterial or archaeal marker
3_binette_bin231.fasta	Unclassified	N/A	N/A	N/A	N/A	N/A	N/A	N/A	N/A	N/A	N/A	N/A	N/A	N/A	N/A	N/A	N/A	N/A	No bacterial or archaeal marker
3_binette_bin232.fasta	Unclassified	N/A	N/A	N/A	N/A	N/A	N/A	N/A	N/A	N/A	N/A	N/A	N/A	N/A	N/A	N/A	N/A	N/A	No bacterial or archaeal marker
3_binette_bin233.fasta	Unclassified	N/A	N/A	N/A	N/A	N/A	N/A	N/A	N/A	N/A	N/A	N/A	N/A	N/A	N/A	N/A	N/A	N/A	No bacterial or archaeal marker
3_binette_bin24.fasta	Unclassified	N/A	N/A	N/A	N/A	N/A	N/A	N/A	N/A	N/A	N/A	N/A	N/A	N/A	N/A	N/A	N/A	N/A	No bacterial or archaeal marker
3_binette_bin25.fasta	Unclassified	N/A	N/A	N/A	N/A	N/A	N/A	N/A	N/A	N/A	N/A	N/A	N/A	N/A	N/A	N/A	N/A	N/A	No bacterial or archaeal marker
3_binette_bin26.fasta	Unclassified	N/A	N/A	N/A	N/A	N/A	N/A	N/A	N/A	N/A	N/A	N/A	N/A	N/A	N/A	N/A	N/A	N/A	No bacterial or archaeal marker
3_binette_bin27.fasta	Unclassified	N/A	N/A	N/A	N/A	N/A	N/A	N/A	N/A	N/A	N/A	N/A	N/A	N/A	N/A	N/A	N/A	N/A	No bacterial or archaeal marker
3_binette_bin3.fasta	Unclassified	N/A	N/A	N/A	N/A	N/A	N/A	N/A	N/A	N/A	N/A	N/A	N/A	N/A	N/A	N/A	N/A	N/A	No bacterial or archaeal marker
3_binette_bin30.fasta	Unclassified	N/A	N/A	N/A	N/A	N/A	N/A	N/A	N/A	N/A	N/A	N/A	N/A	N/A	N/A	N/A	N/A	N/A	No bacterial or archaeal marker
3_binette_bin31.fasta	Unclassified	N/A	N/A	N/A	N/A	N/A	N/A	N/A	N/A	N/A	N/A	N/A	N/A	N/A	N/A	N/A	N/A	N/A	No bacterial or archaeal marker
3_binette_bin32.fasta	Unclassified	N/A	N/A	N/A	N/A	N/A	N/A	N/A	N/A	N/A	N/A	N/A	N/A	N/A	N/A	N/A	N/A	N/A	No bacterial or archaeal marker
3_binette_bin33.fasta	Unclassified Bacteria	N/A	N/A	N/A	N/A	N/A	N/A	N/A	N/A	N/A	N/A	N/A	N/A	N/A	N/A	N/A	N/A	N/A	Insufficient number of amino acids in MSA (0.6%)
3_binette_bin34.fasta	Unclassified	N/A	N/A	N/A	N/A	N/A	N/A	N/A	N/A	N/A	N/A	N/A	N/A	N/A	N/A	N/A	N/A	N/A	No bacterial or archaeal marker
3_binette_bin35.fasta	Unclassified	N/A	N/A	N/A	N/A	N/A	N/A	N/A	N/A	N/A	N/A	N/A	N/A	N/A	N/A	N/A	N/A	N/A	No bacterial or archaeal marker
3_binette_bin36.fasta	Unclassified	N/A	N/A	N/A	N/A	N/A	N/A	N/A	N/A	N/A	N/A	N/A	N/A	N/A	N/A	N/A	N/A	N/A	No bacterial or archaeal marker
3_binette_bin39.fasta	Unclassified	N/A	N/A	N/A	N/A	N/A	N/A	N/A	N/A	N/A	N/A	N/A	N/A	N/A	N/A	N/A	N/A	N/A	No bacterial or archaeal marker
3_binette_bin4.fasta	Unclassified Bacteria	N/A	N/A	N/A	N/A	N/A	N/A	N/A	N/A	N/A	N/A	N/A	N/A	N/A	N/A	N/A	N/A	N/A	Insufficient number of amino acids in MSA (0.8%)
3_binette_bin40.fasta	Unclassified	N/A	N/A	N/A	N/A	N/A	N/A	N/A	N/A	N/A	N/A	N/A	N/A	N/A	N/A	N/A	N/A	N/A	No bacterial or archaeal marker
3_binette_bin41.fasta	Unclassified	N/A	N/A	N/A	N/A	N/A	N/A	N/A	N/A	N/A	N/A	N/A	N/A	N/A	N/A	N/A	N/A	N/A	No bacterial or archaeal marker
3_binette_bin42.fasta	Unclassified	N/A	N/A	N/A	N/A	N/A	N/A	N/A	N/A	N/A	N/A	N/A	N/A	N/A	N/A	N/A	N/A	N/A	No bacterial or archaeal marker
3_binette_bin43.fasta	Unclassified Bacteria	N/A	N/A	N/A	N/A	N/A	N/A	N/A	N/A	N/A	N/A	N/A	N/A	N/A	N/A	N/A	N/A	N/A	Insufficient number of amino acids in MSA (2.2%)
3_binette_bin44.fasta	Unclassified	N/A	N/A	N/A	N/A	N/A	N/A	N/A	N/A	N/A	N/A	N/A	N/A	N/A	N/A	N/A	N/A	N/A	No bacterial or archaeal marker
3_binette_bin45.fasta	Unclassified	N/A	N/A	N/A	N/A	N/A	N/A	N/A	N/A	N/A	N/A	N/A	N/A	N/A	N/A	N/A	N/A	N/A	No bacterial or archaeal marker
3_binette_bin46.fasta	Unclassified	N/A	N/A	N/A	N/A	N/A	N/A	N/A	N/A	N/A	N/A	N/A	N/A	N/A	N/A	N/A	N/A	N/A	No bacterial or archaeal marker
3_binette_bin47.fasta	Unclassified	N/A	N/A	N/A	N/A	N/A	N/A	N/A	N/A	N/A	N/A	N/A	N/A	N/A	N/A	N/A	N/A	N/A	No bacterial or archaeal marker
3_binette_bin48.fasta	Unclassified	N/A	N/A	N/A	N/A	N/A	N/A	N/A	N/A	N/A	N/A	N/A	N/A	N/A	N/A	N/A	N/A	N/A	No bacterial or archaeal marker
3_binette_bin49.fasta	Unclassified	N/A	N/A	N/A	N/A	N/A	N/A	N/A	N/A	N/A	N/A	N/A	N/A	N/A	N/A	N/A	N/A	N/A	No bacterial or archaeal marker
3_binette_bin5.fasta	Unclassified	N/A	N/A	N/A	N/A	N/A	N/A	N/A	N/A	N/A	N/A	N/A	N/A	N/A	N/A	N/A	N/A	N/A	No bacterial or archaeal marker
3_binette_bin50.fasta	Unclassified	N/A	N/A	N/A	N/A	N/A	N/A	N/A	N/A	N/A	N/A	N/A	N/A	N/A	N/A	N/A	N/A	N/A	No bacterial or archaeal marker
3_binette_bin51.fasta	Unclassified	N/A	N/A	N/A	N/A	N/A	N/A	N/A	N/A	N/A	N/A	N/A	N/A	N/A	N/A	N/A	N/A	N/A	No bacterial or archaeal marker
3_binette_bin52.fasta	Unclassified	N/A	N/A	N/A	N/A	N/A	N/A	N/A	N/A	N/A	N/A	N/A	N/A	N/A	N/A	N/A	N/A	N/A	No bacterial or archaeal marker
3_binette_bin53.fasta	Unclassified	N/A	N/A	N/A	N/A	N/A	N/A	N/A	N/A	N/A	N/A	N/A	N/A	N/A	N/A	N/A	N/A	N/A	No bacterial or archaeal marker
3_binette_bin54.fasta	Unclassified	N/A	N/A	N/A	N/A	N/A	N/A	N/A	N/A	N/A	N/A	N/A	N/A	N/A	N/A	N/A	N/A	N/A	No bacterial or archaeal marker
3_binette_bin56.fasta	Unclassified	N/A	N/A	N/A	N/A	N/A	N/A	N/A	N/A	N/A	N/A	N/A	N/A	N/A	N/A	N/A	N/A	N/A	No bacterial or archaeal marker
3_binette_bin57.fasta	Unclassified	N/A	N/A	N/A	N/A	N/A	N/A	N/A	N/A	N/A	N/A	N/A	N/A	N/A	N/A	N/A	N/A	N/A	No bacterial or archaeal marker
3_binette_bin58.fasta	Unclassified	N/A	N/A	N/A	N/A	N/A	N/A	N/A	N/A	N/A	N/A	N/A	N/A	N/A	N/A	N/A	N/A	N/A	No bacterial or archaeal marker
3_binette_bin59.fasta	Unclassified	N/A	N/A	N/A	N/A	N/A	N/A	N/A	N/A	N/A	N/A	N/A	N/A	N/A	N/A	N/A	N/A	N/A	No bacterial or archaeal marker
3_binette_bin6.fasta	Unclassified	N/A	N/A	N/A	N/A	N/A	N/A	N/A	N/A	N/A	N/A	N/A	N/A	N/A	N/A	N/A	N/A	N/A	No bacterial or archaeal marker
3_binette_bin60.fasta	Unclassified	N/A	N/A	N/A	N/A	N/A	N/A	N/A	N/A	N/A	N/A	N/A	N/A	N/A	N/A	N/A	N/A	N/A	No bacterial or archaeal marker
3_binette_bin61.fasta	Unclassified	N/A	N/A	N/A	N/A	N/A	N/A	N/A	N/A	N/A	N/A	N/A	N/A	N/A	N/A	N/A	N/A	N/A	No bacterial or archaeal marker
3_binette_bin62.fasta	Unclassified	N/A	N/A	N/A	N/A	N/A	N/A	N/A	N/A	N/A	N/A	N/A	N/A	N/A	N/A	N/A	N/A	N/A	No bacterial or archaeal marker
3_binette_bin63.fasta	Unclassified	N/A	N/A	N/A	N/A	N/A	N/A	N/A	N/A	N/A	N/A	N/A	N/A	N/A	N/A	N/A	N/A	N/A	No bacterial or archaeal marker
3_binette_bin64.fasta	Unclassified	N/A	N/A	N/A	N/A	N/A	N/A	N/A	N/A	N/A	N/A	N/A	N/A	N/A	N/A	N/A	N/A	N/A	No bacterial or archaeal marker
3_binette_bin65.fasta	Unclassified	N/A	N/A	N/A	N/A	N/A	N/A	N/A	N/A	N/A	N/A	N/A	N/A	N/A	N/A	N/A	N/A	N/A	No bacterial or archaeal marker
3_binette_bin67.fasta	Unclassified	N/A	N/A	N/A	N/A	N/A	N/A	N/A	N/A	N/A	N/A	N/A	N/A	N/A	N/A	N/A	N/A	N/A	No bacterial or archaeal marker
3_binette_bin68.fasta	Unclassified	N/A	N/A	N/A	N/A	N/A	N/A	N/A	N/A	N/A	N/A	N/A	N/A	N/A	N/A	N/A	N/A	N/A	No bacterial or archaeal marker
3_binette_bin69.fasta	Unclassified	N/A	N/A	N/A	N/A	N/A	N/A	N/A	N/A	N/A	N/A	N/A	N/A	N/A	N/A	N/A	N/A	N/A	No bacterial or archaeal marker
3_binette_bin7.fasta	Unclassified	N/A	N/A	N/A	N/A	N/A	N/A	N/A	N/A	N/A	N/A	N/A	N/A	N/A	N/A	N/A	N/A	N/A	No bacterial or archaeal marker
3_binette_bin70.fasta	Unclassified	N/A	N/A	N/A	N/A	N/A	N/A	N/A	N/A	N/A	N/A	N/A	N/A	N/A	N/A	N/A	N/A	N/A	No bacterial or archaeal marker
3_binette_bin71.fasta	Unclassified	N/A	N/A	N/A	N/A	N/A	N/A	N/A	N/A	N/A	N/A	N/A	N/A	N/A	N/A	N/A	N/A	N/A	No bacterial or archaeal marker
3_binette_bin72.fasta	Unclassified	N/A	N/A	N/A	N/A	N/A	N/A	N/A	N/A	N/A	N/A	N/A	N/A	N/A	N/A	N/A	N/A	N/A	No bacterial or archaeal marker
3_binette_bin73.fasta	Unclassified	N/A	N/A	N/A	N/A	N/A	N/A	N/A	N/A	N/A	N/A	N/A	N/A	N/A	N/A	N/A	N/A	N/A	No bacterial or archaeal marker
3_binette_bin74.fasta	Unclassified Bacteria	N/A	N/A	N/A	N/A	N/A	N/A	N/A	N/A	N/A	N/A	N/A	N/A	N/A	N/A	N/A	N/A	N/A	Insufficient number of amino acids in MSA (0.3%)
3_binette_bin75.fasta	Unclassified	N/A	N/A	N/A	N/A	N/A	N/A	N/A	N/A	N/A	N/A	N/A	N/A	N/A	N/A	N/A	N/A	N/A	No bacterial or archaeal marker
3_binette_bin76.fasta	Unclassified	N/A	N/A	N/A	N/A	N/A	N/A	N/A	N/A	N/A	N/A	N/A	N/A	N/A	N/A	N/A	N/A	N/A	No bacterial or archaeal marker
3_binette_bin77.fasta	Unclassified	N/A	N/A	N/A	N/A	N/A	N/A	N/A	N/A	N/A	N/A	N/A	N/A	N/A	N/A	N/A	N/A	N/A	No bacterial or archaeal marker
3_binette_bin78.fasta	Unclassified	N/A	N/A	N/A	N/A	N/A	N/A	N/A	N/A	N/A	N/A	N/A	N/A	N/A	N/A	N/A	N/A	N/A	No bacterial or archaeal marker
3_binette_bin79.fasta	Unclassified	N/A	N/A	N/A	N/A	N/A	N/A	N/A	N/A	N/A	N/A	N/A	N/A	N/A	N/A	N/A	N/A	N/A	No bacterial or archaeal marker
3_binette_bin8.fasta	Unclassified	N/A	N/A	N/A	N/A	N/A	N/A	N/A	N/A	N/A	N/A	N/A	N/A	N/A	N/A	N/A	N/A	N/A	No bacterial or archaeal marker
3_binette_bin80.fasta	Unclassified	N/A	N/A	N/A	N/A	N/A	N/A	N/A	N/A	N/A	N/A	N/A	N/A	N/A	N/A	N/A	N/A	N/A	No bacterial or archaeal marker
3_binette_bin81.fasta	Unclassified	N/A	N/A	N/A	N/A	N/A	N/A	N/A	N/A	N/A	N/A	N/A	N/A	N/A	N/A	N/A	N/A	N/A	No bacterial or archaeal marker
3_binette_bin82.fasta	Unclassified Bacteria	N/A	N/A	N/A	N/A	N/A	N/A	N/A	N/A	N/A	N/A	N/A	N/A	N/A	N/A	N/A	N/A	N/A	Insufficient number of amino acids in MSA (1.5%)
3_binette_bin83.fasta	Unclassified	N/A	N/A	N/A	N/A	N/A	N/A	N/A	N/A	N/A	N/A	N/A	N/A	N/A	N/A	N/A	N/A	N/A	No bacterial or archaeal marker
3_binette_bin84.fasta	Unclassified	N/A	N/A	N/A	N/A	N/A	N/A	N/A	N/A	N/A	N/A	N/A	N/A	N/A	N/A	N/A	N/A	N/A	No bacterial or archaeal marker
3_binette_bin85.fasta	Unclassified	N/A	N/A	N/A	N/A	N/A	N/A	N/A	N/A	N/A	N/A	N/A	N/A	N/A	N/A	N/A	N/A	N/A	No bacterial or archaeal marker
3_binette_bin86.fasta	Unclassified	N/A	N/A	N/A	N/A	N/A	N/A	N/A	N/A	N/A	N/A	N/A	N/A	N/A	N/A	N/A	N/A	N/A	No bacterial or archaeal marker
3_binette_bin87.fasta	Unclassified	N/A	N/A	N/A	N/A	N/A	N/A	N/A	N/A	N/A	N/A	N/A	N/A	N/A	N/A	N/A	N/A	N/A	No bacterial or archaeal marker
3_binette_bin88.fasta	Unclassified	N/A	N/A	N/A	N/A	N/A	N/A	N/A	N/A	N/A	N/A	N/A	N/A	N/A	N/A	N/A	N/A	N/A	No bacterial or archaeal marker
3_binette_bin89.fasta	Unclassified	N/A	N/A	N/A	N/A	N/A	N/A	N/A	N/A	N/A	N/A	N/A	N/A	N/A	N/A	N/A	N/A	N/A	No bacterial or archaeal marker
3_binette_bin9.fasta	Unclassified	N/A	N/A	N/A	N/A	N/A	N/A	N/A	N/A	N/A	N/A	N/A	N/A	N/A	N/A	N/A	N/A	N/A	No bacterial or archaeal marker
3_binette_bin90.fasta	Unclassified	N/A	N/A	N/A	N/A	N/A	N/A	N/A	N/A	N/A	N/A	N/A	N/A	N/A	N/A	N/A	N/A	N/A	No bacterial or archaeal marker
3_binette_bin91.fasta	Unclassified	N/A	N/A	N/A	N/A	N/A	N/A	N/A	N/A	N/A	N/A	N/A	N/A	N/A	N/A	N/A	N/A	N/A	No bacterial or archaeal marker
3_binette_bin92.fasta	Unclassified	N/A	N/A	N/A	N/A	N/A	N/A	N/A	N/A	N/A	N/A	N/A	N/A	N/A	N/A	N/A	N/A	N/A	No bacterial or archaeal marker
3_binette_bin93.fasta	Unclassified	N/A	N/A	N/A	N/A	N/A	N/A	N/A	N/A	N/A	N/A	N/A	N/A	N/A	N/A	N/A	N/A	N/A	No bacterial or archaeal marker
3_binette_bin94.fasta	Unclassified	N/A	N/A	N/A	N/A	N/A	N/A	N/A	N/A	N/A	N/A	N/A	N/A	N/A	N/A	N/A	N/A	N/A	No bacterial or archaeal marker
3_binette_bin95.fasta	Unclassified	N/A	N/A	N/A	N/A	N/A	N/A	N/A	N/A	N/A	N/A	N/A	N/A	N/A	N/A	N/A	N/A	N/A	No bacterial or archaeal marker
3_binette_bin96.fasta	Unclassified	N/A	N/A	N/A	N/A	N/A	N/A	N/A	N/A	N/A	N/A	N/A	N/A	N/A	N/A	N/A	N/A	N/A	No bacterial or archaeal marker
3_binette_bin97.fasta	Unclassified	N/A	N/A	N/A	N/A	N/A	N/A	N/A	N/A	N/A	N/A	N/A	N/A	N/A	N/A	N/A	N/A	N/A	No bacterial or archaeal marker
3_binette_bin98.fasta	Unclassified	N/A	N/A	N/A	N/A	N/A	N/A	N/A	N/A	N/A	N/A	N/A	N/A	N/A	N/A	N/A	N/A	N/A	No bacterial or archaeal marker
3_binette_bin99.fasta	Unclassified	N/A	N/A	N/A	N/A	N/A	N/A	N/A	N/A	N/A	N/A	N/A	N/A	N/A	N/A	N/A	N/A	N/A	No bacterial or archaeal marker
4_binette_bin1.fasta	d__Bacteria;p__Deinococcota;c__Deinococci;o__Deinococcales;f__Trueperaceae;g__Truepera;s__Truepera radiovictrix	GCF_000092425.1	95.0	d__Bacteria;p__Deinococcota;c__Deinococci;o__Deinococcales;f__Trueperaceae;g__Truepera;s__Truepera radiovictrix	99.98	0.998	GCF_000092425.1	95.0	d__Bacteria;p__Deinococcota;c__Deinococci;o__Deinococcales;f__Trueperaceae;g__Truepera;s__Truepera radiovictrix	99.98	0.998	d__Bacteria;p__Deinococcota;c__Deinococci;o__Deinococcales;f__Trueperaceae;g__Truepera;s__	taxonomic classification defined by topology and ANI	topological placement and ANI have congruent species assignments	N/A	91.04	11	N/A	N/A
4_binette_bin10.fasta	Unclassified	N/A	N/A	N/A	N/A	N/A	N/A	N/A	N/A	N/A	N/A	N/A	N/A	N/A	N/A	N/A	N/A	N/A	No bacterial or archaeal marker
4_binette_bin101.fasta	Unclassified	N/A	N/A	N/A	N/A	N/A	N/A	N/A	N/A	N/A	N/A	N/A	N/A	N/A	N/A	N/A	N/A	N/A	No bacterial or archaeal marker
4_binette_bin102.fasta	Unclassified	N/A	N/A	N/A	N/A	N/A	N/A	N/A	N/A	N/A	N/A	N/A	N/A	N/A	N/A	N/A	N/A	N/A	No bacterial or archaeal marker
4_binette_bin103.fasta	Unclassified	N/A	N/A	N/A	N/A	N/A	N/A	N/A	N/A	N/A	N/A	N/A	N/A	N/A	N/A	N/A	N/A	N/A	No bacterial or archaeal marker
4_binette_bin104.fasta	Unclassified	N/A	N/A	N/A	N/A	N/A	N/A	N/A	N/A	N/A	N/A	N/A	N/A	N/A	N/A	N/A	N/A	N/A	No bacterial or archaeal marker
4_binette_bin108.fasta	Unclassified	N/A	N/A	N/A	N/A	N/A	N/A	N/A	N/A	N/A	N/A	N/A	N/A	N/A	N/A	N/A	N/A	N/A	No bacterial or archaeal marker
4_binette_bin109.fasta	Unclassified	N/A	N/A	N/A	N/A	N/A	N/A	N/A	N/A	N/A	N/A	N/A	N/A	N/A	N/A	N/A	N/A	N/A	No bacterial or archaeal marker
4_binette_bin11.fasta	Unclassified	N/A	N/A	N/A	N/A	N/A	N/A	N/A	N/A	N/A	N/A	N/A	N/A	N/A	N/A	N/A	N/A	N/A	No bacterial or archaeal marker
4_binette_bin110.fasta	Unclassified	N/A	N/A	N/A	N/A	N/A	N/A	N/A	N/A	N/A	N/A	N/A	N/A	N/A	N/A	N/A	N/A	N/A	No bacterial or archaeal marker
4_binette_bin111.fasta	Unclassified	N/A	N/A	N/A	N/A	N/A	N/A	N/A	N/A	N/A	N/A	N/A	N/A	N/A	N/A	N/A	N/A	N/A	No bacterial or archaeal marker
4_binette_bin112.fasta	Unclassified	N/A	N/A	N/A	N/A	N/A	N/A	N/A	N/A	N/A	N/A	N/A	N/A	N/A	N/A	N/A	N/A	N/A	No bacterial or archaeal marker
4_binette_bin113.fasta	Unclassified	N/A	N/A	N/A	N/A	N/A	N/A	N/A	N/A	N/A	N/A	N/A	N/A	N/A	N/A	N/A	N/A	N/A	No bacterial or archaeal marker
4_binette_bin116.fasta	Unclassified	N/A	N/A	N/A	N/A	N/A	N/A	N/A	N/A	N/A	N/A	N/A	N/A	N/A	N/A	N/A	N/A	N/A	No bacterial or archaeal marker
4_binette_bin117.fasta	Unclassified	N/A	N/A	N/A	N/A	N/A	N/A	N/A	N/A	N/A	N/A	N/A	N/A	N/A	N/A	N/A	N/A	N/A	No bacterial or archaeal marker
4_binette_bin119.fasta	Unclassified	N/A	N/A	N/A	N/A	N/A	N/A	N/A	N/A	N/A	N/A	N/A	N/A	N/A	N/A	N/A	N/A	N/A	No bacterial or archaeal marker
4_binette_bin12.fasta	Unclassified Bacteria	N/A	N/A	N/A	N/A	N/A	N/A	N/A	N/A	N/A	N/A	N/A	N/A	N/A	N/A	N/A	N/A	N/A	Insufficient number of amino acids in MSA (0.8%)
4_binette_bin120.fasta	Unclassified	N/A	N/A	N/A	N/A	N/A	N/A	N/A	N/A	N/A	N/A	N/A	N/A	N/A	N/A	N/A	N/A	N/A	No bacterial or archaeal marker
4_binette_bin121.fasta	Unclassified	N/A	N/A	N/A	N/A	N/A	N/A	N/A	N/A	N/A	N/A	N/A	N/A	N/A	N/A	N/A	N/A	N/A	No bacterial or archaeal marker
4_binette_bin122.fasta	Unclassified	N/A	N/A	N/A	N/A	N/A	N/A	N/A	N/A	N/A	N/A	N/A	N/A	N/A	N/A	N/A	N/A	N/A	No bacterial or archaeal marker
4_binette_bin123.fasta	Unclassified	N/A	N/A	N/A	N/A	N/A	N/A	N/A	N/A	N/A	N/A	N/A	N/A	N/A	N/A	N/A	N/A	N/A	No bacterial or archaeal marker
4_binette_bin124.fasta	Unclassified	N/A	N/A	N/A	N/A	N/A	N/A	N/A	N/A	N/A	N/A	N/A	N/A	N/A	N/A	N/A	N/A	N/A	No bacterial or archaeal marker
4_binette_bin125.fasta	Unclassified	N/A	N/A	N/A	N/A	N/A	N/A	N/A	N/A	N/A	N/A	N/A	N/A	N/A	N/A	N/A	N/A	N/A	No bacterial or archaeal marker
4_binette_bin126.fasta	Unclassified	N/A	N/A	N/A	N/A	N/A	N/A	N/A	N/A	N/A	N/A	N/A	N/A	N/A	N/A	N/A	N/A	N/A	No bacterial or archaeal marker
4_binette_bin127.fasta	Unclassified	N/A	N/A	N/A	N/A	N/A	N/A	N/A	N/A	N/A	N/A	N/A	N/A	N/A	N/A	N/A	N/A	N/A	No bacterial or archaeal marker
4_binette_bin128.fasta	Unclassified	N/A	N/A	N/A	N/A	N/A	N/A	N/A	N/A	N/A	N/A	N/A	N/A	N/A	N/A	N/A	N/A	N/A	No bacterial or archaeal marker
4_binette_bin129.fasta	Unclassified	N/A	N/A	N/A	N/A	N/A	N/A	N/A	N/A	N/A	N/A	N/A	N/A	N/A	N/A	N/A	N/A	N/A	No bacterial or archaeal marker
4_binette_bin13.fasta	Unclassified	N/A	N/A	N/A	N/A	N/A	N/A	N/A	N/A	N/A	N/A	N/A	N/A	N/A	N/A	N/A	N/A	N/A	No bacterial or archaeal marker
4_binette_bin130.fasta	Unclassified	N/A	N/A	N/A	N/A	N/A	N/A	N/A	N/A	N/A	N/A	N/A	N/A	N/A	N/A	N/A	N/A	N/A	No bacterial or archaeal marker
4_binette_bin131.fasta	Unclassified	N/A	N/A	N/A	N/A	N/A	N/A	N/A	N/A	N/A	N/A	N/A	N/A	N/A	N/A	N/A	N/A	N/A	No bacterial or archaeal marker
4_binette_bin132.fasta	Unclassified	N/A	N/A	N/A	N/A	N/A	N/A	N/A	N/A	N/A	N/A	N/A	N/A	N/A	N/A	N/A	N/A	N/A	No bacterial or archaeal marker
4_binette_bin133.fasta	Unclassified	N/A	N/A	N/A	N/A	N/A	N/A	N/A	N/A	N/A	N/A	N/A	N/A	N/A	N/A	N/A	N/A	N/A	No bacterial or archaeal marker
4_binette_bin134.fasta	Unclassified	N/A	N/A	N/A	N/A	N/A	N/A	N/A	N/A	N/A	N/A	N/A	N/A	N/A	N/A	N/A	N/A	N/A	No bacterial or archaeal marker
4_binette_bin135.fasta	Unclassified	N/A	N/A	N/A	N/A	N/A	N/A	N/A	N/A	N/A	N/A	N/A	N/A	N/A	N/A	N/A	N/A	N/A	No bacterial or archaeal marker
4_binette_bin136.fasta	Unclassified	N/A	N/A	N/A	N/A	N/A	N/A	N/A	N/A	N/A	N/A	N/A	N/A	N/A	N/A	N/A	N/A	N/A	No bacterial or archaeal marker
4_binette_bin137.fasta	Unclassified	N/A	N/A	N/A	N/A	N/A	N/A	N/A	N/A	N/A	N/A	N/A	N/A	N/A	N/A	N/A	N/A	N/A	No bacterial or archaeal marker
4_binette_bin138.fasta	Unclassified	N/A	N/A	N/A	N/A	N/A	N/A	N/A	N/A	N/A	N/A	N/A	N/A	N/A	N/A	N/A	N/A	N/A	No bacterial or archaeal marker
4_binette_bin139.fasta	Unclassified	N/A	N/A	N/A	N/A	N/A	N/A	N/A	N/A	N/A	N/A	N/A	N/A	N/A	N/A	N/A	N/A	N/A	No bacterial or archaeal marker
4_binette_bin14.fasta	Unclassified	N/A	N/A	N/A	N/A	N/A	N/A	N/A	N/A	N/A	N/A	N/A	N/A	N/A	N/A	N/A	N/A	N/A	No bacterial or archaeal marker
4_binette_bin140.fasta	Unclassified	N/A	N/A	N/A	N/A	N/A	N/A	N/A	N/A	N/A	N/A	N/A	N/A	N/A	N/A	N/A	N/A	N/A	No bacterial or archaeal marker
4_binette_bin15.fasta	Unclassified	N/A	N/A	N/A	N/A	N/A	N/A	N/A	N/A	N/A	N/A	N/A	N/A	N/A	N/A	N/A	N/A	N/A	No bacterial or archaeal marker
4_binette_bin17.fasta	Unclassified	N/A	N/A	N/A	N/A	N/A	N/A	N/A	N/A	N/A	N/A	N/A	N/A	N/A	N/A	N/A	N/A	N/A	No bacterial or archaeal marker
4_binette_bin18.fasta	Unclassified	N/A	N/A	N/A	N/A	N/A	N/A	N/A	N/A	N/A	N/A	N/A	N/A	N/A	N/A	N/A	N/A	N/A	No bacterial or archaeal marker
4_binette_bin19.fasta	Unclassified Bacteria	N/A	N/A	N/A	N/A	N/A	N/A	N/A	N/A	N/A	N/A	N/A	N/A	N/A	N/A	N/A	N/A	N/A	Insufficient number of amino acids in MSA (3.2%)
4_binette_bin20.fasta	Unclassified	N/A	N/A	N/A	N/A	N/A	N/A	N/A	N/A	N/A	N/A	N/A	N/A	N/A	N/A	N/A	N/A	N/A	No bacterial or archaeal marker
4_binette_bin21.fasta	Unclassified	N/A	N/A	N/A	N/A	N/A	N/A	N/A	N/A	N/A	N/A	N/A	N/A	N/A	N/A	N/A	N/A	N/A	No bacterial or archaeal marker
4_binette_bin22.fasta	Unclassified	N/A	N/A	N/A	N/A	N/A	N/A	N/A	N/A	N/A	N/A	N/A	N/A	N/A	N/A	N/A	N/A	N/A	No bacterial or archaeal marker
4_binette_bin23.fasta	Unclassified	N/A	N/A	N/A	N/A	N/A	N/A	N/A	N/A	N/A	N/A	N/A	N/A	N/A	N/A	N/A	N/A	N/A	No bacterial or archaeal marker
4_binette_bin24.fasta	Unclassified	N/A	N/A	N/A	N/A	N/A	N/A	N/A	N/A	N/A	N/A	N/A	N/A	N/A	N/A	N/A	N/A	N/A	No bacterial or archaeal marker
4_binette_bin25.fasta	Unclassified	N/A	N/A	N/A	N/A	N/A	N/A	N/A	N/A	N/A	N/A	N/A	N/A	N/A	N/A	N/A	N/A	N/A	No bacterial or archaeal marker
4_binette_bin29.fasta	Unclassified	N/A	N/A	N/A	N/A	N/A	N/A	N/A	N/A	N/A	N/A	N/A	N/A	N/A	N/A	N/A	N/A	N/A	No bacterial or archaeal marker
4_binette_bin32.fasta	Unclassified	N/A	N/A	N/A	N/A	N/A	N/A	N/A	N/A	N/A	N/A	N/A	N/A	N/A	N/A	N/A	N/A	N/A	No bacterial or archaeal marker
4_binette_bin4.fasta	Unclassified Bacteria	N/A	N/A	N/A	N/A	N/A	N/A	N/A	N/A	N/A	N/A	N/A	N/A	N/A	N/A	N/A	N/A	N/A	Insufficient number of amino acids in MSA (0.8%)
4_binette_bin44.fasta	Unclassified	N/A	N/A	N/A	N/A	N/A	N/A	N/A	N/A	N/A	N/A	N/A	N/A	N/A	N/A	N/A	N/A	N/A	No bacterial or archaeal marker
4_binette_bin5.fasta	Unclassified	N/A	N/A	N/A	N/A	N/A	N/A	N/A	N/A	N/A	N/A	N/A	N/A	N/A	N/A	N/A	N/A	N/A	No bacterial or archaeal marker
4_binette_bin6.fasta	Unclassified	N/A	N/A	N/A	N/A	N/A	N/A	N/A	N/A	N/A	N/A	N/A	N/A	N/A	N/A	N/A	N/A	N/A	No bacterial or archaeal marker
4_binette_bin7.fasta	Unclassified	N/A	N/A	N/A	N/A	N/A	N/A	N/A	N/A	N/A	N/A	N/A	N/A	N/A	N/A	N/A	N/A	N/A	No bacterial or archaeal marker
4_binette_bin8.fasta	Unclassified	N/A	N/A	N/A	N/A	N/A	N/A	N/A	N/A	N/A	N/A	N/A	N/A	N/A	N/A	N/A	N/A	N/A	No bacterial or archaeal marker
4_binette_bin82.fasta	Unclassified	N/A	N/A	N/A	N/A	N/A	N/A	N/A	N/A	N/A	N/A	N/A	N/A	N/A	N/A	N/A	N/A	N/A	No bacterial or archaeal marker
5_binette_bin1.fasta	d__Bacteria;p__Pseudomonadota;c__Alphaproteobacteria;o__Rickettsiales;f__Anaplasmataceae;g__Wolbachia;s__Wolbachia sp000829315	GCF_000829315.1	95.0	d__Bacteria;p__Pseudomonadota;c__Alphaproteobacteria;o__Rickettsiales;f__Anaplasmataceae;g__Wolbachia;s__Wolbachia sp000829315	95.76	0.653	GCF_000829315.1	95.0	d__Bacteria;p__Pseudomonadota;c__Alphaproteobacteria;o__Rickettsiales;f__Anaplasmataceae;g__Wolbachia;s__Wolbachia sp000829315	95.76	0.653	d__Bacteria;p__Pseudomonadota;c__Alphaproteobacteria;o__Rickettsiales;f__Anaplasmataceae;g__Wolbachia;s__	taxonomic classification defined by topology and ANI	topological placement and ANI have congruent species assignments	GCA_031281335.1, s__Wolbachia sp031281335, 95.08, 94.87, 0.683; GCA_031286185.1, s__Wolbachia sp031286185, 95.0, 94.54, 0.601; GCA_028571325.1, s__Wolbachia sp028571325, 95.0, 94.29, 0.565; GCA_031266615.1, s__Wolbachia sp031266615, 95.0, 94.11, 0.603; GCF_023661085.1, s__Wolbachia sp902636395, 95.0, 93.47, 0.597; GCF_020278625.1, s__Wolbachia sp020278625, 95.0, 91.31, 0.57; GCF_012277315.1, s__Wolbachia sp012277315, 95.0, 87.14, 0.223; GCF_030373985.1, s__Wolbachia pipientis_D, 95.0, 85.42, 0.209; GCA_031284675.1, s__Wolbachia sp031284675, 95.0, 84.47, 0.176	84.61	11	N/A	N/A
5_binette_bin28.fasta	Unclassified	N/A	N/A	N/A	N/A	N/A	N/A	N/A	N/A	N/A	N/A	N/A	N/A	N/A	N/A	N/A	N/A	N/A	No bacterial or archaeal marker
5_binette_bin3.fasta	Unclassified Bacteria	N/A	N/A	N/A	N/A	N/A	N/A	N/A	N/A	N/A	N/A	N/A	N/A	N/A	N/A	N/A	N/A	N/A	Insufficient number of amino acids in MSA (0.7%)
5_binette_bin49.fasta	Unclassified	N/A	N/A	N/A	N/A	N/A	N/A	N/A	N/A	N/A	N/A	N/A	N/A	N/A	N/A	N/A	N/A	N/A	No bacterial or archaeal marker
6_binette_bin20.fasta	Unclassified	N/A	N/A	N/A	N/A	N/A	N/A	N/A	N/A	N/A	N/A	N/A	N/A	N/A	N/A	N/A	N/A	N/A	No bacterial or archaeal marker
6_binette_bin35.fasta	Unclassified	N/A	N/A	N/A	N/A	N/A	N/A	N/A	N/A	N/A	N/A	N/A	N/A	N/A	N/A	N/A	N/A	N/A	No bacterial or archaeal marker
6_binette_bin36.fasta	Unclassified	N/A	N/A	N/A	N/A	N/A	N/A	N/A	N/A	N/A	N/A	N/A	N/A	N/A	N/A	N/A	N/A	N/A	No bacterial or archaeal marker
6_binette_bin37.fasta	Unclassified	N/A	N/A	N/A	N/A	N/A	N/A	N/A	N/A	N/A	N/A	N/A	N/A	N/A	N/A	N/A	N/A	N/A	No bacterial or archaeal marker
7_binette_bin12.fasta	Unclassified	N/A	N/A	N/A	N/A	N/A	N/A	N/A	N/A	N/A	N/A	N/A	N/A	N/A	N/A	N/A	N/A	N/A	No bacterial or archaeal marker
7_binette_bin15.fasta	Unclassified	N/A	N/A	N/A	N/A	N/A	N/A	N/A	N/A	N/A	N/A	N/A	N/A	N/A	N/A	N/A	N/A	N/A	No bacterial or archaeal marker
7_binette_bin18.fasta	Unclassified	N/A	N/A	N/A	N/A	N/A	N/A	N/A	N/A	N/A	N/A	N/A	N/A	N/A	N/A	N/A	N/A	N/A	No bacterial or archaeal marker
7_binette_bin25.fasta	Unclassified	N/A	N/A	N/A	N/A	N/A	N/A	N/A	N/A	N/A	N/A	N/A	N/A	N/A	N/A	N/A	N/A	N/A	No bacterial or archaeal marker
7_binette_bin3.fasta	Unclassified	N/A	N/A	N/A	N/A	N/A	N/A	N/A	N/A	N/A	N/A	N/A	N/A	N/A	N/A	N/A	N/A	N/A	No bacterial or archaeal marker
7_binette_bin4.fasta	Unclassified	N/A	N/A	N/A	N/A	N/A	N/A	N/A	N/A	N/A	N/A	N/A	N/A	N/A	N/A	N/A	N/A	N/A	No bacterial or archaeal marker
7_binette_bin5.fasta	Unclassified	N/A	N/A	N/A	N/A	N/A	N/A	N/A	N/A	N/A	N/A	N/A	N/A	N/A	N/A	N/A	N/A	N/A	No bacterial or archaeal marker
7_binette_bin6.fasta	Unclassified	N/A	N/A	N/A	N/A	N/A	N/A	N/A	N/A	N/A	N/A	N/A	N/A	N/A	N/A	N/A	N/A	N/A	No bacterial or archaeal marker
7_binette_bin63.fasta	Unclassified	N/A	N/A	N/A	N/A	N/A	N/A	N/A	N/A	N/A	N/A	N/A	N/A	N/A	N/A	N/A	N/A	N/A	No bacterial or archaeal marker
7_binette_bin65.fasta	Unclassified	N/A	N/A	N/A	N/A	N/A	N/A	N/A	N/A	N/A	N/A	N/A	N/A	N/A	N/A	N/A	N/A	N/A	No bacterial or archaeal marker
7_binette_bin66.fasta	Unclassified	N/A	N/A	N/A	N/A	N/A	N/A	N/A	N/A	N/A	N/A	N/A	N/A	N/A	N/A	N/A	N/A	N/A	No bacterial or archaeal marker
7_binette_bin67.fasta	Unclassified	N/A	N/A	N/A	N/A	N/A	N/A	N/A	N/A	N/A	N/A	N/A	N/A	N/A	N/A	N/A	N/A	N/A	No bacterial or archaeal marker
7_binette_bin68.fasta	Unclassified	N/A	N/A	N/A	N/A	N/A	N/A	N/A	N/A	N/A	N/A	N/A	N/A	N/A	N/A	N/A	N/A	N/A	No bacterial or archaeal marker
7_binette_bin69.fasta	Unclassified	N/A	N/A	N/A	N/A	N/A	N/A	N/A	N/A	N/A	N/A	N/A	N/A	N/A	N/A	N/A	N/A	N/A	No bacterial or archaeal marker
7_binette_bin7.fasta	Unclassified	N/A	N/A	N/A	N/A	N/A	N/A	N/A	N/A	N/A	N/A	N/A	N/A	N/A	N/A	N/A	N/A	N/A	No bacterial or archaeal marker
7_binette_bin70.fasta	Unclassified	N/A	N/A	N/A	N/A	N/A	N/A	N/A	N/A	N/A	N/A	N/A	N/A	N/A	N/A	N/A	N/A	N/A	No bacterial or archaeal marker
7_binette_bin71.fasta	Unclassified	N/A	N/A	N/A	N/A	N/A	N/A	N/A	N/A	N/A	N/A	N/A	N/A	N/A	N/A	N/A	N/A	N/A	No bacterial or archaeal marker
7_binette_bin72.fasta	Unclassified	N/A	N/A	N/A	N/A	N/A	N/A	N/A	N/A	N/A	N/A	N/A	N/A	N/A	N/A	N/A	N/A	N/A	No bacterial or archaeal marker
7_binette_bin73.fasta	Unclassified	N/A	N/A	N/A	N/A	N/A	N/A	N/A	N/A	N/A	N/A	N/A	N/A	N/A	N/A	N/A	N/A	N/A	No bacterial or archaeal marker
7_binette_bin74.fasta	Unclassified	N/A	N/A	N/A	N/A	N/A	N/A	N/A	N/A	N/A	N/A	N/A	N/A	N/A	N/A	N/A	N/A	N/A	No bacterial or archaeal marker
7_binette_bin77.fasta	Unclassified	N/A	N/A	N/A	N/A	N/A	N/A	N/A	N/A	N/A	N/A	N/A	N/A	N/A	N/A	N/A	N/A	N/A	No bacterial or archaeal marker
7_binette_bin78.fasta	Unclassified	N/A	N/A	N/A	N/A	N/A	N/A	N/A	N/A	N/A	N/A	N/A	N/A	N/A	N/A	N/A	N/A	N/A	No bacterial or archaeal marker
7_binette_bin79.fasta	Unclassified	N/A	N/A	N/A	N/A	N/A	N/A	N/A	N/A	N/A	N/A	N/A	N/A	N/A	N/A	N/A	N/A	N/A	No bacterial or archaeal marker
7_binette_bin8.fasta	Unclassified	N/A	N/A	N/A	N/A	N/A	N/A	N/A	N/A	N/A	N/A	N/A	N/A	N/A	N/A	N/A	N/A	N/A	No bacterial or archaeal marker
7_binette_bin80.fasta	Unclassified	N/A	N/A	N/A	N/A	N/A	N/A	N/A	N/A	N/A	N/A	N/A	N/A	N/A	N/A	N/A	N/A	N/A	No bacterial or archaeal marker
7_binette_bin81.fasta	Unclassified	N/A	N/A	N/A	N/A	N/A	N/A	N/A	N/A	N/A	N/A	N/A	N/A	N/A	N/A	N/A	N/A	N/A	No bacterial or archaeal marker
7_binette_bin82.fasta	Unclassified	N/A	N/A	N/A	N/A	N/A	N/A	N/A	N/A	N/A	N/A	N/A	N/A	N/A	N/A	N/A	N/A	N/A	No bacterial or archaeal marker
7_binette_bin83.fasta	Unclassified	N/A	N/A	N/A	N/A	N/A	N/A	N/A	N/A	N/A	N/A	N/A	N/A	N/A	N/A	N/A	N/A	N/A	No bacterial or archaeal marker
7_binette_bin9.fasta	Unclassified	N/A	N/A	N/A	N/A	N/A	N/A	N/A	N/A	N/A	N/A	N/A	N/A	N/A	N/A	N/A	N/A	N/A	No bacterial or archaeal marker
8_binette_bin10.fasta	Unclassified	N/A	N/A	N/A	N/A	N/A	N/A	N/A	N/A	N/A	N/A	N/A	N/A	N/A	N/A	N/A	N/A	N/A	No bacterial or archaeal marker
8_binette_bin26.fasta	Unclassified	N/A	N/A	N/A	N/A	N/A	N/A	N/A	N/A	N/A	N/A	N/A	N/A	N/A	N/A	N/A	N/A	N/A	No bacterial or archaeal marker
8_binette_bin3.fasta	Unclassified	N/A	N/A	N/A	N/A	N/A	N/A	N/A	N/A	N/A	N/A	N/A	N/A	N/A	N/A	N/A	N/A	N/A	No bacterial or archaeal marker
8_binette_bin31.fasta	Unclassified	N/A	N/A	N/A	N/A	N/A	N/A	N/A	N/A	N/A	N/A	N/A	N/A	N/A	N/A	N/A	N/A	N/A	No bacterial or archaeal marker
8_binette_bin4.fasta	Unclassified	N/A	N/A	N/A	N/A	N/A	N/A	N/A	N/A	N/A	N/A	N/A	N/A	N/A	N/A	N/A	N/A	N/A	No bacterial or archaeal marker
8_binette_bin40.fasta	Unclassified	N/A	N/A	N/A	N/A	N/A	N/A	N/A	N/A	N/A	N/A	N/A	N/A	N/A	N/A	N/A	N/A	N/A	No bacterial or archaeal marker
8_binette_bin5.fasta	d__Bacteria;p__Bacillota;c__Bacilli;o__Lactobacillales;f__Lactobacillaceae;g__Leuconostoc;s__	N/A	N/A	N/A	N/A	N/A	GCF_014634745.1	95.0	d__Bacteria;p__Bacillota;c__Bacilli;o__Lactobacillales;f__Lactobacillaceae;g__Leuconostoc;s__Leuconostoc pseudomesenteroides	98.66	0.522	d__Bacteria;p__Bacillota;c__Bacilli;o__Lactobacillales;f__Lactobacillaceae;g__Leuconostoc;s__	taxonomic classification defined by topology and ANI	classification based on placement in class-level tree	GCF_014634805.1, s__Leuconostoc falkenbergense, 95.0, 96.85, 0.331	10.58	11	0.99999	Genome domain questionable ( 11.7% Bacterial, 1.9% Archaeal)
8_binette_bin61.fasta	Unclassified	N/A	N/A	N/A	N/A	N/A	N/A	N/A	N/A	N/A	N/A	N/A	N/A	N/A	N/A	N/A	N/A	N/A	No bacterial or archaeal marker
8_binette_bin63.fasta	Unclassified	N/A	N/A	N/A	N/A	N/A	N/A	N/A	N/A	N/A	N/A	N/A	N/A	N/A	N/A	N/A	N/A	N/A	No bacterial or archaeal marker
8_binette_bin66.fasta	Unclassified Bacteria	N/A	N/A	N/A	N/A	N/A	N/A	N/A	N/A	N/A	N/A	N/A	N/A	N/A	N/A	N/A	N/A	N/A	Insufficient number of amino acids in MSA (0.8%)
8_binette_bin71.fasta	Unclassified	N/A	N/A	N/A	N/A	N/A	N/A	N/A	N/A	N/A	N/A	N/A	N/A	N/A	N/A	N/A	N/A	N/A	No bacterial or archaeal marker
8_binette_bin72.fasta	Unclassified	N/A	N/A	N/A	N/A	N/A	N/A	N/A	N/A	N/A	N/A	N/A	N/A	N/A	N/A	N/A	N/A	N/A	No bacterial or archaeal marker
8_binette_bin73.fasta	Unclassified	N/A	N/A	N/A	N/A	N/A	N/A	N/A	N/A	N/A	N/A	N/A	N/A	N/A	N/A	N/A	N/A	N/A	No bacterial or archaeal marker
8_binette_bin74.fasta	Unclassified	N/A	N/A	N/A	N/A	N/A	N/A	N/A	N/A	N/A	N/A	N/A	N/A	N/A	N/A	N/A	N/A	N/A	No bacterial or archaeal marker
8_binette_bin75.fasta	Unclassified	N/A	N/A	N/A	N/A	N/A	N/A	N/A	N/A	N/A	N/A	N/A	N/A	N/A	N/A	N/A	N/A	N/A	No bacterial or archaeal marker
8_binette_bin76.fasta	Unclassified	N/A	N/A	N/A	N/A	N/A	N/A	N/A	N/A	N/A	N/A	N/A	N/A	N/A	N/A	N/A	N/A	N/A	No bacterial or archaeal marker
8_binette_bin77.fasta	Unclassified	N/A	N/A	N/A	N/A	N/A	N/A	N/A	N/A	N/A	N/A	N/A	N/A	N/A	N/A	N/A	N/A	N/A	No bacterial or archaeal marker
8_binette_bin78.fasta	Unclassified	N/A	N/A	N/A	N/A	N/A	N/A	N/A	N/A	N/A	N/A	N/A	N/A	N/A	N/A	N/A	N/A	N/A	No bacterial or archaeal marker
8_binette_bin79.fasta	Unclassified	N/A	N/A	N/A	N/A	N/A	N/A	N/A	N/A	N/A	N/A	N/A	N/A	N/A	N/A	N/A	N/A	N/A	No bacterial or archaeal marker
8_binette_bin8.fasta	Unclassified	N/A	N/A	N/A	N/A	N/A	N/A	N/A	N/A	N/A	N/A	N/A	N/A	N/A	N/A	N/A	N/A	N/A	No bacterial or archaeal marker
8_binette_bin80.fasta	Unclassified	N/A	N/A	N/A	N/A	N/A	N/A	N/A	N/A	N/A	N/A	N/A	N/A	N/A	N/A	N/A	N/A	N/A	No bacterial or archaeal marker
8_binette_bin81.fasta	Unclassified	N/A	N/A	N/A	N/A	N/A	N/A	N/A	N/A	N/A	N/A	N/A	N/A	N/A	N/A	N/A	N/A	N/A	No bacterial or archaeal marker
8_binette_bin82.fasta	Unclassified	N/A	N/A	N/A	N/A	N/A	N/A	N/A	N/A	N/A	N/A	N/A	N/A	N/A	N/A	N/A	N/A	N/A	No bacterial or archaeal marker
8_binette_bin83.fasta	Unclassified	N/A	N/A	N/A	N/A	N/A	N/A	N/A	N/A	N/A	N/A	N/A	N/A	N/A	N/A	N/A	N/A	N/A	No bacterial or archaeal marker
8_binette_bin84.fasta	Unclassified	N/A	N/A	N/A	N/A	N/A	N/A	N/A	N/A	N/A	N/A	N/A	N/A	N/A	N/A	N/A	N/A	N/A	No bacterial or archaeal marker
8_binette_bin85.fasta	Unclassified	N/A	N/A	N/A	N/A	N/A	N/A	N/A	N/A	N/A	N/A	N/A	N/A	N/A	N/A	N/A	N/A	N/A	No bacterial or archaeal marker
8_binette_bin86.fasta	Unclassified	N/A	N/A	N/A	N/A	N/A	N/A	N/A	N/A	N/A	N/A	N/A	N/A	N/A	N/A	N/A	N/A	N/A	No bacterial or archaeal marker
8_binette_bin87.fasta	Unclassified	N/A	N/A	N/A	N/A	N/A	N/A	N/A	N/A	N/A	N/A	N/A	N/A	N/A	N/A	N/A	N/A	N/A	No bacterial or archaeal marker
8_binette_bin88.fasta	Unclassified	N/A	N/A	N/A	N/A	N/A	N/A	N/A	N/A	N/A	N/A	N/A	N/A	N/A	N/A	N/A	N/A	N/A	No bacterial or archaeal marker
8_binette_bin89.fasta	Unclassified	N/A	N/A	N/A	N/A	N/A	N/A	N/A	N/A	N/A	N/A	N/A	N/A	N/A	N/A	N/A	N/A	N/A	No bacterial or archaeal marker
8_binette_bin90.fasta	Unclassified	N/A	N/A	N/A	N/A	N/A	N/A	N/A	N/A	N/A	N/A	N/A	N/A	N/A	N/A	N/A	N/A	N/A	No bacterial or archaeal marker
