Annotation	1_binette_bin2.fasta_Count	1_binette_bin23.fasta_Count	1_binette_bin47.fasta_Count	1_binette_bin48.fasta_Count	1_binette_bin5.fasta_Count	1_binette_bin53.fasta_Count	1_binette_bin56.fasta_Count	1_binette_bin7.fasta_Count	2_binette_bin1.fasta_Count	2_binette_bin100.fasta_Count	2_binette_bin101.fasta_Count	2_binette_bin102.fasta_Count	2_binette_bin103.fasta_Count	2_binette_bin104.fasta_Count	2_binette_bin105.fasta_Count	2_binette_bin106.fasta_Count	2_binette_bin107.fasta_Count	2_binette_bin108.fasta_Count	2_binette_bin109.fasta_Count	2_binette_bin11.fasta_Count	2_binette_bin110.fasta_Count	2_binette_bin12.fasta_Count	2_binette_bin13.fasta_Count	2_binette_bin14.fasta_Count	2_binette_bin15.fasta_Count	2_binette_bin156.fasta_Count	2_binette_bin157.fasta_Count	2_binette_bin16.fasta_Count	2_binette_bin17.fasta_Count	2_binette_bin175.fasta_Count	2_binette_bin18.fasta_Count	2_binette_bin181.fasta_Count	2_binette_bin182.fasta_Count	2_binette_bin183.fasta_Count	2_binette_bin184.fasta_Count	2_binette_bin185.fasta_Count	2_binette_bin186.fasta_Count	2_binette_bin187.fasta_Count	2_binette_bin188.fasta_Count	2_binette_bin189.fasta_Count	2_binette_bin19.fasta_Count	2_binette_bin190.fasta_Count	2_binette_bin191.fasta_Count	2_binette_bin192.fasta_Count	2_binette_bin193.fasta_Count	2_binette_bin195.fasta_Count	2_binette_bin196.fasta_Count	2_binette_bin198.fasta_Count	2_binette_bin199.fasta_Count	2_binette_bin2.fasta_Count	2_binette_bin20.fasta_Count	2_binette_bin200.fasta_Count	2_binette_bin201.fasta_Count	2_binette_bin202.fasta_Count	2_binette_bin203.fasta_Count	2_binette_bin204.fasta_Count	2_binette_bin205.fasta_Count	2_binette_bin206.fasta_Count	2_binette_bin207.fasta_Count	2_binette_bin208.fasta_Count	2_binette_bin209.fasta_Count	2_binette_bin21.fasta_Count	2_binette_bin210.fasta_Count	2_binette_bin211.fasta_Count	2_binette_bin212.fasta_Count	2_binette_bin214.fasta_Count	2_binette_bin215.fasta_Count	2_binette_bin216.fasta_Count	2_binette_bin217.fasta_Count	2_binette_bin218.fasta_Count	2_binette_bin219.fasta_Count	2_binette_bin22.fasta_Count	2_binette_bin220.fasta_Count	2_binette_bin225.fasta_Count	2_binette_bin23.fasta_Count	2_binette_bin24.fasta_Count	2_binette_bin25.fasta_Count	2_binette_bin26.fasta_Count	2_binette_bin27.fasta_Count	2_binette_bin28.fasta_Count	2_binette_bin29.fasta_Count	2_binette_bin3.fasta_Count	2_binette_bin30.fasta_Count	2_binette_bin31.fasta_Count	2_binette_bin33.fasta_Count	2_binette_bin34.fasta_Count	2_binette_bin35.fasta_Count	2_binette_bin36.fasta_Count	2_binette_bin37.fasta_Count	2_binette_bin38.fasta_Count	2_binette_bin39.fasta_Count	2_binette_bin4.fasta_Count	2_binette_bin40.fasta_Count	2_binette_bin41.fasta_Count	2_binette_bin42.fasta_Count	2_binette_bin43.fasta_Count	2_binette_bin44.fasta_Count	2_binette_bin45.fasta_Count	2_binette_bin46.fasta_Count	2_binette_bin47.fasta_Count	2_binette_bin48.fasta_Count	2_binette_bin49.fasta_Count	2_binette_bin5.fasta_Count	2_binette_bin50.fasta_Count	2_binette_bin51.fasta_Count	2_binette_bin52.fasta_Count	2_binette_bin53.fasta_Count	2_binette_bin54.fasta_Count	2_binette_bin55.fasta_Count	2_binette_bin56.fasta_Count	2_binette_bin57.fasta_Count	2_binette_bin58.fasta_Count	2_binette_bin59.fasta_Count	2_binette_bin6.fasta_Count	2_binette_bin60.fasta_Count	2_binette_bin61.fasta_Count	2_binette_bin62.fasta_Count	2_binette_bin64.fasta_Count	2_binette_bin65.fasta_Count	2_binette_bin66.fasta_Count	2_binette_bin67.fasta_Count	2_binette_bin68.fasta_Count	2_binette_bin69.fasta_Count	2_binette_bin7.fasta_Count	2_binette_bin70.fasta_Count	2_binette_bin71.fasta_Count	2_binette_bin72.fasta_Count	2_binette_bin73.fasta_Count	2_binette_bin74.fasta_Count	2_binette_bin75.fasta_Count	2_binette_bin76.fasta_Count	2_binette_bin77.fasta_Count	2_binette_bin78.fasta_Count	2_binette_bin79.fasta_Count	2_binette_bin8.fasta_Count	2_binette_bin80.fasta_Count	2_binette_bin81.fasta_Count	2_binette_bin82.fasta_Count	2_binette_bin83.fasta_Count	2_binette_bin84.fasta_Count	2_binette_bin85.fasta_Count	2_binette_bin86.fasta_Count	2_binette_bin87.fasta_Count	2_binette_bin88.fasta_Count	2_binette_bin89.fasta_Count	2_binette_bin9.fasta_Count	2_binette_bin90.fasta_Count	2_binette_bin91.fasta_Count	2_binette_bin92.fasta_Count	2_binette_bin93.fasta_Count	2_binette_bin94.fasta_Count	2_binette_bin95.fasta_Count	2_binette_bin96.fasta_Count	2_binette_bin97.fasta_Count	2_binette_bin98.fasta_Count	2_binette_bin99.fasta_Count	3_binette_bin10.fasta_Count	3_binette_bin100.fasta_Count	3_binette_bin104.fasta_Count	3_binette_bin109.fasta_Count	3_binette_bin116.fasta_Count	3_binette_bin117.fasta_Count	3_binette_bin118.fasta_Count	3_binette_bin119.fasta_Count	3_binette_bin12.fasta_Count	3_binette_bin120.fasta_Count	3_binette_bin121.fasta_Count	3_binette_bin122.fasta_Count	3_binette_bin123.fasta_Count	3_binette_bin124.fasta_Count	3_binette_bin125.fasta_Count	3_binette_bin126.fasta_Count	3_binette_bin127.fasta_Count	3_binette_bin128.fasta_Count	3_binette_bin129.fasta_Count	3_binette_bin13.fasta_Count	3_binette_bin130.fasta_Count	3_binette_bin131.fasta_Count	3_binette_bin132.fasta_Count	3_binette_bin133.fasta_Count	3_binette_bin134.fasta_Count	3_binette_bin135.fasta_Count	3_binette_bin137.fasta_Count	3_binette_bin138.fasta_Count	3_binette_bin139.fasta_Count	3_binette_bin14.fasta_Count	3_binette_bin140.fasta_Count	3_binette_bin141.fasta_Count	3_binette_bin142.fasta_Count	3_binette_bin143.fasta_Count	3_binette_bin144.fasta_Count	3_binette_bin145.fasta_Count	3_binette_bin146.fasta_Count	3_binette_bin147.fasta_Count	3_binette_bin148.fasta_Count	3_binette_bin149.fasta_Count	3_binette_bin15.fasta_Count	3_binette_bin150.fasta_Count	3_binette_bin151.fasta_Count	3_binette_bin152.fasta_Count	3_binette_bin153.fasta_Count	3_binette_bin154.fasta_Count	3_binette_bin155.fasta_Count	3_binette_bin156.fasta_Count	3_binette_bin157.fasta_Count	3_binette_bin158.fasta_Count	3_binette_bin159.fasta_Count	3_binette_bin16.fasta_Count	3_binette_bin160.fasta_Count	3_binette_bin161.fasta_Count	3_binette_bin162.fasta_Count	3_binette_bin163.fasta_Count	3_binette_bin164.fasta_Count	3_binette_bin165.fasta_Count	3_binette_bin166.fasta_Count	3_binette_bin167.fasta_Count	3_binette_bin169.fasta_Count	3_binette_bin17.fasta_Count	3_binette_bin170.fasta_Count	3_binette_bin171.fasta_Count	3_binette_bin172.fasta_Count	3_binette_bin173.fasta_Count	3_binette_bin174.fasta_Count	3_binette_bin175.fasta_Count	3_binette_bin176.fasta_Count	3_binette_bin177.fasta_Count	3_binette_bin178.fasta_Count	3_binette_bin179.fasta_Count	3_binette_bin18.fasta_Count	3_binette_bin180.fasta_Count	3_binette_bin181.fasta_Count	3_binette_bin182.fasta_Count	3_binette_bin183.fasta_Count	3_binette_bin184.fasta_Count	3_binette_bin185.fasta_Count	3_binette_bin186.fasta_Count	3_binette_bin187.fasta_Count	3_binette_bin188.fasta_Count	3_binette_bin189.fasta_Count	3_binette_bin19.fasta_Count	3_binette_bin190.fasta_Count	3_binette_bin191.fasta_Count	3_binette_bin192.fasta_Count	3_binette_bin193.fasta_Count	3_binette_bin194.fasta_Count	3_binette_bin195.fasta_Count	3_binette_bin196.fasta_Count	3_binette_bin197.fasta_Count	3_binette_bin198.fasta_Count	3_binette_bin199.fasta_Count	3_binette_bin2.fasta_Count	3_binette_bin20.fasta_Count	3_binette_bin200.fasta_Count	3_binette_bin201.fasta_Count	3_binette_bin202.fasta_Count	3_binette_bin203.fasta_Count	3_binette_bin204.fasta_Count	3_binette_bin205.fasta_Count	3_binette_bin206.fasta_Count	3_binette_bin207.fasta_Count	3_binette_bin208.fasta_Count	3_binette_bin209.fasta_Count	3_binette_bin21.fasta_Count	3_binette_bin210.fasta_Count	3_binette_bin211.fasta_Count	3_binette_bin212.fasta_Count	3_binette_bin213.fasta_Count	3_binette_bin214.fasta_Count	3_binette_bin215.fasta_Count	3_binette_bin216.fasta_Count	3_binette_bin217.fasta_Count	3_binette_bin218.fasta_Count	3_binette_bin22.fasta_Count	3_binette_bin220.fasta_Count	3_binette_bin221.fasta_Count	3_binette_bin222.fasta_Count	3_binette_bin223.fasta_Count	3_binette_bin224.fasta_Count	3_binette_bin225.fasta_Count	3_binette_bin226.fasta_Count	3_binette_bin227.fasta_Count	3_binette_bin228.fasta_Count	3_binette_bin229.fasta_Count	3_binette_bin23.fasta_Count	3_binette_bin230.fasta_Count	3_binette_bin231.fasta_Count	3_binette_bin232.fasta_Count	3_binette_bin233.fasta_Count	3_binette_bin238.fasta_Count	3_binette_bin24.fasta_Count	3_binette_bin25.fasta_Count	3_binette_bin26.fasta_Count	3_binette_bin27.fasta_Count	3_binette_bin28.fasta_Count	3_binette_bin29.fasta_Count	3_binette_bin3.fasta_Count	3_binette_bin30.fasta_Count	3_binette_bin31.fasta_Count	3_binette_bin32.fasta_Count	3_binette_bin33.fasta_Count	3_binette_bin34.fasta_Count	3_binette_bin35.fasta_Count	3_binette_bin36.fasta_Count	3_binette_bin37.fasta_Count	3_binette_bin38.fasta_Count	3_binette_bin39.fasta_Count	3_binette_bin4.fasta_Count	3_binette_bin40.fasta_Count	3_binette_bin41.fasta_Count	3_binette_bin42.fasta_Count	3_binette_bin43.fasta_Count	3_binette_bin44.fasta_Count	3_binette_bin45.fasta_Count	3_binette_bin46.fasta_Count	3_binette_bin47.fasta_Count	3_binette_bin48.fasta_Count	3_binette_bin49.fasta_Count	3_binette_bin5.fasta_Count	3_binette_bin50.fasta_Count	3_binette_bin51.fasta_Count	3_binette_bin52.fasta_Count	3_binette_bin53.fasta_Count	3_binette_bin54.fasta_Count	3_binette_bin55.fasta_Count	3_binette_bin56.fasta_Count	3_binette_bin57.fasta_Count	3_binette_bin58.fasta_Count	3_binette_bin59.fasta_Count	3_binette_bin6.fasta_Count	3_binette_bin60.fasta_Count	3_binette_bin61.fasta_Count	3_binette_bin62.fasta_Count	3_binette_bin63.fasta_Count	3_binette_bin64.fasta_Count	3_binette_bin65.fasta_Count	3_binette_bin66.fasta_Count	3_binette_bin67.fasta_Count	3_binette_bin68.fasta_Count	3_binette_bin69.fasta_Count	3_binette_bin7.fasta_Count	3_binette_bin70.fasta_Count	3_binette_bin71.fasta_Count	3_binette_bin72.fasta_Count	3_binette_bin73.fasta_Count	3_binette_bin74.fasta_Count	3_binette_bin75.fasta_Count	3_binette_bin76.fasta_Count	3_binette_bin77.fasta_Count	3_binette_bin78.fasta_Count	3_binette_bin79.fasta_Count	3_binette_bin8.fasta_Count	3_binette_bin80.fasta_Count	3_binette_bin81.fasta_Count	3_binette_bin82.fasta_Count	3_binette_bin83.fasta_Count	3_binette_bin84.fasta_Count	3_binette_bin85.fasta_Count	3_binette_bin86.fasta_Count	3_binette_bin87.fasta_Count	3_binette_bin88.fasta_Count	3_binette_bin89.fasta_Count	3_binette_bin9.fasta_Count	3_binette_bin90.fasta_Count	3_binette_bin91.fasta_Count	3_binette_bin92.fasta_Count	3_binette_bin93.fasta_Count	3_binette_bin94.fasta_Count	3_binette_bin95.fasta_Count	3_binette_bin96.fasta_Count	3_binette_bin97.fasta_Count	3_binette_bin98.fasta_Count	3_binette_bin99.fasta_Count	4_binette_bin1.fasta_Count	4_binette_bin10.fasta_Count	4_binette_bin101.fasta_Count	4_binette_bin102.fasta_Count	4_binette_bin103.fasta_Count	4_binette_bin104.fasta_Count	4_binette_bin108.fasta_Count	4_binette_bin109.fasta_Count	4_binette_bin11.fasta_Count	4_binette_bin110.fasta_Count	4_binette_bin111.fasta_Count	4_binette_bin112.fasta_Count	4_binette_bin113.fasta_Count	4_binette_bin116.fasta_Count	4_binette_bin117.fasta_Count	4_binette_bin119.fasta_Count	4_binette_bin12.fasta_Count	4_binette_bin120.fasta_Count	4_binette_bin121.fasta_Count	4_binette_bin122.fasta_Count	4_binette_bin123.fasta_Count	4_binette_bin124.fasta_Count	4_binette_bin125.fasta_Count	4_binette_bin126.fasta_Count	4_binette_bin127.fasta_Count	4_binette_bin128.fasta_Count	4_binette_bin129.fasta_Count	4_binette_bin13.fasta_Count	4_binette_bin130.fasta_Count	4_binette_bin131.fasta_Count	4_binette_bin132.fasta_Count	4_binette_bin133.fasta_Count	4_binette_bin134.fasta_Count	4_binette_bin135.fasta_Count	4_binette_bin136.fasta_Count	4_binette_bin137.fasta_Count	4_binette_bin138.fasta_Count	4_binette_bin139.fasta_Count	4_binette_bin14.fasta_Count	4_binette_bin140.fasta_Count	4_binette_bin15.fasta_Count	4_binette_bin16.fasta_Count	4_binette_bin17.fasta_Count	4_binette_bin18.fasta_Count	4_binette_bin19.fasta_Count	4_binette_bin2.fasta_Count	4_binette_bin20.fasta_Count	4_binette_bin21.fasta_Count	4_binette_bin22.fasta_Count	4_binette_bin23.fasta_Count	4_binette_bin24.fasta_Count	4_binette_bin25.fasta_Count	4_binette_bin29.fasta_Count	4_binette_bin32.fasta_Count	4_binette_bin4.fasta_Count	4_binette_bin44.fasta_Count	4_binette_bin5.fasta_Count	4_binette_bin6.fasta_Count	4_binette_bin7.fasta_Count	4_binette_bin8.fasta_Count	4_binette_bin82.fasta_Count	4_binette_bin9.fasta_Count	5_binette_bin1.fasta_Count	5_binette_bin28.fasta_Count	5_binette_bin3.fasta_Count	5_binette_bin49.fasta_Count	6_binette_bin20.fasta_Count	6_binette_bin35.fasta_Count	6_binette_bin36.fasta_Count	6_binette_bin37.fasta_Count	7_binette_bin12.fasta_Count	7_binette_bin15.fasta_Count	7_binette_bin18.fasta_Count	7_binette_bin25.fasta_Count	7_binette_bin3.fasta_Count	7_binette_bin4.fasta_Count	7_binette_bin5.fasta_Count	7_binette_bin6.fasta_Count	7_binette_bin63.fasta_Count	7_binette_bin65.fasta_Count	7_binette_bin66.fasta_Count	7_binette_bin67.fasta_Count	7_binette_bin68.fasta_Count	7_binette_bin69.fasta_Count	7_binette_bin7.fasta_Count	7_binette_bin70.fasta_Count	7_binette_bin71.fasta_Count	7_binette_bin72.fasta_Count	7_binette_bin73.fasta_Count	7_binette_bin74.fasta_Count	7_binette_bin77.fasta_Count	7_binette_bin78.fasta_Count	7_binette_bin79.fasta_Count	7_binette_bin8.fasta_Count	7_binette_bin80.fasta_Count	7_binette_bin81.fasta_Count	7_binette_bin82.fasta_Count	7_binette_bin83.fasta_Count	7_binette_bin9.fasta_Count	8_binette_bin10.fasta_Count	8_binette_bin26.fasta_Count	8_binette_bin3.fasta_Count	8_binette_bin31.fasta_Count	8_binette_bin4.fasta_Count	8_binette_bin40.fasta_Count	8_binette_bin5.fasta_Count	8_binette_bin61.fasta_Count	8_binette_bin63.fasta_Count	8_binette_bin66.fasta_Count	8_binette_bin71.fasta_Count	8_binette_bin72.fasta_Count	8_binette_bin73.fasta_Count	8_binette_bin74.fasta_Count	8_binette_bin75.fasta_Count	8_binette_bin76.fasta_Count	8_binette_bin77.fasta_Count	8_binette_bin78.fasta_Count	8_binette_bin79.fasta_Count	8_binette_bin8.fasta_Count	8_binette_bin80.fasta_Count	8_binette_bin81.fasta_Count	8_binette_bin82.fasta_Count	8_binette_bin83.fasta_Count	8_binette_bin84.fasta_Count	8_binette_bin85.fasta_Count	8_binette_bin86.fasta_Count	8_binette_bin87.fasta_Count	8_binette_bin88.fasta_Count	8_binette_bin89.fasta_Count	8_binette_bin90.fasta_Count
CDSs	7073	889	352	1134	1822	3348	51	154	1632	218	641	500	382	544	239	665	334	1244	1110	2607	180	2639	3472	1893	1789	737	172	1724	2032	539	1547	373	264	351	876	220	329	438	993	320	761	1000	158	318	247	370	225	529	302	2610	1753	232	182	302	367	284	230	193	455	238	353	2022	411	568	269	280	384	153	278	366	91	1567	53	291	1327	2169	1905	1797	1872	2424	2107	9840	725	1390	1921	2189	6111	1223	3660	2551	4389	2921	441	289	1403	1454	721	413	319	920	1015	658	2851	1764	539	963	781	1006	769	1201	908	602	589	2112	356	570	602	816	701	1119	582	438	674	2152	672	676	547	572	782	689	285	305	681	549	2471	1899	1571	356	222	506	488	826	286	390	379	1804	412	341	219	576	596	324	366	510	1214	645	4717	1455	26	12	1103	700	898	916	3126	699	2416	1109	971	868	680	603	721	332	340	8561	423	600	280	494	257	971	416	394	366	4083	474	679	576	638	319	641	760	326	698	1338	4667	398	257	1016	550	829	689	278	842	468	200	11352	561	170	435	678	666	1135	375	583	340	6260	455	495	454	359	545	268	359	245	370	333	2454	328	124	326	1666	2084	414	500	355	484	536	7327	259	288	187	48	252	280	275	385	357	457	417	2917	405	404	231	283	276	214	97	213	127	38	3680	94	197	166	188	249	257	132	128	3	1490	164	361	88	21	41	149	156	222	83	130	4752	339	73	81	60	3479	3393	3771	3173	2221	1264	12175	6133	5710	1709	2795	743	3767	1682	2105	3525	1031	1866	13045	1694	1764	3541	1304	2985	1363	2044	1528	193	690	3647	1359	646	1523	2852	585	870	708	1782	1517	1088	7843	1049	1719	1430	3614	2102	2134	527	1590	1788	1345	5164	1627	2097	2036	630	579	1132	492	919	99	498	5950	1843	302	685	330	1467	1498	433	1029	655	1287	2886	917	1581	661	815	955	849	1237	1484	1400	508	2938	3776	1013	1343	1181	706	1225	433	3793	471	828	423	87	631	396	425	2174	351	76	289	289	332	366	1579	237	238	192	3742	146	169	321	241	403	102	79	113	73	1499	5170	159	730	511	2579	1658	284	6377	1240	408	533	990	1560	2902	535	291	5464	53	6478	4029	4548	4787	108	4499	10137	1097	3100	89	881	45	49	32	386	559	63	145	5913	5881	1043	1681	475	140	294	84	202	167	2478	290	99	338	98	180	66	168	141	2857	216	73	1860	119	2068	527	95	7428	159	1340	1650	88	689	486	1164	248	213	347	272	93	121	215	575	52	255	553	88	210	142	166	48	142	183	46	44	76
CRISPR arrays	0	0	0	0	0	0	0	0	0	0	0	0	0	2	0	0	0	0	0	0	0	0	1	0	1	0	0	0	1	0	0	1	0	0	0	0	0	0	0	0	0	0	0	0	0	0	1	0	0	0	0	0	0	0	0	0	0	0	0	0	0	0	0	0	0	0	0	1	0	0	0	0	0	0	0	0	0	0	0	0	0	0	1	0	0	3	1	0	0	0	0	0	0	0	0	0	0	0	0	0	0	0	0	0	0	0	1	0	0	0	0	0	0	0	0	0	0	0	0	0	1	0	3	0	0	0	0	0	0	0	0	0	1	0	0	0	0	0	0	0	0	0	0	0	0	0	0	0	0	0	0	0	0	0	0	0	0	0	0	0	0	0	0	0	0	0	0	0	0	0	0	0	0	0	0	0	0	0	0	0	0	0	0	0	0	0	0	0	0	0	0	0	0	0	0	0	0	0	0	0	0	0	0	0	0	0	0	0	0	0	0	0	0	2	0	0	0	0	0	0	0	0	1	0	0	0	0	0	0	0	0	0	0	0	0	0	0	0	0	0	0	0	0	0	0	0	0	0	0	0	0	1	0	0	0	0	0	0	0	0	0	0	0	0	0	0	0	0	0	0	0	0	0	0	0	0	0	0	0	0	0	0	0	0	0	0	0	0	0	0	0	0	0	0	0	0	0	0	0	0	0	0	0	0	0	0	0	0	0	0	0	0	0	0	0	0	1	0	0	0	0	0	0	0	0	0	0	0	0	0	0	0	0	0	0	0	0	0	0	0	0	0	0	0	0	0	0	0	0	0	0	0	0	0	0	0	0	0	0	0	0	0	0	0	0	0	0	0	0	0	0	0	11	0	0	0	0	0	0	0	0	0	0	0	0	0	0	0	0	0	0	0	0	0	0	0	0	0	0	0	0	0	0	0	0	0	0	0	0	0	0	0	0	0	0	0	0	0	0	0	0	0	0	0	0	0	0	0	0	0	0	0	0	0	0	0	0	0	0	0	0	0	0	0	0	0	0	0	1	0	0	0	0	0	0	0	0	0	0	0	0	0	0	0	0	0	0	0	0	0	0	0	0	0	0	0	0	0	0	0	0	0	0	0	0	0	0	0	0	0	0	0	0	0	0	0	0	0	0	0	0	0
gaps	0	0	0	0	0	0	0	0	0	0	0	0	0	0	0	0	0	0	0	0	0	0	0	0	0	0	0	0	0	0	0	0	0	0	0	0	0	0	0	0	0	0	0	0	0	0	0	0	0	0	0	0	0	0	0	0	0	0	0	0	0	0	0	0	0	0	0	0	0	0	0	0	0	0	0	0	0	0	0	0	0	0	0	0	0	0	0	0	0	0	0	0	0	0	0	0	0	0	0	0	0	0	0	0	0	0	0	0	0	0	0	0	0	0	0	0	0	0	0	0	0	0	0	0	0	0	0	0	0	0	0	0	0	0	0	0	0	0	0	0	0	0	0	0	0	0	0	0	0	0	0	0	0	0	0	0	0	0	0	0	0	0	0	0	0	0	0	0	0	0	0	0	0	0	0	0	0	0	0	0	0	0	0	0	0	0	0	0	0	0	0	0	0	0	0	0	0	0	0	0	0	0	0	0	0	0	0	0	0	0	0	0	0	0	0	0	0	0	0	0	0	0	0	0	0	0	0	0	0	0	0	0	0	0	0	0	0	0	0	0	0	0	0	0	0	0	0	0	0	0	0	0	0	0	0	0	0	0	0	0	0	0	0	0	0	0	0	0	0	0	0	0	0	0	0	0	0	0	0	0	0	0	0	0	0	0	0	0	0	0	0	0	0	0	0	0	0	0	0	0	0	0	0	0	0	0	0	0	0	0	0	0	0	0	0	0	0	0	0	0	0	0	0	0	0	0	0	0	0	0	0	0	0	0	0	0	0	0	0	0	0	0	0	0	0	0	0	0	0	0	0	0	0	0	0	0	0	0	0	0	0	0	0	0	0	0	0	0	0	0	0	0	0	0	0	0	0	0	0	0	0	0	0	0	0	0	0	0	0	0	0	0	0	0	0	0	0	0	0	0	0	0	0	0	0	0	0	0	0	0	0	0	0	0	0	0	0	0	0	0	0	0	0	0	0	0	0	0	0	0	0	0	0	0	0	0	0	0	0	0	0	0	0	0	0	0	0	0	0	0	0	0	0	0	0	0	0	0	0	0	0	0	0	0	0	0	0	0	0	0	0	0	0	0	0	0	0	0	0	0	0	0	0	0	0	0	0	0	0	0	0	0	0	0	0	0	0	0	0	0	0	0
hypotheticals	7042	889	349	1134	1822	3301	51	154	578	123	641	499	354	450	109	638	334	1241	1109	1159	74	1078	2977	917	896	737	172	979	1337	539	903	306	230	243	646	101	329	436	993	319	644	1000	105	294	246	368	206	529	205	985	867	182	181	302	367	284	198	193	367	191	257	1061	411	567	269	280	374	153	276	366	91	862	53	291	793	1145	1053	945	1075	1412	1217	8087	538	806	1141	1331	6104	875	3649	2551	4382	1530	305	204	910	940	504	409	318	919	973	656	1008	1761	308	760	474	753	544	1195	906	599	589	586	356	355	417	676	415	1119	406	380	498	675	461	555	458	455	550	621	146	304	348	411	893	1899	1571	305	169	357	487	677	285	360	135	636	412	267	90	575	391	189	164	381	1214	644	4714	1454	26	12	1103	700	898	916	3126	699	2416	1109	971	868	680	603	721	330	340	8561	421	600	280	494	253	970	416	393	365	4080	471	677	576	638	317	641	760	326	698	1338	4666	398	257	1016	550	829	689	278	842	468	197	11352	556	170	435	677	666	1135	375	583	338	6244	455	495	454	359	545	268	359	245	370	333	2453	326	124	326	1665	2084	414	500	355	484	536	7327	259	288	187	48	252	280	275	385	357	456	417	2917	405	404	231	283	276	214	97	212	126	38	3680	94	197	166	188	249	257	132	128	3	1490	163	361	88	21	41	149	156	221	83	130	4752	339	73	81	60	3445	3393	3771	3173	2221	1264	12170	6132	5710	1709	2795	741	3767	1682	2105	3525	1023	1866	13045	1692	1764	3538	1290	2983	1362	2044	1497	192	690	3647	1358	646	1523	2850	585	870	708	1782	1517	1088	7842	1049	1718	1430	3613	2102	2134	519	1590	1788	1345	4171	1627	2097	2036	630	579	1132	491	919	97	497	5950	1843	302	682	329	1467	1498	433	1029	655	1286	2886	917	1581	661	815	955	847	1237	1484	1400	508	338	3776	1013	1343	1181	706	1224	433	3793	471	828	423	86	616	396	306	2172	351	76	289	289	331	365	1579	237	238	192	3741	146	169	321	241	403	102	79	113	73	1499	5137	159	729	511	2578	1657	161	6376	1240	405	533	990	1550	2902	535	291	5461	53	6475	4029	4547	4753	108	4498	9315	1097	3096	89	881	45	49	32	386	559	63	145	5913	5881	1043	1678	475	140	294	34	202	167	2474	290	99	338	98	180	66	168	141	2857	216	73	1860	119	2068	527	95	7428	159	1337	1650	30	689	486	1163	248	213	347	272	93	121	215	575	52	255	552	88	210	142	166	48	142	183	46	44	76
ncRNA regions	0	0	0	0	0	0	0	0	2	0	0	0	0	0	0	0	0	0	0	1	0	5	0	2	2	1	0	4	11	1	2	0	0	0	0	1	0	0	0	0	0	0	0	0	0	0	0	0	0	4	1	0	0	0	0	0	1	0	0	0	1	3	0	0	0	0	0	0	0	0	0	2	0	0	0	2	7	11	2	0	5	10	0	2	0	1	0	6	0	0	0	8	1	0	0	5	0	0	0	0	1	0	2	0	1	0	0	1	1	0	0	0	0	1	0	1	1	0	1	0	1	1	2	3	0	0	1	0	1	0	0	0	1	0	2	0	0	0	0	0	0	2	0	0	0	4	0	1	0	0	1	1	0	1	0	0	0	0	0	0	1	0	0	0	0	0	0	0	0	0	0	0	0	0	0	0	0	0	0	0	0	0	0	0	0	0	0	0	0	0	0	0	0	0	0	1	0	0	0	0	0	0	0	0	1	0	0	0	0	0	0	0	0	0	0	0	0	0	0	0	0	0	0	0	0	0	0	0	0	0	0	0	0	0	0	0	0	0	0	0	0	0	0	0	0	0	0	0	0	0	0	0	0	0	0	0	0	0	0	0	0	0	0	0	0	0	0	0	0	0	0	0	0	0	0	0	0	0	0	0	0	0	0	0	0	0	0	0	0	0	1	0	0	0	0	0	0	0	0	0	0	0	0	0	0	0	1	0	0	0	0	0	0	0	0	0	0	0	0	0	0	0	0	0	0	0	0	0	0	0	0	0	0	0	0	0	0	0	0	0	0	0	0	0	0	0	0	0	0	0	0	0	0	0	0	0	0	0	0	0	0	0	0	0	0	0	0	0	0	0	0	0	7	1	0	0	0	0	0	0	0	0	0	0	0	0	0	0	0	0	0	0	0	0	0	0	0	0	0	0	0	0	0	0	0	0	0	0	0	0	1	0	0	0	0	0	2	1	0	0	0	0	0	0	0	0	0	0	1	0	0	0	0	0	0	0	0	0	0	0	0	0	0	0	0	0	0	0	0	0	0	0	0	0	0	0	0	0	0	0	0	0	0	0	0	0	0	0	0	0	0	1	0	0	0	0	0	2	0	0	0	0	0	0	0	0	0	0	0	0	0	0	0	0	0	0	0	0	0	0	0	0
ncRNAs	0	0	0	0	0	0	0	0	2	0	0	0	0	0	0	0	0	0	0	2	0	4	2	0	2	0	0	0	3	0	3	1	2	0	0	0	0	0	0	0	0	0	0	2	0	0	0	0	0	9	0	2	2	0	0	0	0	0	2	0	0	2	0	0	0	0	0	0	0	0	0	2	0	0	1	2	4	1	1	3	3	7	2	1	1	6	0	1	0	0	0	8	1	0	1	0	1	0	0	0	1	0	55	0	1	0	0	0	0	0	0	0	0	2	0	0	0	3	1	0	2	0	3	1	2	17	1	0	1	2	1	0	1	0	2	0	0	0	0	0	0	1	0	0	0	3	0	0	0	0	0	1	0	1	0	0	0	0	0	0	0	0	0	0	0	0	0	0	0	0	0	0	0	0	0	0	0	0	0	0	0	0	0	0	0	0	0	0	0	0	0	0	0	0	0	0	0	0	0	0	0	0	0	0	0	0	0	0	0	0	0	0	0	0	0	0	0	0	0	0	0	0	0	0	0	0	0	0	0	0	0	0	0	0	0	0	0	0	0	0	0	0	0	0	0	0	0	0	0	0	0	0	0	0	0	0	0	0	0	0	0	0	0	0	0	0	0	0	0	0	0	0	0	0	0	0	0	0	0	0	0	0	0	0	0	0	0	0	0	0	0	0	0	0	0	0	0	0	0	0	0	0	0	0	0	0	0	0	0	0	0	0	0	0	0	0	0	0	0	0	0	0	0	0	0	0	0	0	0	0	0	0	0	0	0	0	0	0	0	0	0	0	0	0	0	0	0	0	0	0	0	0	0	0	0	0	0	0	0	0	0	0	0	0	0	0	0	0	0	0	0	0	2	0	0	0	0	0	0	0	0	0	0	0	0	0	0	0	0	0	0	0	0	0	0	0	0	0	0	0	0	0	0	0	0	0	0	0	0	0	0	0	0	0	0	0	0	0	0	0	0	0	0	0	0	0	0	0	0	0	0	0	0	0	13	0	0	0	0	0	0	0	0	0	0	0	0	0	0	0	0	0	0	0	0	0	0	0	0	0	0	0	0	0	0	0	0	0	0	0	0	0	0	0	0	0	0	0	0	0	0	0	0	0	0	0	0	0	0	0	0	0	0	0	0	0	0	0	0	0	0	0
oriCs	0	0	0	0	0	0	0	0	0	0	0	0	0	0	0	0	0	0	0	0	0	0	0	0	0	0	0	0	0	0	0	0	0	0	0	0	0	0	0	0	0	0	0	0	0	0	0	0	0	0	0	0	0	0	0	0	0	0	0	0	0	0	0	0	0	0	0	0	0	0	0	0	0	0	0	0	0	0	0	0	0	0	0	0	0	0	0	0	0	0	0	0	0	0	0	0	0	0	0	0	0	0	0	0	0	0	0	0	0	0	0	0	0	0	0	0	0	0	0	0	0	0	0	0	0	0	0	0	0	0	0	0	0	0	0	0	0	0	0	0	0	0	0	0	0	0	0	0	0	0	0	0	0	0	0	0	0	0	0	0	0	0	0	0	0	0	0	0	0	0	0	0	0	0	0	0	0	0	0	0	0	0	0	0	0	0	0	0	0	0	0	0	0	0	0	0	0	0	0	0	0	0	0	0	0	0	0	0	0	0	0	0	0	0	0	0	0	0	0	0	0	0	0	0	0	0	0	0	0	0	0	0	0	0	0	0	0	0	0	0	0	0	0	0	0	0	0	0	0	0	0	0	0	0	0	0	0	0	0	0	0	0	0	0	0	0	0	0	0	0	0	0	0	0	0	0	0	0	0	0	0	0	0	0	0	0	0	0	0	0	0	0	0	0	0	0	0	0	0	0	0	0	0	0	0	0	0	0	0	0	0	0	0	0	0	0	0	0	0	0	0	0	0	0	0	0	0	0	0	0	0	0	0	0	0	0	0	0	0	0	0	0	0	0	0	0	0	0	0	0	0	0	0	0	0	0	0	0	0	0	0	0	0	0	0	0	0	0	0	0	0	0	1	0	0	0	0	0	0	0	0	0	0	0	0	0	0	0	0	0	0	0	0	0	0	0	0	0	0	0	0	0	0	0	0	0	0	0	0	0	0	0	0	0	0	0	0	0	0	0	0	0	0	0	0	0	0	0	0	0	0	0	0	0	1	0	0	0	0	0	0	0	0	0	0	0	0	0	0	0	0	0	0	0	0	0	0	0	0	0	0	0	0	0	0	0	0	0	0	0	0	0	0	0	0	0	0	0	0	0	0	0	0	0	0	0	0	0	0	0	0	0	0	0	0	0	0	0	0	0	0	0
oriTs	0	0	0	0	0	0	0	0	0	0	0	0	0	0	0	0	0	0	0	0	0	0	0	0	0	0	0	0	0	0	0	0	0	0	0	0	0	0	0	0	0	0	0	0	0	0	0	0	0	0	0	0	0	0	0	0	0	0	0	0	0	0	0	0	0	0	0	0	0	0	0	0	0	0	0	0	0	0	0	0	0	0	0	0	0	0	0	0	0	0	0	0	0	0	0	0	0	0	0	0	0	0	0	0	0	0	0	0	0	0	0	0	0	0	0	0	0	0	0	0	0	0	0	0	0	0	0	0	0	0	0	0	0	0	0	0	0	0	0	0	0	0	0	0	0	0	0	0	0	0	0	0	0	0	0	0	0	0	0	0	0	0	0	0	0	0	0	0	0	0	0	0	0	0	0	0	0	0	0	0	0	0	0	0	0	0	0	0	0	0	0	0	0	0	0	0	0	0	0	0	0	0	0	0	0	0	0	0	0	0	0	0	0	0	0	0	0	0	0	0	0	0	0	0	0	0	0	0	0	0	0	0	0	0	0	0	0	0	0	0	0	0	0	0	0	0	0	0	0	0	0	0	0	0	0	0	0	0	0	0	0	0	0	0	0	0	0	0	0	0	0	0	0	0	0	0	0	0	0	0	0	0	0	0	0	0	0	0	0	0	0	0	0	0	0	0	0	0	0	0	0	0	0	0	0	0	0	0	0	0	0	0	0	0	0	0	0	0	0	0	0	0	0	0	0	0	0	0	0	0	0	0	0	0	0	0	0	0	0	0	0	0	0	0	0	0	0	0	0	0	0	0	0	0	0	0	0	0	0	0	0	0	0	0	0	0	0	0	0	0	0	0	0	0	0	0	0	0	0	0	0	0	0	0	0	0	0	0	0	0	0	0	0	0	0	0	0	0	0	0	0	0	0	0	0	0	0	0	0	0	0	0	0	0	0	0	0	0	0	0	0	0	0	0	0	0	0	0	0	0	0	0	0	0	0	0	0	0	0	0	0	0	0	0	0	0	0	0	0	0	0	0	0	0	0	0	0	0	0	0	0	0	0	0	0	0	0	0	0	0	0	0	0	0	0	0	0	0	0	0	0	0	0	0	0	0	0	0	0	0	0	0	0	0	0	0	0	0	0	0	0	0
oriVs	0	0	0	0	0	0	0	0	0	0	0	0	0	0	0	0	0	0	0	0	0	0	0	0	0	0	0	0	0	0	0	0	0	0	0	0	0	0	0	0	0	0	0	0	0	0	0	0	0	0	0	0	0	0	0	0	0	0	0	0	0	0	0	0	0	0	0	0	0	0	0	0	0	0	0	0	0	0	0	0	0	0	0	0	0	0	0	0	0	0	0	0	0	0	0	0	0	0	0	0	0	0	0	0	0	0	0	0	0	0	0	0	0	0	0	0	0	0	0	0	0	0	0	0	0	0	0	0	0	0	0	0	0	0	0	0	0	0	0	0	0	0	0	0	0	0	0	0	0	0	0	0	0	0	0	0	0	0	0	0	0	0	0	0	0	0	0	0	0	0	0	0	0	0	0	0	0	0	0	0	0	0	0	0	0	0	0	0	0	0	0	0	0	0	0	0	0	0	0	0	0	0	0	0	0	0	0	0	0	0	0	0	0	0	0	0	0	0	0	0	0	0	0	0	0	0	0	0	0	0	0	0	0	0	0	0	0	0	0	0	0	0	0	0	0	0	0	0	0	0	0	0	0	0	0	0	0	0	0	0	0	0	0	0	0	0	0	0	0	0	0	0	0	0	0	0	0	0	0	0	0	0	0	0	0	0	0	0	0	0	0	0	0	0	0	0	0	0	0	0	0	0	0	0	0	0	0	0	0	0	0	0	0	0	0	0	0	0	0	0	0	0	0	0	0	0	0	0	0	0	0	0	0	0	0	0	0	0	0	0	0	0	0	0	0	0	0	0	0	0	0	0	0	0	0	0	0	0	0	0	0	0	0	0	0	0	0	0	0	0	0	0	0	0	0	0	0	0	0	0	0	0	0	0	0	0	0	0	0	0	0	0	0	0	0	0	0	0	0	0	0	0	0	0	0	0	0	0	0	0	0	0	0	0	0	0	0	0	0	0	0	0	0	0	0	0	0	0	0	0	0	0	0	0	0	0	0	0	0	0	0	0	0	0	0	0	0	0	0	0	0	0	0	0	0	0	0	0	0	0	0	0	0	0	0	0	0	0	0	0	0	0	0	0	0	0	0	0	0	0	0	0	0	0	0	0	0	0	0	0	0	0	0	0	0	0	0	0	0	0	0	0
pseudogenes	13	37	2	0	0	4	0	0	1	1	0	0	0	0	1	0	0	2	0	0	0	2	5	0	3	0	0	0	0	0	0	0	0	0	242	1	0	0	0	0	0	0	0	0	0	5	0	0	0	1	1	0	0	0	0	0	0	0	0	0	0	3	0	0	0	0	8	0	0	0	0	1	0	0	9	3	1	0	0	0	2	4	1	1	0	0	0	2	0	120	11	0	0	1	2	1	0	0	0	0	0	0	0	1	2	0	1	1	1	0	0	0	0	0	0	0	3	2	2	0	1	0	1	4	0	7	0	1	0	0	0	0	1	0	1	0	0	0	1	0	0	0	0	0	0	0	0	0	0	0	0	1	0	0	57	0	3	1	0	0	2	0	5	2	1	0	0	0	8	0	37	0	0	0	10	572	0	0	1	19	0	3	1	0	0	8	0	3	0	20	0	0	38	8	0	0	2	0	0	0	3	1	0	0	0	19	10	1	1	2	0	0	10	0	6	3	0	2	0	0	0	0	0	0	0	4	1	0	1	0	0	0	13	0	3	0	0	1	2	0	0	0	0	0	0	0	0	37	1	1	0	18	7	3	1	0	13	0	0	1	8	0	0	3	0	0	0	0	0	0	0	0	9	6	0	0	0	0	0	0	3	0	2	0	0	0	1	0	3	0	4	2	25	13	1	3	1	55	0	1	12	0	0	152	0	0	0	4	0	4	0	3	1	0	32	0	0	0	3	0	1	5	0	2	1	1	3	0	16	0	4	0	0	0	2	2	0	1	1	856	74	0	7	0	0	3	0	40	0	0	3	0	0	0	1	1	89	0	0	2	2	0	0	0	0	53	0	0	0	2	3	0	0	5	0	0	0	0	0	0	3	0	43	1	0	17	1	158	1	11	0	0	1	0	0	1	0	0	0	195	0	0	0	0	0	0	0	0	0	0	0	0	0	0	0	2	1	2	1	0	0	1	25	7	0	0	0	0	1	0	13	62	4	0	68	0	0	0	0	0	0	0	0	0	0	0	0	0	0	1	0	0	0	0	0	0	1	0	0	0	0	0	0	0	0	0	0	0	0	0	0	0	0	0	0	0	0	0	0	0	0	0	0	0	0	0	0	0	0	0	0	0	0	0	0	0	0	0	0	0	0	0
rRNAs	0	0	0	2	5	1	0	0	0	0	0	0	0	1	0	0	0	0	0	2	0	3	1	1	0	0	0	1	1	0	0	0	0	0	0	0	0	0	3	5	0	0	0	0	0	1	0	0	0	0	2	0	2	0	0	0	0	0	0	0	0	0	0	0	0	0	0	0	2	0	0	0	0	0	0	1	0	1	1	0	0	0	0	0	1	0	18	0	1	1	1	0	0	2	0	0	0	0	0	0	0	0	2	0	0	0	0	0	0	0	0	0	0	2	0	0	0	0	0	0	0	0	0	2	0	0	0	0	0	0	0	0	0	0	2	0	0	0	0	0	0	0	0	0	0	1	0	1	0	0	0	0	0	0	0	0	0	0	0	0	0	0	0	0	0	0	0	0	0	0	0	0	0	0	0	1	2	0	0	0	0	0	0	0	0	0	0	0	0	1	0	0	0	0	0	0	1	0	0	0	0	0	1	0	1	0	0	6	0	0	0	0	0	0	0	0	0	0	0	0	0	0	0	0	0	0	0	0	0	0	1	0	0	0	1	0	0	0	0	0	0	0	0	0	0	0	0	0	0	0	0	0	0	0	0	0	0	0	0	0	0	0	0	0	0	1	0	0	0	0	0	0	0	0	0	0	0	0	0	0	0	0	0	5	0	1	0	0	0	0	0	0	3	0	0	2	0	0	1	0	0	0	0	0	1	0	2	0	1	1	0	0	0	0	0	0	2	0	2	0	0	2	1	0	0	0	1	0	0	0	0	0	0	0	0	0	0	0	0	0	1	0	0	1	0	0	0	0	0	0	0	0	0	0	0	0	0	0	0	0	0	9	0	0	1	0	2	0	0	1	0	1	3	2	0	0	1	0	0	0	0	0	0	0	0	0	0	0	1	0	0	0	0	0	0	0	0	0	0	0	0	0	0	0	0	0	0	0	0	0	5	0	0	0	0	0	0	2	0	5	0	0	0	0	0	0	4	0	0	0	2	0	0	0	12	0	0	0	0	1	0	0	0	0	0	0	0	0	2	1	0	0	0	0	0	0	3	0	0	3	0	0	0	0	0	3	0	0	0	0	1	0	0	2	0	0	0	0	0	0	0	1	0	0	0	0	0	0	1	0	0	0	0	0	0	0	0	0	0	0	0	0
sORFs	0	0	0	0	0	0	0	0	0	0	0	0	0	0	0	0	0	0	0	0	0	0	0	0	0	0	0	0	0	0	0	0	0	0	0	0	0	0	0	0	0	0	0	0	0	0	0	0	0	0	0	0	0	0	0	0	0	0	0	0	0	0	0	0	0	0	0	0	0	0	0	0	0	0	0	0	0	0	0	0	0	0	0	0	0	0	0	0	0	0	0	0	0	0	0	0	0	0	0	0	0	0	0	0	0	0	0	0	0	0	0	0	0	0	0	0	0	0	0	0	0	0	0	0	0	0	0	0	0	0	0	0	0	0	0	0	0	0	0	0	0	0	0	0	0	0	0	0	0	0	0	0	0	0	0	0	0	0	0	0	0	0	0	0	0	0	0	0	0	0	0	0	0	0	0	0	0	0	0	0	0	0	0	0	0	0	0	0	0	0	0	0	0	0	0	0	0	0	0	0	0	0	0	0	0	0	0	0	0	0	0	0	0	0	0	0	0	0	0	0	0	0	0	0	0	0	0	0	0	0	0	0	0	0	0	0	0	0	0	0	0	0	0	0	0	0	0	0	0	0	0	0	0	0	0	0	0	0	0	0	0	0	0	0	0	0	0	0	0	0	0	0	0	0	0	0	0	0	0	0	0	0	0	0	0	0	0	0	0	0	0	0	0	0	0	0	0	0	0	0	0	0	0	0	0	0	0	0	0	0	0	0	0	0	0	0	0	0	0	0	0	0	0	0	0	0	0	0	0	0	0	0	0	0	0	0	0	0	0	0	0	0	0	0	0	0	0	0	0	0	0	0	0	0	0	0	0	0	0	0	0	0	0	0	0	0	0	0	0	0	0	0	0	0	0	0	0	0	0	0	0	0	0	0	0	0	0	0	0	0	0	0	0	0	0	0	0	0	0	0	0	0	0	0	0	0	0	0	0	0	0	0	0	0	0	0	0	0	0	0	0	0	0	0	0	0	0	0	0	0	0	0	0	0	0	0	0	0	0	0	0	0	0	0	0	0	0	0	0	0	0	0	0	0	0	0	0	0	0	0	0	0	0	0	0	0	0	0	0	0	0	0	0	0	0	0	0	0	0	0	0	0	0	0	0	0	0	0	0	0	0	0	0	0	0	0	0	0	0	0	0	0
signal peptides	0	0	0	0	0	0	0	0	0	0	0	0	0	0	0	0	0	0	0	0	0	0	0	0	0	0	0	0	0	0	0	0	0	0	0	0	0	0	0	0	0	0	0	0	0	0	0	0	0	0	0	0	0	0	0	0	0	0	0	0	0	0	0	0	0	0	0	0	0	0	0	0	0	0	0	0	0	0	0	0	0	0	0	0	0	0	0	0	0	0	0	0	0	0	0	0	0	0	0	0	0	0	0	0	0	0	0	0	0	0	0	0	0	0	0	0	0	0	0	0	0	0	0	0	0	0	0	0	0	0	0	0	0	0	0	0	0	0	0	0	0	0	0	0	0	0	0	0	0	0	0	0	0	0	0	0	0	0	0	0	0	0	0	0	0	0	0	0	0	0	0	0	0	0	0	0	0	0	0	0	0	0	0	0	0	0	0	0	0	0	0	0	0	0	0	0	0	0	0	0	0	0	0	0	0	0	0	0	0	0	0	0	0	0	0	0	0	0	0	0	0	0	0	0	0	0	0	0	0	0	0	0	0	0	0	0	0	0	0	0	0	0	0	0	0	0	0	0	0	0	0	0	0	0	0	0	0	0	0	0	0	0	0	0	0	0	0	0	0	0	0	0	0	0	0	0	0	0	0	0	0	0	0	0	0	0	0	0	0	0	0	0	0	0	0	0	0	0	0	0	0	0	0	0	0	0	0	0	0	0	0	0	0	0	0	0	0	0	0	0	0	0	0	0	0	0	0	0	0	0	0	0	0	0	0	0	0	0	0	0	0	0	0	0	0	0	0	0	0	0	0	0	0	0	0	0	0	0	0	0	0	0	0	0	0	0	0	0	0	0	0	0	0	0	0	0	0	0	0	0	0	0	0	0	0	0	0	0	0	0	0	0	0	0	0	0	0	0	0	0	0	0	0	0	0	0	0	0	0	0	0	0	0	0	0	0	0	0	0	0	0	0	0	0	0	0	0	0	0	0	0	0	0	0	0	0	0	0	0	0	0	0	0	0	0	0	0	0	0	0	0	0	0	0	0	0	0	0	0	0	0	0	0	0	0	0	0	0	0	0	0	0	0	0	0	0	0	0	0	0	0	0	0	0	0	0	0	0	0	0	0	0	0	0	0	0	0	0	0	0	0	0
tRNAs	21	0	2	5	72	0	0	0	33	0	1	0	3	1	0	0	0	0	1	38	3	38	61	30	21	0	0	23	15	0	10	1	1	2	0	4	1	1	4	45	17	1	2	3	0	2	0	3	1	30	24	2	2	2	0	5	3	0	3	3	2	17	0	0	1	6	0	25	1	0	0	26	0	0	34	21	29	18	34	33	15	46	34	7	26	25	299	10	8	3	0	45	20	13	7	11	6	0	0	2	0	1	34	0	5	1	5	3	5	0	0	0	0	30	1	10	1	13	4	2	0	5	4	31	0	0	2	9	2	1	3	2	3	1	34	0	11	2	4	2	0	16	1	2	1	20	0	2	0	2	11	3	2	7	0	1	2	0	0	0	0	0	0	0	0	1	0	0	9	1	1	2	1	0	1	1	0	0	0	0	0	0	3	0	0	0	0	0	2	0	2	0	0	0	0	0	0	0	0	0	0	0	7	0	0	0	0	350	0	0	0	0	0	0	0	1	5	8	0	0	62	0	0	0	0	0	0	0	1	4	9	0	0	0	0	0	3	0	0	1	0	0	0	0	2	0	0	0	0	0	0	1	2	0	0	2	0	0	0	10	0	0	0	0	0	0	0	3	0	1	0	0	0	0	2	0	0	0	0	0	0	0	0	390	0	0	0	1	2	0	1	0	2	0	3	12	0	2	34	0	0	1	0	0	1	0	109	0	0	2	0	0	0	0	0	0	1390	1	3	0	0	0	133	0	1	0	0	58	2	7	0	0	1	0	0	1	0	0	0	2	2	2	0	0	0	1	0	0	0	2	0	1	1	2	2	0	0	16	0	0	0	89	0	0	54	1	4	0	0	0	0	0	45	1	0	0	0	3	3	0	4	0	0	0	5	0	0	0	4	0	1	0	0	0	1	0	0	0	0	6	0	2	1	0	0	0	0	0	0	0	54	0	0	0	0	0	1	20	0	9	0	0	0	2	0	0	157	0	0	0	1	0	0	0	288	0	11	0	0	2	0	0	2	0	0	1	51	30	881	2	14	2	8	0	0	0	4	9	0	23	2	0	10	3	6	57	8	0	0	1	64	0	0	75	1	2	0	2	1	1	18	1	1	0	2	203	8	0	4	1	0	1	8	1	3	6	92	9	3	0	0	10
tmRNAs	0	0	0	0	0	0	0	0	0	0	0	0	0	0	0	0	0	0	0	0	0	1	1	0	0	0	0	0	0	0	2	0	0	0	0	0	0	0	0	0	1	0	0	0	0	0	0	0	0	1	1	0	0	0	0	0	0	0	0	0	0	1	0	0	0	0	0	0	0	0	0	0	0	0	0	0	1	0	1	1	0	1	0	0	0	0	0	0	0	0	0	1	1	0	0	0	0	0	0	0	0	0	2	0	0	0	0	0	1	0	0	0	0	0	0	0	0	0	0	0	0	0	0	1	0	0	0	0	0	0	1	0	0	0	1	0	0	0	0	0	0	0	0	0	0	1	0	0	0	0	0	0	0	0	0	0	0	0	0	0	0	0	0	0	0	0	0	0	0	0	0	0	0	0	0	0	0	0	0	0	0	0	0	0	0	0	0	0	0	0	0	0	0	0	0	0	0	0	0	0	0	0	0	0	0	0	0	0	0	0	0	0	0	0	0	0	0	0	0	0	0	0	0	0	0	0	0	0	0	0	0	0	0	0	0	0	0	0	0	0	0	0	0	0	0	0	0	0	0	0	0	0	0	0	0	0	0	0	0	0	0	0	0	0	0	0	0	0	0	0	0	0	0	0	0	0	0	0	0	0	0	0	0	0	0	0	0	0	0	0	0	0	0	0	0	1	0	0	0	0	0	0	0	0	0	0	0	0	0	0	0	0	0	0	0	0	0	0	0	0	0	1	0	0	0	0	0	1	0	0	0	0	0	0	0	0	0	0	0	0	0	1	0	0	0	0	0	0	0	0	0	0	0	0	0	0	0	0	0	0	0	0	0	0	0	0	0	0	0	0	0	0	1	0	0	0	0	0	0	0	0	0	0	1	0	0	0	0	0	0	0	0	0	0	0	0	0	0	0	0	0	0	0	0	0	0	0	0	0	0	0	0	0	0	0	0	0	0	0	0	0	0	0	0	0	0	0	0	0	0	0	0	0	1	1	0	0	0	0	0	0	0	0	0	0	0	0	0	0	0	0	0	0	0	0	0	0	0	0	0	0	0	0	0	0	0	0	0	0	0	0	0	0	0	0	0	0	0	0	0	0	0	0	0	0	0	0	0	0	0	0	0	0	0	0	0	0	0	0	0	0	0
