Assembly	1_binette_bin2.fasta	1_binette_bin23.fasta	1_binette_bin47.fasta	1_binette_bin48.fasta	1_binette_bin5.fasta	1_binette_bin53.fasta	1_binette_bin56.fasta	1_binette_bin7.fasta	2_binette_bin1.fasta	2_binette_bin100.fasta	2_binette_bin101.fasta	2_binette_bin102.fasta	2_binette_bin103.fasta	2_binette_bin104.fasta	2_binette_bin105.fasta	2_binette_bin106.fasta	2_binette_bin107.fasta	2_binette_bin108.fasta	2_binette_bin109.fasta	2_binette_bin11.fasta	2_binette_bin110.fasta	2_binette_bin12.fasta	2_binette_bin13.fasta	2_binette_bin14.fasta	2_binette_bin15.fasta	2_binette_bin156.fasta	2_binette_bin157.fasta	2_binette_bin16.fasta	2_binette_bin17.fasta	2_binette_bin175.fasta	2_binette_bin18.fasta	2_binette_bin181.fasta	2_binette_bin182.fasta	2_binette_bin183.fasta	2_binette_bin184.fasta	2_binette_bin185.fasta	2_binette_bin186.fasta	2_binette_bin187.fasta	2_binette_bin188.fasta	2_binette_bin189.fasta	2_binette_bin19.fasta	2_binette_bin190.fasta	2_binette_bin191.fasta	2_binette_bin192.fasta	2_binette_bin193.fasta	2_binette_bin195.fasta	2_binette_bin196.fasta	2_binette_bin198.fasta	2_binette_bin199.fasta	2_binette_bin2.fasta	2_binette_bin20.fasta	2_binette_bin200.fasta	2_binette_bin201.fasta	2_binette_bin202.fasta	2_binette_bin203.fasta	2_binette_bin204.fasta	2_binette_bin205.fasta	2_binette_bin206.fasta	2_binette_bin207.fasta	2_binette_bin208.fasta	2_binette_bin209.fasta	2_binette_bin21.fasta	2_binette_bin210.fasta	2_binette_bin211.fasta	2_binette_bin212.fasta	2_binette_bin214.fasta	2_binette_bin215.fasta	2_binette_bin216.fasta	2_binette_bin217.fasta	2_binette_bin218.fasta	2_binette_bin219.fasta	2_binette_bin22.fasta	2_binette_bin220.fasta	2_binette_bin225.fasta	2_binette_bin23.fasta	2_binette_bin24.fasta	2_binette_bin25.fasta	2_binette_bin26.fasta	2_binette_bin27.fasta	2_binette_bin28.fasta	2_binette_bin29.fasta	2_binette_bin3.fasta	2_binette_bin30.fasta	2_binette_bin31.fasta	2_binette_bin33.fasta	2_binette_bin34.fasta	2_binette_bin35.fasta	2_binette_bin36.fasta	2_binette_bin37.fasta	2_binette_bin38.fasta	2_binette_bin39.fasta	2_binette_bin4.fasta	2_binette_bin40.fasta	2_binette_bin41.fasta	2_binette_bin42.fasta	2_binette_bin43.fasta	2_binette_bin44.fasta	2_binette_bin45.fasta	2_binette_bin46.fasta	2_binette_bin47.fasta	2_binette_bin48.fasta	2_binette_bin49.fasta	2_binette_bin5.fasta	2_binette_bin50.fasta	2_binette_bin51.fasta	2_binette_bin52.fasta	2_binette_bin53.fasta	2_binette_bin54.fasta	2_binette_bin55.fasta	2_binette_bin56.fasta	2_binette_bin57.fasta	2_binette_bin58.fasta	2_binette_bin59.fasta	2_binette_bin6.fasta	2_binette_bin60.fasta	2_binette_bin61.fasta	2_binette_bin62.fasta	2_binette_bin64.fasta	2_binette_bin65.fasta	2_binette_bin66.fasta	2_binette_bin67.fasta	2_binette_bin68.fasta	2_binette_bin69.fasta	2_binette_bin7.fasta	2_binette_bin70.fasta	2_binette_bin71.fasta	2_binette_bin72.fasta	2_binette_bin73.fasta	2_binette_bin74.fasta	2_binette_bin75.fasta	2_binette_bin76.fasta	2_binette_bin77.fasta	2_binette_bin78.fasta	2_binette_bin79.fasta	2_binette_bin8.fasta	2_binette_bin80.fasta	2_binette_bin81.fasta	2_binette_bin82.fasta	2_binette_bin83.fasta	2_binette_bin84.fasta	2_binette_bin85.fasta	2_binette_bin86.fasta	2_binette_bin87.fasta	2_binette_bin88.fasta	2_binette_bin89.fasta	2_binette_bin9.fasta	2_binette_bin90.fasta	2_binette_bin91.fasta	2_binette_bin92.fasta	2_binette_bin93.fasta	2_binette_bin94.fasta	2_binette_bin95.fasta	2_binette_bin96.fasta	2_binette_bin97.fasta	2_binette_bin98.fasta	2_binette_bin99.fasta	3_binette_bin10.fasta	3_binette_bin100.fasta	3_binette_bin104.fasta	3_binette_bin109.fasta	3_binette_bin116.fasta	3_binette_bin117.fasta	3_binette_bin118.fasta	3_binette_bin119.fasta	3_binette_bin12.fasta	3_binette_bin120.fasta	3_binette_bin121.fasta	3_binette_bin122.fasta	3_binette_bin123.fasta	3_binette_bin124.fasta	3_binette_bin125.fasta	3_binette_bin126.fasta	3_binette_bin127.fasta	3_binette_bin128.fasta	3_binette_bin129.fasta	3_binette_bin13.fasta	3_binette_bin130.fasta	3_binette_bin131.fasta	3_binette_bin132.fasta	3_binette_bin133.fasta	3_binette_bin134.fasta	3_binette_bin135.fasta	3_binette_bin137.fasta	3_binette_bin138.fasta	3_binette_bin139.fasta	3_binette_bin14.fasta	3_binette_bin140.fasta	3_binette_bin141.fasta	3_binette_bin142.fasta	3_binette_bin143.fasta	3_binette_bin144.fasta	3_binette_bin145.fasta	3_binette_bin146.fasta	3_binette_bin147.fasta	3_binette_bin148.fasta	3_binette_bin149.fasta	3_binette_bin15.fasta	3_binette_bin150.fasta	3_binette_bin151.fasta	3_binette_bin152.fasta	3_binette_bin153.fasta	3_binette_bin154.fasta	3_binette_bin155.fasta	3_binette_bin156.fasta	3_binette_bin157.fasta	3_binette_bin158.fasta	3_binette_bin159.fasta	3_binette_bin16.fasta	3_binette_bin160.fasta	3_binette_bin161.fasta	3_binette_bin162.fasta	3_binette_bin163.fasta	3_binette_bin164.fasta	3_binette_bin165.fasta	3_binette_bin166.fasta	3_binette_bin167.fasta	3_binette_bin169.fasta	3_binette_bin17.fasta	3_binette_bin170.fasta	3_binette_bin171.fasta	3_binette_bin172.fasta	3_binette_bin173.fasta	3_binette_bin174.fasta	3_binette_bin175.fasta	3_binette_bin176.fasta	3_binette_bin177.fasta	3_binette_bin178.fasta	3_binette_bin179.fasta	3_binette_bin18.fasta	3_binette_bin180.fasta	3_binette_bin181.fasta	3_binette_bin182.fasta	3_binette_bin183.fasta	3_binette_bin184.fasta	3_binette_bin185.fasta	3_binette_bin186.fasta	3_binette_bin187.fasta	3_binette_bin188.fasta	3_binette_bin189.fasta	3_binette_bin19.fasta	3_binette_bin190.fasta	3_binette_bin191.fasta	3_binette_bin192.fasta	3_binette_bin193.fasta	3_binette_bin194.fasta	3_binette_bin195.fasta	3_binette_bin196.fasta	3_binette_bin197.fasta	3_binette_bin198.fasta	3_binette_bin199.fasta	3_binette_bin2.fasta	3_binette_bin20.fasta	3_binette_bin200.fasta	3_binette_bin201.fasta	3_binette_bin202.fasta	3_binette_bin203.fasta	3_binette_bin204.fasta	3_binette_bin205.fasta	3_binette_bin206.fasta	3_binette_bin207.fasta	3_binette_bin208.fasta	3_binette_bin209.fasta	3_binette_bin21.fasta	3_binette_bin210.fasta	3_binette_bin211.fasta	3_binette_bin212.fasta	3_binette_bin213.fasta	3_binette_bin214.fasta	3_binette_bin215.fasta	3_binette_bin216.fasta	3_binette_bin217.fasta	3_binette_bin218.fasta	3_binette_bin22.fasta	3_binette_bin220.fasta	3_binette_bin221.fasta	3_binette_bin222.fasta	3_binette_bin223.fasta	3_binette_bin224.fasta	3_binette_bin225.fasta	3_binette_bin226.fasta	3_binette_bin227.fasta	3_binette_bin228.fasta	3_binette_bin229.fasta	3_binette_bin23.fasta	3_binette_bin230.fasta	3_binette_bin231.fasta	3_binette_bin232.fasta	3_binette_bin233.fasta	3_binette_bin238.fasta	3_binette_bin24.fasta	3_binette_bin25.fasta	3_binette_bin26.fasta	3_binette_bin27.fasta	3_binette_bin28.fasta	3_binette_bin29.fasta	3_binette_bin3.fasta	3_binette_bin30.fasta	3_binette_bin31.fasta	3_binette_bin32.fasta	3_binette_bin33.fasta	3_binette_bin34.fasta	3_binette_bin35.fasta	3_binette_bin36.fasta	3_binette_bin37.fasta	3_binette_bin38.fasta	3_binette_bin39.fasta	3_binette_bin4.fasta	3_binette_bin40.fasta	3_binette_bin41.fasta	3_binette_bin42.fasta	3_binette_bin43.fasta	3_binette_bin44.fasta	3_binette_bin45.fasta	3_binette_bin46.fasta	3_binette_bin47.fasta	3_binette_bin48.fasta	3_binette_bin49.fasta	3_binette_bin5.fasta	3_binette_bin50.fasta	3_binette_bin51.fasta	3_binette_bin52.fasta	3_binette_bin53.fasta	3_binette_bin54.fasta	3_binette_bin55.fasta	3_binette_bin56.fasta	3_binette_bin57.fasta	3_binette_bin58.fasta	3_binette_bin59.fasta	3_binette_bin6.fasta	3_binette_bin60.fasta	3_binette_bin61.fasta	3_binette_bin62.fasta	3_binette_bin63.fasta	3_binette_bin64.fasta	3_binette_bin65.fasta	3_binette_bin66.fasta	3_binette_bin67.fasta	3_binette_bin68.fasta	3_binette_bin69.fasta	3_binette_bin7.fasta	3_binette_bin70.fasta	3_binette_bin71.fasta	3_binette_bin72.fasta	3_binette_bin73.fasta	3_binette_bin74.fasta	3_binette_bin75.fasta	3_binette_bin76.fasta	3_binette_bin77.fasta	3_binette_bin78.fasta	3_binette_bin79.fasta	3_binette_bin8.fasta	3_binette_bin80.fasta	3_binette_bin81.fasta	3_binette_bin82.fasta	3_binette_bin83.fasta	3_binette_bin84.fasta	3_binette_bin85.fasta	3_binette_bin86.fasta	3_binette_bin87.fasta	3_binette_bin88.fasta	3_binette_bin89.fasta	3_binette_bin9.fasta	3_binette_bin90.fasta	3_binette_bin91.fasta	3_binette_bin92.fasta	3_binette_bin93.fasta	3_binette_bin94.fasta	3_binette_bin95.fasta	3_binette_bin96.fasta	3_binette_bin97.fasta	3_binette_bin98.fasta	3_binette_bin99.fasta	4_binette_bin1.fasta	4_binette_bin10.fasta	4_binette_bin101.fasta	4_binette_bin102.fasta	4_binette_bin103.fasta	4_binette_bin104.fasta	4_binette_bin108.fasta	4_binette_bin109.fasta	4_binette_bin11.fasta	4_binette_bin110.fasta	4_binette_bin111.fasta	4_binette_bin112.fasta	4_binette_bin113.fasta	4_binette_bin116.fasta	4_binette_bin117.fasta	4_binette_bin119.fasta	4_binette_bin12.fasta	4_binette_bin120.fasta	4_binette_bin121.fasta	4_binette_bin122.fasta	4_binette_bin123.fasta	4_binette_bin124.fasta	4_binette_bin125.fasta	4_binette_bin126.fasta	4_binette_bin127.fasta	4_binette_bin128.fasta	4_binette_bin129.fasta	4_binette_bin13.fasta	4_binette_bin130.fasta	4_binette_bin131.fasta	4_binette_bin132.fasta	4_binette_bin133.fasta	4_binette_bin134.fasta	4_binette_bin135.fasta	4_binette_bin136.fasta	4_binette_bin137.fasta	4_binette_bin138.fasta	4_binette_bin139.fasta	4_binette_bin14.fasta	4_binette_bin140.fasta	4_binette_bin15.fasta	4_binette_bin16.fasta	4_binette_bin17.fasta	4_binette_bin18.fasta	4_binette_bin19.fasta	4_binette_bin2.fasta	4_binette_bin20.fasta	4_binette_bin21.fasta	4_binette_bin22.fasta	4_binette_bin23.fasta	4_binette_bin24.fasta	4_binette_bin25.fasta	4_binette_bin29.fasta	4_binette_bin32.fasta	4_binette_bin4.fasta	4_binette_bin44.fasta	4_binette_bin5.fasta	4_binette_bin6.fasta	4_binette_bin7.fasta	4_binette_bin8.fasta	4_binette_bin82.fasta	4_binette_bin9.fasta	5_binette_bin1.fasta	5_binette_bin28.fasta	5_binette_bin3.fasta	5_binette_bin49.fasta	6_binette_bin20.fasta	6_binette_bin35.fasta	6_binette_bin36.fasta	6_binette_bin37.fasta	7_binette_bin12.fasta	7_binette_bin15.fasta	7_binette_bin18.fasta	7_binette_bin25.fasta	7_binette_bin3.fasta	7_binette_bin4.fasta	7_binette_bin5.fasta	7_binette_bin6.fasta	7_binette_bin63.fasta	7_binette_bin65.fasta	7_binette_bin66.fasta	7_binette_bin67.fasta	7_binette_bin68.fasta	7_binette_bin69.fasta	7_binette_bin7.fasta	7_binette_bin70.fasta	7_binette_bin71.fasta	7_binette_bin72.fasta	7_binette_bin73.fasta	7_binette_bin74.fasta	7_binette_bin77.fasta	7_binette_bin78.fasta	7_binette_bin79.fasta	7_binette_bin8.fasta	7_binette_bin80.fasta	7_binette_bin81.fasta	7_binette_bin82.fasta	7_binette_bin83.fasta	7_binette_bin9.fasta	8_binette_bin10.fasta	8_binette_bin26.fasta	8_binette_bin3.fasta	8_binette_bin31.fasta	8_binette_bin4.fasta	8_binette_bin40.fasta	8_binette_bin5.fasta	8_binette_bin61.fasta	8_binette_bin63.fasta	8_binette_bin66.fasta	8_binette_bin71.fasta	8_binette_bin72.fasta	8_binette_bin73.fasta	8_binette_bin74.fasta	8_binette_bin75.fasta	8_binette_bin76.fasta	8_binette_bin77.fasta	8_binette_bin78.fasta	8_binette_bin79.fasta	8_binette_bin8.fasta	8_binette_bin80.fasta	8_binette_bin81.fasta	8_binette_bin82.fasta	8_binette_bin83.fasta	8_binette_bin84.fasta	8_binette_bin85.fasta	8_binette_bin86.fasta	8_binette_bin87.fasta	8_binette_bin88.fasta	8_binette_bin89.fasta	8_binette_bin90.fasta
# N's per 100 kbp	0.00	0.00	0.00	0.00	0.00	0.00	0.00	0.00	0.00	0.00	0.00	0.00	0.00	0.00	0.00	0.00	0.00	0.00	0.00	0.00	0.00	0.00	0.00	0.00	0.00	0.00	0.00	0.00	0.00	0.00	0.00	0.00	0.00	0.00	0.00	0.00	0.00	0.00	0.00	0.00	0.00	0.00	0.00	0.00	0.00	0.00	0.00	0.00	0.00	0.00	0.00	0.00	0.00	0.00	0.00	0.00	0.00	0.00	0.00	0.00	0.00	0.00	0.00	0.00	0.00	0.00	0.00	0.00	0.00	0.00	0.00	0.00	0.00	0.00	0.00	0.00	0.00	0.00	0.00	0.00	0.00	0.00	0.00	0.00	0.00	0.00	0.00	0.00	0.00	0.00	0.00	0.00	0.00	0.00	0.00	0.00	0.00	0.00	0.00	0.00	0.00	0.00	0.00	0.00	0.00	0.00	0.00	0.00	0.00	0.00	0.00	0.00	0.00	0.00	0.00	0.00	0.00	0.00	0.00	0.00	0.00	0.00	0.00	0.00	0.00	0.00	0.00	0.00	0.00	0.00	0.00	0.00	0.00	0.00	0.00	0.00	0.00	0.00	0.00	0.00	0.00	0.00	0.00	0.00	0.00	0.00	0.00	0.00	0.00	0.00	0.00	0.00	0.00	0.00	0.00	0.00	0.00	0.00	0.00	0.00	0.00	0.00	0.00	0.00	0.00	0.00	0.00	0.00	0.00	0.00	0.00	0.00	0.00	0.00	0.00	0.00	0.00	0.00	0.00	0.00	0.00	0.00	0.00	0.00	0.00	0.00	0.00	0.00	0.00	0.00	0.00	0.00	0.00	0.00	0.00	0.00	0.00	0.00	0.00	0.00	0.00	0.00	0.00	0.00	0.00	0.00	0.00	0.00	0.00	0.00	0.00	0.00	0.00	0.00	0.00	0.00	0.00	0.00	0.00	0.00	0.00	0.00	0.00	0.00	0.00	0.00	0.00	0.00	0.00	0.00	0.00	0.00	0.00	0.00	0.00	0.00	0.00	0.00	0.00	0.00	0.00	0.00	0.00	0.00	0.00	0.00	0.00	0.00	0.00	0.00	0.00	0.00	0.00	0.00	0.00	0.00	0.00	0.00	0.00	0.00	0.00	0.00	0.00	0.00	0.00	0.00	0.00	0.00	0.00	0.00	0.00	0.00	0.00	0.00	0.00	0.00	0.00	0.00	0.00	0.00	0.00	0.00	0.00	0.00	0.00	0.00	0.00	0.00	0.00	0.00	0.00	0.00	0.00	0.00	0.00	0.00	0.00	0.00	0.00	0.00	0.00	0.00	0.00	0.00	0.00	0.00	0.00	0.00	0.00	0.00	0.00	0.00	0.00	0.00	0.00	0.00	0.00	0.00	0.00	0.00	0.00	0.00	0.00	0.00	0.00	0.00	0.00	0.00	0.00	0.00	0.00	0.00	0.00	0.00	0.00	0.00	0.00	0.00	0.00	0.00	0.00	0.00	0.00	0.00	0.00	0.00	0.00	0.00	0.00	0.00	0.00	0.00	0.00	0.00	0.00	0.00	0.00	0.00	0.00	0.00	0.00	0.00	0.00	0.00	0.00	0.00	0.00	0.00	0.00	0.00	0.00	0.00	0.00	0.00	0.00	0.00	0.00	0.00	0.00	0.00	0.00	0.00	0.00	0.00	0.00	0.00	0.00	0.00	0.00	0.00	0.00	0.00	0.00	0.00	0.00	0.00	0.00	0.00	0.00	0.00	0.00	0.00	0.00	0.00	0.00	0.00	0.00	0.00	0.00	0.00	0.00	0.00	0.00	0.00	0.00	0.00	0.00	0.00	0.00	0.00	0.00	0.00	0.00	0.00	0.00	0.00	0.00	0.00	0.00	0.00	0.00	0.00	0.00	0.00	0.00	0.00	0.00	0.00	0.00	0.00	0.00	0.00	0.00	0.00	0.00	0.00	0.00	0.00	0.00	0.00	0.00	0.00	0.00	0.00	0.00	0.00	0.00	0.00	0.00	0.00	0.00	0.00	0.00	0.00	0.00	0.00	0.00	0.00	0.00	0.00	0.00	0.00	0.00	0.00	0.00	0.00	0.00	0.00	0.00	0.00	0.00	0.00	0.00	0.00	0.00	0.00	0.00	0.00	0.00	0.00	0.00	0.00	0.00	0.00	0.00	0.00	0.00	0.00	0.00	0.00	0.00	0.00
# contigs	3686	727	294	795	702	1809	58	19	104	75	360	324	107	292	102	317	173	1227	531	435	38	460	2496	410	505	271	48	831	1030	217	815	128	87	117	449	57	203	212	460	208	372	602	50	125	184	136	121	592	100	434	627	38	169	304	228	219	122	177	262	163	197	699	201	102	173	186	155	65	132	208	236	655	29	231	678	887	734	716	520	506	1209	4017	136	897	577	487	3727	655	933	2569	6839	818	177	165	841	826	434	296	233	558	661	421	571	1030	242	622	364	632	461	806	638	359	408	331	197	106	184	256	173	375	203	275	382	351	257	346	195	374	381	274	138	193	290	218	369	892	986	108	126	159	349	330	198	262	85	436	309	226	35	302	250	50	185	222	1333	728	1386	1148	37	41	929	1382	240	276	669	228	745	738	424	214	273	336	298	128	225	4528	158	267	318	193	41	389	236	164	186	3755	97	411	665	434	61	314	345	101	544	682	5426	149	116	111	270	228	423	94	361	345	173	3997	287	55	108	253	466	375	183	267	195	1710	203	84	608	67	96	91	183	58	245	263	1051	275	314	135	1324	1574	159	253	317	503	224	1994	189	174	100	87	147	180	216	135	62	131	288	814	76	96	75	86	97	89	89	186	89	75	890	79	164	71	179	168	107	129	54	87	2098	95	148	65	90	65	82	59	48	55	75	4246	203	57	42	53	551	1085	1161	964	4176	2138	1386	4218	2820	1831	586	256	1396	439	1336	2720	357	477	7753	1215	353	1645	429	2125	690	839	777	110	3136	1865	758	183	490	2453	1426	322	836	1178	982	395	1847	763	644	571	1357	519	2212	116	1280	393	419	2692	1171	984	1111	571	302	798	212	745	60	398	4010	667	177	180	186	265	730	931	429	801	1107	5632	198	1082	2717	842	455	659	253	1934	619	773	211	2170	710	227	584	381	531	118	4719	159	563	120	165	203	523	204	1110	194	82	137	217	110	202	2190	67	136	273	3051	169	63	296	52	119	137	59	52	76	584	2873	81	366	394	1566	982	196	3047	682	146	161	314	616	3763	118	91	1919	40	2750	1913	2466	2320	48	2261	5469	387	1587	118	278	58	60	54	124	137	37	67	3358	3800	4601	666	658	388	114	51	243	153	1154	103	66	99	61	116	85	233	73	3276	107	86	698	78	2830	120	44	3301	58	664	628	77	574	285	1618	133	208	306	179	312	114	236	194	192	72	276	164	157	259	248	173	185	189	161	148	166
# contigs (>= 0 bp)	3686	727	294	795	702	1809	58	19	104	75	360	324	107	292	102	317	173	1227	531	435	38	460	2496	410	505	271	48	831	1030	217	815	128	87	117	449	57	203	212	460	208	372	602	50	125	184	136	121	592	100	434	627	38	169	304	228	219	122	177	262	163	197	699	201	102	173	186	155	65	132	208	236	655	29	231	678	887	734	716	520	506	1209	4017	136	897	577	487	3727	655	933	2569	6839	818	177	165	841	826	434	296	233	558	661	421	571	1030	242	622	364	632	461	806	638	359	408	331	197	106	184	256	173	375	203	275	382	351	257	346	195	374	381	274	138	193	290	218	369	892	986	108	126	159	349	330	198	262	85	436	309	226	35	302	250	50	185	222	1333	728	1386	1148	37	41	929	1382	240	276	669	228	745	738	424	214	273	336	298	128	225	4528	158	267	318	193	41	389	236	164	186	3755	97	411	665	434	61	314	345	101	544	682	5426	149	116	111	270	228	423	94	361	345	173	3997	287	55	108	253	466	375	183	267	195	1710	203	84	608	67	96	91	183	58	245	263	1051	275	314	135	1324	1574	159	253	317	503	224	1994	189	174	100	87	147	180	216	135	62	131	288	814	76	96	75	86	97	89	89	186	89	75	890	79	164	71	179	168	107	129	54	87	2098	95	148	65	90	65	82	59	48	55	75	4246	203	57	42	53	551	1085	1161	964	4176	2138	1386	4218	2820	1831	586	256	1396	439	1336	2720	357	477	7753	1215	353	1645	429	2125	690	839	777	110	3136	1865	758	183	490	2453	1426	322	836	1178	982	395	1847	763	644	571	1357	519	2212	116	1280	393	419	2692	1171	984	1111	571	302	798	212	745	60	398	4010	667	177	180	186	265	730	931	429	801	1107	5632	198	1082	2717	842	455	659	253	1934	619	773	211	2170	710	227	584	381	531	118	4719	159	563	120	165	203	523	204	1110	194	82	137	217	110	202	2190	67	136	273	3051	169	63	296	52	119	137	59	52	76	584	2873	81	366	394	1566	982	196	3047	682	146	161	314	616	3763	118	91	1919	40	2750	1913	2466	2320	48	2261	5469	387	1587	118	278	58	60	54	124	137	37	67	3358	3800	4601	666	658	388	114	51	243	153	1154	103	66	99	61	116	85	233	73	3276	107	86	698	78	2830	120	44	3301	58	664	628	77	574	285	1618	133	208	306	179	312	114	236	194	192	72	276	164	157	259	248	173	185	189	161	148	166
# contigs (>= 1000 bp)	3686	727	294	795	702	1809	58	19	104	75	360	324	107	292	102	317	173	1227	531	435	38	460	2496	410	505	271	48	831	1030	217	815	128	87	117	449	57	203	212	460	208	372	602	50	125	184	136	121	592	100	434	627	38	169	304	228	219	122	177	262	163	197	699	201	102	173	186	155	65	132	208	236	655	29	231	678	887	734	716	520	506	1209	4017	136	897	577	487	3727	655	933	2569	6839	818	177	165	841	826	434	296	233	558	661	421	571	1030	242	622	364	632	461	806	638	359	408	331	197	106	184	256	173	375	203	275	382	351	257	346	195	374	381	274	138	193	290	218	369	892	986	108	126	159	349	330	198	262	85	436	309	226	35	302	250	50	185	222	1333	728	1386	1148	37	41	929	1382	240	276	669	228	745	738	424	214	273	336	298	128	225	4528	158	267	318	193	41	389	236	164	186	3755	97	411	665	434	61	314	345	101	544	682	5426	149	116	111	270	228	423	94	361	345	173	3997	287	55	108	253	466	375	183	267	195	1710	203	84	608	67	96	91	183	58	245	263	1051	275	314	135	1324	1574	159	253	317	503	224	1994	189	174	100	87	147	180	216	135	62	131	288	814	76	96	75	86	97	89	89	186	89	75	890	79	164	71	179	168	107	129	54	87	2098	95	148	65	90	65	82	59	48	55	75	4246	203	57	42	53	551	1085	1161	964	4176	2138	1386	4218	2820	1831	586	256	1396	439	1336	2720	357	477	7753	1215	353	1645	429	2125	690	839	777	110	3136	1865	758	183	490	2453	1426	322	836	1178	982	395	1847	763	644	571	1357	519	2212	116	1280	393	419	2692	1171	984	1111	571	302	798	212	745	60	398	4010	667	177	180	186	265	730	931	429	801	1107	5632	198	1082	2717	842	455	659	253	1934	619	773	211	2170	710	227	584	381	531	118	4719	159	563	120	165	203	523	204	1110	194	82	137	217	110	202	2190	67	136	273	3051	169	63	296	52	119	137	59	52	76	584	2873	81	366	394	1566	982	196	3047	682	146	161	314	616	3763	118	91	1919	40	2750	1913	2466	2320	48	2261	5469	387	1587	118	278	58	60	54	124	137	37	67	3358	3800	4601	666	658	388	114	51	243	153	1154	103	66	99	61	116	85	233	73	3276	107	86	698	78	2830	120	44	3301	58	664	628	77	574	285	1618	133	208	306	179	312	114	236	194	192	72	276	164	157	259	248	173	185	189	161	148	166
GC (%)	40.81	46.63	35.21	45.48	42.68	47.60	42.66	53.21	50.45	53.85	53.46	54.24	38.04	53.14	57.36	57.63	49.44	35.44	52.20	51.50	42.69	48.89	37.47	53.57	43.31	44.27	48.67	59.07	56.61	44.31	51.61	46.46	52.67	49.07	38.24	53.41	49.63	50.68	58.12	39.80	52.12	51.40	48.44	51.09	56.20	41.07	53.68	47.22	53.15	54.29	54.26	52.63	58.96	50.27	60.98	46.55	55.43	53.21	51.24	43.43	37.29	54.07	53.89	40.20	55.65	49.65	36.40	34.47	50.50	53.13	45.63	48.24	53.03	56.78	34.32	52.61	51.98	52.84	53.23	54.42	60.35	56.82	43.81	55.00	54.61	53.92	45.92	57.48	50.60	42.52	34.59	52.73	46.39	34.51	56.16	45.86	51.61	60.00	58.88	54.21	57.23	51.29	55.63	48.56	45.42	35.49	38.33	48.94	45.25	61.12	58.23	58.22	56.50	54.46	55.25	55.99	44.45	44.59	48.68	52.82	46.26	58.64	48.46	55.05	51.30	51.72	49.64	54.81	46.10	55.66	60.34	53.41	52.34	46.78	57.81	49.67	48.06	34.82	53.93	38.56	57.87	48.89	55.00	53.26	50.67	55.12	55.96	54.34	53.62	53.35	52.21	44.76	51.85	48.72	43.69	52.37	41.53	39.39	48.94	45.68	35.79	30.29	51.09	43.69	63.66	46.48	60.21	51.89	50.91	54.36	43.90	36.75	44.93	45.48	38.42	47.21	47.28	49.33	38.76	46.23	48.68	46.88	48.99	43.67	39.16	37.15	47.44	40.23	42.87	41.96	45.46	37.73	46.38	38.12	37.23	47.23	36.74	59.57	59.55	45.27	42.91	45.88	43.98	52.90	38.40	53.35	40.14	45.46	44.30	41.59	55.49	54.12	50.55	53.97	55.86	45.52	46.63	48.77	41.31	45.30	45.08	61.18	45.58	53.92	45.18	46.75	34.42	52.04	46.83	39.83	43.32	42.79	40.92	52.57	44.35	55.83	42.28	32.44	38.89	45.49	43.46	56.20	42.05	43.37	44.27	51.15	47.74	46.11	58.07	44.40	63.86	52.76	45.39	50.58	49.77	51.39	42.54	49.82	41.01	42.92	37.70	41.97	54.09	48.29	34.38	40.01	33.68	44.03	43.40	45.16	60.62	38.25	39.36	38.64	56.25	56.25	48.50	54.79	53.18	47.80	33.17	61.73	45.34	44.79	50.65	54.63	38.13	40.60	48.15	44.89	50.29	54.44	40.06	44.69	47.41	61.52	52.04	50.03	48.40	45.70	39.56	58.63	55.54	45.06	46.44	57.34	46.01	39.36	62.50	39.88	46.62	43.50	59.69	60.99	36.60	55.54	44.40	60.78	48.50	60.58	43.49	37.55	44.73	49.98	43.98	50.20	46.23	44.98	47.72	43.83	34.94	58.65	47.23	58.57	39.28	45.26	39.70	59.13	56.95	38.09	50.96	48.26	38.03	39.18	46.21	40.97	46.04	44.88	29.23	41.99	37.65	50.52	45.23	46.44	45.64	53.80	47.66	45.33	49.75	42.08	38.36	45.43	58.56	55.52	45.06	38.88	40.10	43.65	39.22	31.50	59.12	36.74	68.13	49.59	41.97	42.37	49.43	58.04	65.98	63.13	44.53	51.05	46.23	60.63	45.17	37.13	47.54	37.58	62.37	47.91	46.16	53.52	45.26	45.18	48.65	32.81	64.72	63.22	34.25	53.50	42.74	39.02	50.53	45.32	51.89	34.33	45.26	54.96	48.71	44.42	46.56	42.70	53.76	43.22	39.45	41.17	64.95	57.06	54.50	51.30	60.37	35.21	50.38	51.11	44.31	48.47	42.85	23.96	62.89	55.55	46.57	38.48	48.57	56.65	41.72	44.47	42.03	42.75	44.29	46.86	42.65	42.53	48.34	44.25	23.89	44.58	47.19	41.24	43.28	47.96	44.93	44.39	47.95	66.23	43.10	41.35	43.54	43.40	47.22	44.96	42.09	47.30	44.82	43.92	43.38	44.30	43.36	40.15	44.32	44.25	44.02	44.30	41.91	43.99	42.46	46.73	44.42	40.91	41.09	39.48	42.45	50.18	51.08	38.94	49.35	44.62	42.85	42.84	44.39	41.72	48.73	53.45	42.03	39.34	44.26	45.91	43.93	44.66	46.89	44.80	44.57	45.20
L50	1433	264	130	333	267	728	27	4	20	16	158	136	16	83	24	84	73	479	225	101	11	81	876	90	148	123	21	225	328	107	245	26	18	31	202	9	88	90	161	81	115	266	18	30	88	43	33	249	28	90	154	8	48	134	102	104	39	79	101	70	73	179	92	39	78	82	65	28	43	85	111	171	9	110	237	228	155	156	118	137	404	1386	36	288	141	117	1486	220	259	1020	3104	174	33	52	298	231	154	133	105	241	211	184	135	432	51	224	93	240	176	334	287	159	183	67	91	31	47	66	38	90	42	99	139	86	67	109	50	140	119	70	42	84	76	63	81	369	434	23	48	50	158	108	94	96	21	116	135	91	9	134	74	14	51	58	650	336	602	537	15	16	442	559	103	116	264	90	356	320	184	98	97	161	96	43	91	1914	68	127	156	86	14	152	116	60	71	1800	36	156	292	210	23	129	153	35	259	326	2445	63	48	41	126	105	181	43	177	146	67	1600	130	20	45	103	203	141	89	112	75	451	99	31	263	26	27	38	65	18	121	129	460	119	141	59	641	769	70	123	137	215	88	778	80	84	44	38	60	86	106	61	25	61	109	338	30	42	32	40	46	40	38	83	39	36	364	35	79	28	72	74	44	55	20	41	738	47	71	28	39	27	34	23	18	23	34	1794	83	25	17	24	192	461	481	391	1891	946	444	1738	1345	832	253	108	593	184	639	1213	101	191	3187	483	139	779	175	1033	335	407	311	48	1328	889	276	75	215	1165	626	137	391	470	480	185	583	314	277	273	499	208	1028	48	528	161	166	1160	558	393	535	221	109	363	69	345	22	147	1566	281	67	56	79	109	326	393	152	372	530	2468	78	525	1146	359	155	291	105	892	296	346	38	1009	332	94	275	179	249	50	2105	72	217	52	72	80	238	91	412	87	29	60	103	46	85	1011	29	53	125	1154	76	25	124	19	46	60	25	24	35	266	1252	36	155	180	729	450	88	1145	330	29	70	103	222	1657	42	28	634	14	1159	826	1023	591	23	984	1482	164	659	53	110	26	28	25	35	56	13	26	1492	1677	1953	279	282	154	48	18	108	69	394	43	30	42	26	54	38	100	32	1381	45	39	316	31	1196	52	19	1426	26	276	283	27	255	80	746	43	83	120	72	135	46	106	82	83	21	111	65	69	116	103	71	80	84	68	64	73
L90	3194	623	260	696	602	1576	52	14	67	56	317	283	79	237	80	251	152	1069	464	300	30	284	2143	289	394	241	43	649	847	195	662	100	65	92	398	39	179	185	394	180	304	530	43	101	164	110	97	519	76	289	473	26	138	268	202	195	102	156	226	143	169	531	178	89	153	164	136	57	112	182	210	509	25	206	571	690	562	549	375	373	1011	3398	107	744	422	361	3242	550	737	2225	6055	571	137	137	714	672	367	262	206	490	551	371	403	905	189	529	288	545	393	705	565	316	361	207	175	85	141	201	125	303	154	236	322	241	204	291	154	321	311	220	116	170	226	176	241	778	871	84	107	126	308	276	177	224	61	317	271	197	23	266	204	40	150	180	1194	647	1219	1021	32	36	829	1207	211	241	578	197	665	647	373	190	226	300	246	108	197	3965	139	238	285	171	34	336	212	140	160	3354	83	342	587	389	50	273	305	84	485	609	4788	131	102	95	241	203	372	84	324	302	146	3314	252	47	95	220	410	321	164	233	164	1327	182	73	537	58	80	80	156	46	220	236	926	242	278	119	1185	1410	141	227	279	442	195	1690	165	156	88	77	128	161	194	120	54	117	248	709	66	85	66	77	87	78	78	165	79	67	775	70	147	62	155	148	94	114	46	78	1800	86	132	57	80	57	72	51	41	48	67	3697	175	50	37	47	460	948	1013	836	3667	1869	1146	3650	2513	1614	516	215	1222	384	1192	2403	283	414	6785	1031	305	1465	368	1903	617	751	676	97	2745	1663	650	160	433	2186	1251	283	734	1009	880	352	1465	666	566	509	1155	450	1966	101	1082	342	363	2364	1044	851	993	474	258	700	176	663	52	342	3441	583	152	145	164	232	644	815	363	712	989	4933	172	968	2376	708	379	582	222	1716	551	649	132	1924	632	199	521	338	472	104	4166	141	489	106	135	177	463	181	952	172	70	121	194	96	177	1946	59	118	243	2638	150	55	260	45	103	121	52	46	68	518	2533	72	313	350	1393	872	173	2616	608	118	142	265	529	3295	102	76	1553	35	2351	1687	2131	1920	43	1990	4553	340	1374	105	242	52	54	48	102	120	32	58	2958	3356	4022	569	577	336	100	44	215	136	980	90	59	87	54	103	76	205	65	2862	94	76	618	68	2471	106	39	2893	52	581	557	66	507	233	1437	112	179	261	155	275	100	209	170	169	59	239	140	138	229	216	150	163	167	141	129	146
Largest contig	16775	8441	3394	3991	7934	8164	1704	11022	87644	15311	2401	4018	32101	11075	10935	11659	2483	3376	3309	27448	19350	43210	16712	30202	16652	1932	2078	12914	8445	1089	7562	13852	14005	18564	2573	32052	2309	2797	15006	6159	7014	2357	13025	15979	1244	12263	10134	3886	11602	49417	17894	24863	16740	2133	2163	1270	6097	1956	3534	2390	5760	17821	2409	4500	1729	2162	3555	2258	11544	3006	1540	12996	5386	1233	7268	25388	21761	22096	16741	28947	7247	22626	25116	9037	20539	36106	5628	5898	22303	6893	2339	27023	20916	9947	6772	11287	6306	2669	2174	2887	15142	2284	32873	9649	20026	5755	17863	3745	3635	5354	2652	2683	1965	53938	2008	19534	14122	10823	20984	12610	15738	9197	4938	27735	15544	19986	13133	5409	6600	20928	5708	2634	8466	10244	39052	4416	2245	23507	3176	10889	1760	7032	1237	5915	19408	21616	2231	4590	16300	2074	8938	25446	11386	9234	1184	2116	7522	2423	3301	4460	3617	2910	6223	6610	10875	17658	2059	2880	19857	4571	7638	2748	8990	5417	20176	5300	7517	3077	2793	4961	14017	3606	1692	5029	7406	3595	9045	2727	2691	2872	6087	11030	6046	19353	2187	2096	1745	6660	8579	4343	5373	4899	3371	4483	2767	2580	3270	9944	3549	12667	6870	3179	4818	5291	1696	2432	16711	24054	3226	3194	2094	13027	16832	5963	4065	19269	2816	1692	6870	4544	1872	6984	2851	1696	5836	1696	2632	2321	3793	5292	2327	2053	5649	7759	5049	1996	1685	2551	7283	3892	6930	9950	7719	5080	5391	3744	4688	1966	6042	2345	5803	3888	8523	4427	2685	3460	2905	2009	2837	5694	3762	4199	4895	2796	2038	2457	1989	3386	3657	3053	8807	2819	2676	11190	3354	1964	2789	2381	17637	7599	9224	9018	3160	2051	21001	3851	2008	11267	7724	6382	7729	7417	2058	14719	6720	20706	4862	3027	8637	3488	4724	2860	1696	1696	4113	5064	3110	2059	12177	6622	5402	4122	2979	7107	3148	4512	1706	5696	9779	3555	8207	2057	5376	9648	2560	6315	2172	7062	16717	4035	2046	16394	3007	3001	2961	3511	5919	2430	7510	10505	6047	6411	5362	7957	4490	7530	4119	2688	5478	2422	3357	3165	7780	1696	3548	3447	8258	2846	4139	3404	1696	2141	89598	4176	2244	3987	2749	3559	2025	6189	2697	6160	4938	5620	3658	5784	2556	3681	3917	3733	10634	5856	2502	6923	4618	2445	4793	4915	2205	9782	3341	7856	1986	4294	3902	2302	2485	1813	1781	1495	27828	1785	2730	2970	2477	3111	2335	9102	2016	16710	4832	19630	10053	2927	10020	6325	10784	3950	4834	4454	3058	11646	1438	4165	39835	3231	7963	1875	8294	2312	1762	1656	10906	5883	5146	4840	2593	17999	3417	13922	2757	4750	6112	3950	2813	3851	4183	6585	1568	8116	2605	2030	5294	2449	5307	2802	2186	1825	1499	4474	2069	4074	3058	2373	1983	4275	5326	6207	2272	7815	3332	8562	3827	5571	2501	2337	8594	2612	2402	2344	7128	2493	3919	1956	1909	2547	2401	2221	2227	2631	2043	1938
N50	1285	1421	1111	1231	2185	1248	1126	4251	24279	3662	1227	1294	3821	2122	2850	2492	1241	1498	1274	9628	7117	11652	1284	6502	4214	1205	1202	3061	1986	1044	2148	3029	4135	2519	1134	7000	1228	1323	1343	1320	2054	1198	4459	2173	1100	2478	2576	1209	3926	9887	3892	8323	2043	1177	1151	1128	1702	1185	1426	1251	1511	3621	1132	1257	1195	1203	1213	1153	1536	1272	1237	3219	1785	1113	1825	2898	3201	3178	5119	6425	1780	2127	7021	1873	5081	8338	1270	1695	2926	1357	1141	6231	3227	1729	1551	2083	1640	1133	1149	1239	1758	1203	8018	1150	3076	1525	2425	1378	1545	1196	1123	1215	1170	11289	1112	6977	3905	2727	5154	2173	3347	1330	1739	9653	2570	1502	2774	1487	2151	2268	2632	1249	2893	2306	11524	1268	1137	3191	1627	3659	1188	1694	1113	1462	6369	6247	1252	1297	11110	1211	2165	6069	2087	2097	1045	1098	2972	1106	1353	1162	1616	1198	3089	3236	3439	3497	1849	1234	1570	2780	2652	2252	1919	1763	2515	1226	2960	1780	2614	2895	6259	1397	1564	1511	1373	1605	4033	2194	1129	1580	3474	3236	2925	5416	1872	1753	1198	3164	3094	1550	2688	2762	1160	2802	2604	1227	1877	1874	1484	3941	3163	1290	1177	1513	1603	1262	1788	3153	2624	1363	1112	3754	1847	3237	1532	7386	2579	1574	2904	1175	1113	2918	1585	1579	2787	1588	1179	1218	1254	1756	1251	1807	3042	2892	1261	1768	1560	1656	3229	2794	1379	3193	3684	2955	3032	2788	2668	1297	3494	1156	3169	3026	3279	2846	2248	1287	1464	1191	1273	1159	1698	2718	2769	2587	1857	1219	1183	1259	1309	1391	4658	1224	1131	1509	1569	1211	1205	1149	4772	3201	3182	3319	1288	1367	4815	1415	1800	1818	2920	2440	3131	3098	1846	1139	3150	3301	1165	1806	3526	1885	2420	1575	1599	1594	1283	2964	1237	1858	1371	3294	2867	1876	1257	3048	1434	1547	1565	2685	2763	1258	3240	1889	1556	3332	1106	3678	1832	3247	3361	1205	1779	3435	1597	2195	1777	1409	1984	1645	1198	1440	2085	3142	1447	2662	1172	3155	1191	1241	1613	1111	1610	1271	3386	1598	1241	1839	1805	1154	1184	1127	1580	1876	24353	1741	1635	1196	1591	1744	1688	3017	1164	2829	1227	3007	2276	1246	1146	1161	1408	1695	3809	2947	1596	3046	1198	1106	3239	1375	1101	1270	1119	3488	1230	1535	1345	1148	1263	1204	1136	1140	1143	1170	1618	1658	1646	1666	1177	1391	1733	1993	2940	3987	1342	1295	2076	1817	2403	1391	1667	1682	1450	1664	1087	1177	1585	1200	1410	1148	1219	1126	1098	1163	1927	1847	1614	1377	1196	1135	1271	1653	1237	1365	3073	1470	1148	1743	1455	3190	1164	3055	1242	1726	2797	1235	2971	1279	1249	1181	1160	1282	1296	1735	1195	1275	1144	1229	1108	1374	1158	2525	1108	1726	1481	1637	1391	1191	3045	1129	1280	1216	1984	1407	1855	1484	1130	1354	1424	1230	1167	1218	1361	1205
N90	1042	1044	1020	1033	1652	1032	1022	1330	8385	1357	1035	1048	1371	1185	1191	1130	1045	1008	1051	3286	3230	2870	1042	2401	2144	1106	1021	1292	1165	1008	1141	1150	1463	1232	1021	2008	1043	1056	1027	1051	1147	1028	2905	1181	1020	1383	1312	1031	1654	3229	1475	2211	1126	1028	1027	1035	1122	1032	1059	1037	1102	1501	1025	1039	1041	1023	1026	1026	1048	1035	1128	1327	1106	1022	1209	1324	1290	1253	1748	2678	1109	1573	3016	1108	1836	3027	1035	1093	1432	1116	1030	2013	1193	1066	1072	1153	1109	1024	1023	1042	1105	1033	3037	1021	1204	1075	1123	1040	1111	1033	1019	1038	1034	3842	1020	3478	1661	1280	1795	1107	1332	1044	1157	3697	1192	1089	1198	1086	1176	1185	1565	1033	1330	1198	3897	1042	1024	1284	1137	1950	1034	1094	1022	1071	2827	2475	1032	1048	2982	1041	1169	3413	1209	1120	1010	1018	2567	1020	1131	1024	1518	1029	2578	2665	2632	2669	1725	1047	1455	2543	1630	2149	1126	1071	2217	1036	2580	1669	2517	2591	3263	1056	1513	1103	1063	1521	2758	1123	1028	1514	1944	2621	2571	3304	1755	1656	1034	2597	2606	1086	2535	2544	1024	2549	2517	1036	1089	1195	1257	2839	2580	1038	1036	1083	1524	1071	1123	1492	2527	1046	1024	3002	1095	2625	1086	3779	2515	1515	2559	1018	1015	2563	1516	1521	2545	1516	1033	1031	1029	1167	1047	1718	2618	2575	1043	1654	1510	1519	2673	2523	1072	2601	2648	2558	2551	2565	2553	1065	2866	1020	2759	2874	2611	2589	2130	1049	1061	1038	1033	1016	1148	2537	1560	2518	1721	1029	1028	1032	1044	1035	3204	1054	1025	1275	1186	1040	1041	1024	3113	2622	2619	2632	1074	1083	2860	1079	1673	1587	2557	2089	2612	2610	1724	1025	1256	2637	1030	1072	2639	1750	1770	1513	1517	1518	1043	2587	1034	1727	1064	2606	2552	1753	1043	2585	1227	1098	1512	2532	1167	1040	2784	1734	1092	2628	1020	2947	1082	2603	2628	1031	1657	2650	1519	1122	1067	1235	1164	1520	1015	1238	1726	2600	1086	1369	1031	2598	1033	1038	1114	1022	1520	1052	2623	1521	1038	1101	1131	1019	1034	1022	1442	1192	7495	1581	1523	1030	1513	1597	1545	2593	1028	2548	1028	2576	1410	1045	1026	1024	1068	1536	2642	2553	1517	2573	1038	1016	2552	1067	1014	1036	1023	2660	1040	1059	1045	1022	1031	1048	1020	1023	1022	1035	1094	1524	1524	1524	1033	1070	1635	1089	2583	2711	1046	1069	1554	1093	1475	1053	1116	1524	1111	1050	1025	1028	1059	1031	1057	1017	1030	1011	1015	1020	1120	1548	1169	1071	1035	1021	1047	1146	1039	1068	2603	1042	1020	1519	1065	2585	1021	2575	1036	1548	2562	1035	2556	1044	1029	1017	1024	1037	1053	1527	1043	1038	1021	1035	1019	1055	1026	1103	1020	1128	1074	1140	1059	1022	2624	1020	1028	1036	1084	1090	1296	1292	1022	1055	1072	1039	1027	1033	1075	1032
Total length	5029417	1064882	345501	1015001	1586407	2375984	67452	63979	1607238	221477	446938	426549	331942	607154	244141	706217	222565	1594868	691813	2933495	219502	3128542	3608380	2057884	1855152	338503	58628	2089583	1968890	226114	1635794	301014	252085	275079	523012	264039	255696	280742	669047	288605	732267	732826	216729	267863	202743	314161	282239	747677	312629	3002871	1876733	205088	335283	365647	271080	246573	212102	214173	380005	208572	302220	2074964	233684	138786	207959	227142	196269	81623	213464	271572	294333	1710306	51301	255935	1222566	2261856	1948266	1863674	1944408	2632312	2105688	9107772	791975	1617237	2155097	2996537	4937789	1094650	2428421	3673723	7971269	3615120	448218	287985	1314110	1657211	704899	345807	275391	704077	1162513	517825	3490915	1267026	596081	964483	805875	890480	712109	1028135	743588	440227	486543	2534835	224645	647196	574379	625992	676566	758559	566794	399389	648100	2425680	592859	575002	458428	563649	762097	592886	339203	242310	741390	468350	2894355	1166552	1173402	283168	202744	518479	418262	562138	219538	398325	438920	2070150	387120	307055	232444	368605	505945	301969	390277	448345	1398969	820857	4234320	1284411	53509	53514	1516005	1784188	756786	918626	2347019	810667	1378392	932599	715628	610151	689490	767688	555105	215995	626206	5735867	488908	480853	829933	578137	226005	553021	369518	256058	272506	6067183	389666	732470	795305	688569	200457	1051226	1038345	517905	1023970	1203258	6496574	484867	376771	171875	746607	643899	517324	269950	940646	439482	287262	7561194	418256	230466	353678	336982	569569	565112	292755	353302	336511	4732311	536197	121279	728763	272074	180151	300405	285419	391547	634795	414395	3161501	334247	364244	412955	2108092	2486013	470845	402185	389717	627611	298682	3298607	246285	318394	309723	266732	195977	318183	337023	232585	209986	368689	423294	2690287	277477	290415	233306	248508	267368	113722	314161	220140	294270	230529	2954832	236750	372653	98502	255912	204941	140452	159206	91805	242167	4567835	247036	273051	82186	110895	85723	109005	84339	212062	71801	89232	6686869	317071	71495	54554	63249	2609739	3515462	3813483	3298283	5275608	2804812	6438652	5900691	5069324	3338550	1781964	599915	4468306	1405419	2465077	3214633	823003	1632264	9834496	1914921	1253783	3111317	1020448	3355145	1100147	1336206	1041817	339037	3984823	3466525	1121144	609388	1459712	4628985	1790253	1016017	1165952	1774882	1539180	1089479	4117128	995960	2154035	1070348	2122188	1768250	2489068	435403	2061623	1313169	1456845	3337374	2088132	3443944	1785316	1036632	461703	1128792	396596	1251970	83658	662316	9032650	2153221	264291	431500	232643	865823	876975	1193573	698098	906379	1792747	7176756	679146	1726946	3477331	1413153	807042	784607	320934	2206850	967786	1371028	3170611	3805492	1181760	290543	953591	671257	905322	372711	5613600	463642	758224	373443	342137	274785	610164	241247	1642415	340804	328070	418170	353893	358577	256026	2468923	217185	195404	308489	4209274	196141	229271	376518	79626	169509	165595	76235	63381	87096	677595	3443619	97872	553990	672553	2619816	1672334	234425	4469195	1177866	299264	492555	1302568	896851	4853371	259258	160518	4339532	61925	4211274	3420370	3541844	4101393	54407	2750625	9422332	485351	2196286	138860	365582	68972	68941	63344	240057	267162	63244	96803	4071260	4495881	5934812	1050978	833954	542144	365104	79535	289385	268905	1805853	340691	77911	317594	78640	200790	248243	293726	224724	4241839	137619	100890	818615	103507	3694472	218696	55136	4170291	68911	852748	725942	114944	681052	550862	1832839	233752	301539	483338	248984	382365	377550	276838	248885	239883	135015	393964	291681	235546	303351	334065	244682	232310	226532	204558	200460	202876
Total length (>= 0 bp)	5029417	1064882	345501	1015001	1586407	2375984	67452	63979	1607238	221477	446938	426549	331942	607154	244141	706217	222565	1594868	691813	2933495	219502	3128542	3608380	2057884	1855152	338503	58628	2089583	1968890	226114	1635794	301014	252085	275079	523012	264039	255696	280742	669047	288605	732267	732826	216729	267863	202743	314161	282239	747677	312629	3002871	1876733	205088	335283	365647	271080	246573	212102	214173	380005	208572	302220	2074964	233684	138786	207959	227142	196269	81623	213464	271572	294333	1710306	51301	255935	1222566	2261856	1948266	1863674	1944408	2632312	2105688	9107772	791975	1617237	2155097	2996537	4937789	1094650	2428421	3673723	7971269	3615120	448218	287985	1314110	1657211	704899	345807	275391	704077	1162513	517825	3490915	1267026	596081	964483	805875	890480	712109	1028135	743588	440227	486543	2534835	224645	647196	574379	625992	676566	758559	566794	399389	648100	2425680	592859	575002	458428	563649	762097	592886	339203	242310	741390	468350	2894355	1166552	1173402	283168	202744	518479	418262	562138	219538	398325	438920	2070150	387120	307055	232444	368605	505945	301969	390277	448345	1398969	820857	4234320	1284411	53509	53514	1516005	1784188	756786	918626	2347019	810667	1378392	932599	715628	610151	689490	767688	555105	215995	626206	5735867	488908	480853	829933	578137	226005	553021	369518	256058	272506	6067183	389666	732470	795305	688569	200457	1051226	1038345	517905	1023970	1203258	6496574	484867	376771	171875	746607	643899	517324	269950	940646	439482	287262	7561194	418256	230466	353678	336982	569569	565112	292755	353302	336511	4732311	536197	121279	728763	272074	180151	300405	285419	391547	634795	414395	3161501	334247	364244	412955	2108092	2486013	470845	402185	389717	627611	298682	3298607	246285	318394	309723	266732	195977	318183	337023	232585	209986	368689	423294	2690287	277477	290415	233306	248508	267368	113722	314161	220140	294270	230529	2954832	236750	372653	98502	255912	204941	140452	159206	91805	242167	4567835	247036	273051	82186	110895	85723	109005	84339	212062	71801	89232	6686869	317071	71495	54554	63249	2609739	3515462	3813483	3298283	5275608	2804812	6438652	5900691	5069324	3338550	1781964	599915	4468306	1405419	2465077	3214633	823003	1632264	9834496	1914921	1253783	3111317	1020448	3355145	1100147	1336206	1041817	339037	3984823	3466525	1121144	609388	1459712	4628985	1790253	1016017	1165952	1774882	1539180	1089479	4117128	995960	2154035	1070348	2122188	1768250	2489068	435403	2061623	1313169	1456845	3337374	2088132	3443944	1785316	1036632	461703	1128792	396596	1251970	83658	662316	9032650	2153221	264291	431500	232643	865823	876975	1193573	698098	906379	1792747	7176756	679146	1726946	3477331	1413153	807042	784607	320934	2206850	967786	1371028	3170611	3805492	1181760	290543	953591	671257	905322	372711	5613600	463642	758224	373443	342137	274785	610164	241247	1642415	340804	328070	418170	353893	358577	256026	2468923	217185	195404	308489	4209274	196141	229271	376518	79626	169509	165595	76235	63381	87096	677595	3443619	97872	553990	672553	2619816	1672334	234425	4469195	1177866	299264	492555	1302568	896851	4853371	259258	160518	4339532	61925	4211274	3420370	3541844	4101393	54407	2750625	9422332	485351	2196286	138860	365582	68972	68941	63344	240057	267162	63244	96803	4071260	4495881	5934812	1050978	833954	542144	365104	79535	289385	268905	1805853	340691	77911	317594	78640	200790	248243	293726	224724	4241839	137619	100890	818615	103507	3694472	218696	55136	4170291	68911	852748	725942	114944	681052	550862	1832839	233752	301539	483338	248984	382365	377550	276838	248885	239883	135015	393964	291681	235546	303351	334065	244682	232310	226532	204558	200460	202876
Total length (>= 1000 bp)	5029417	1064882	345501	1015001	1586407	2375984	67452	63979	1607238	221477	446938	426549	331942	607154	244141	706217	222565	1594868	691813	2933495	219502	3128542	3608380	2057884	1855152	338503	58628	2089583	1968890	226114	1635794	301014	252085	275079	523012	264039	255696	280742	669047	288605	732267	732826	216729	267863	202743	314161	282239	747677	312629	3002871	1876733	205088	335283	365647	271080	246573	212102	214173	380005	208572	302220	2074964	233684	138786	207959	227142	196269	81623	213464	271572	294333	1710306	51301	255935	1222566	2261856	1948266	1863674	1944408	2632312	2105688	9107772	791975	1617237	2155097	2996537	4937789	1094650	2428421	3673723	7971269	3615120	448218	287985	1314110	1657211	704899	345807	275391	704077	1162513	517825	3490915	1267026	596081	964483	805875	890480	712109	1028135	743588	440227	486543	2534835	224645	647196	574379	625992	676566	758559	566794	399389	648100	2425680	592859	575002	458428	563649	762097	592886	339203	242310	741390	468350	2894355	1166552	1173402	283168	202744	518479	418262	562138	219538	398325	438920	2070150	387120	307055	232444	368605	505945	301969	390277	448345	1398969	820857	4234320	1284411	53509	53514	1516005	1784188	756786	918626	2347019	810667	1378392	932599	715628	610151	689490	767688	555105	215995	626206	5735867	488908	480853	829933	578137	226005	553021	369518	256058	272506	6067183	389666	732470	795305	688569	200457	1051226	1038345	517905	1023970	1203258	6496574	484867	376771	171875	746607	643899	517324	269950	940646	439482	287262	7561194	418256	230466	353678	336982	569569	565112	292755	353302	336511	4732311	536197	121279	728763	272074	180151	300405	285419	391547	634795	414395	3161501	334247	364244	412955	2108092	2486013	470845	402185	389717	627611	298682	3298607	246285	318394	309723	266732	195977	318183	337023	232585	209986	368689	423294	2690287	277477	290415	233306	248508	267368	113722	314161	220140	294270	230529	2954832	236750	372653	98502	255912	204941	140452	159206	91805	242167	4567835	247036	273051	82186	110895	85723	109005	84339	212062	71801	89232	6686869	317071	71495	54554	63249	2609739	3515462	3813483	3298283	5275608	2804812	6438652	5900691	5069324	3338550	1781964	599915	4468306	1405419	2465077	3214633	823003	1632264	9834496	1914921	1253783	3111317	1020448	3355145	1100147	1336206	1041817	339037	3984823	3466525	1121144	609388	1459712	4628985	1790253	1016017	1165952	1774882	1539180	1089479	4117128	995960	2154035	1070348	2122188	1768250	2489068	435403	2061623	1313169	1456845	3337374	2088132	3443944	1785316	1036632	461703	1128792	396596	1251970	83658	662316	9032650	2153221	264291	431500	232643	865823	876975	1193573	698098	906379	1792747	7176756	679146	1726946	3477331	1413153	807042	784607	320934	2206850	967786	1371028	3170611	3805492	1181760	290543	953591	671257	905322	372711	5613600	463642	758224	373443	342137	274785	610164	241247	1642415	340804	328070	418170	353893	358577	256026	2468923	217185	195404	308489	4209274	196141	229271	376518	79626	169509	165595	76235	63381	87096	677595	3443619	97872	553990	672553	2619816	1672334	234425	4469195	1177866	299264	492555	1302568	896851	4853371	259258	160518	4339532	61925	4211274	3420370	3541844	4101393	54407	2750625	9422332	485351	2196286	138860	365582	68972	68941	63344	240057	267162	63244	96803	4071260	4495881	5934812	1050978	833954	542144	365104	79535	289385	268905	1805853	340691	77911	317594	78640	200790	248243	293726	224724	4241839	137619	100890	818615	103507	3694472	218696	55136	4170291	68911	852748	725942	114944	681052	550862	1832839	233752	301539	483338	248984	382365	377550	276838	248885	239883	135015	393964	291681	235546	303351	334065	244682	232310	226532	204558	200460	202876
auN	1633.4	1752.3	1259.8	1343.2	2539.8	1473.0	1182.3	5721.9	30097.5	5378.0	1277.1	1390.3	10857.2	3011.5	3927.0	3264.9	1347.8	1384.4	1377.2	10690.5	7995.9	13991.7	2088.7	8916.1	4919.7	1271.0	1259.9	3586.2	2428.1	1042.6	2641.2	4512.7	5047.3	4084.0	1190.5	11286.3	1301.4	1381.8	2188.5	1588.9	2522.5	1246.8	5094.7	4237.8	1105.5	3124.5	3425.2	1337.2	4378.3	13105.4	4631.6	10113.6	3222.4	1231.0	1220.5	1130.1	2250.8	1237.5	1573.7	1328.9	1751.5	4470.2	1196.2	1583.3	1221.2	1256.2	1362.4	1333.3	2358.9	1393.6	1255.9	3750.0	2396.9	1111.5	2146.0	4104.0	4902.1	4608.9	6088.2	7618.3	2137.2	2984.9	8475.1	2233.0	5816.2	9715.6	1449.2	1994.9	3786.0	1583.2	1185.6	7779.2	5694.3	2447.7	1854.4	2929.0	1904.2	1200.7	1208.1	1315.3	2371.7	1267.5	9928.4	1372.8	4689.2	1787.3	3636.3	1564.9	1693.4	1373.9	1203.0	1260.3	1213.8	14292.0	1160.9	7854.5	4731.1	3594.0	6791.9	3459.9	5075.7	1868.4	1914.5	10595.3	3825.0	2778.1	3609.7	1719.7	2498.7	3799.2	3163.7	1295.6	3572.6	3042.7	13271.1	1394.4	1231.1	5535.2	1757.7	4168.7	1216.2	2155.4	1112.7	1752.5	7975.6	7009.8	1287.5	1503.5	10040.8	1246.4	2715.8	8753.9	3279.7	3146.3	1050.6	1145.8	3161.3	1130.3	1594.0	1558.8	1649.8	1387.7	3272.2	3497.9	3812.0	4039.1	1855.5	1317.3	2368.5	2894.1	2911.7	2292.4	2380.2	2074.5	3967.5	1332.0	3254.8	1813.1	2611.6	3066.9	6649.2	1549.3	1566.9	1799.2	1877.1	1625.1	4556.5	1962.7	1263.8	1593.3	3688.2	3582.8	3096.9	6235.6	1888.8	1769.8	1213.5	3424.9	3493.1	1777.4	2822.1	2864.1	1278.0	2925.9	2607.4	1341.6	1809.7	2169.0	1493.9	5209.2	3465.7	1422.0	1311.8	1690.8	1601.8	1387.7	2530.6	4439.9	2645.5	1617.3	1260.6	4809.3	3609.2	3482.4	1805.9	8905.9	2592.7	1577.2	3107.9	1284.4	1184.8	3197.0	1596.0	1580.7	3090.1	1591.7	1279.3	1297.7	1475.3	1772.5	1368.2	1835.1	3188.1	3249.1	1493.0	1772.7	1561.3	1755.0	3633.9	2841.9	1692.2	3508.8	3999.5	3111.8	3235.2	2924.3	2787.5	1310.0	3665.6	1213.6	3433.1	3089.8	3519.3	3074.5	2280.3	1540.1	1524.7	1252.7	1392.5	1420.5	1928.2	2813.1	2425.3	2602.2	1850.1	1331.3	1272.8	1431.6	1442.3	1561.3	4852.8	1417.1	1244.5	1808.2	1657.4	1296.7	1398.7	1251.2	5608.3	3373.3	3467.4	3658.8	1280.8	1337.5	5868.7	1472.0	1802.9	1947.0	3166.1	2488.3	3336.3	3381.6	1849.9	1272.9	3037.9	3855.2	1362.1	1688.0	3851.6	1900.9	2519.7	1581.1	1596.4	1594.6	1452.9	3183.8	1325.8	1864.3	2012.5	3526.9	3066.9	1895.0	1291.2	3293.2	1410.5	1641.5	1568.6	2807.9	2794.3	1394.1	3475.9	1879.7	1770.3	3672.2	1141.2	3938.6	1705.3	3544.4	3864.5	1283.6	1788.9	3844.7	1612.9	1990.7	1691.6	1462.7	2296.4	1698.1	2103.3	2251.6	2426.2	3383.1	1717.2	3020.7	1350.1	3488.9	1238.6	1342.0	1919.5	1154.3	1631.1	1310.2	3731.3	1598.1	1338.4	1761.4	2145.5	1225.4	1386.4	1156.1	1568.1	1828.0	29763.0	1778.5	1676.7	1433.8	1648.7	1785.3	1715.5	3317.3	1212.9	2999.2	1518.8	3244.3	2187.3	1546.1	1185.4	1228.3	1645.1	1814.4	4707.5	3164.1	1642.4	3458.2	1362.6	1139.2	3367.9	1641.2	1144.8	1688.1	1205.2	3965.9	1321.7	1772.2	1626.3	1257.7	1362.3	1245.1	1162.5	1174.6	1450.0	1239.3	1574.4	1732.4	1686.3	1724.0	1224.2	1678.4	1730.4	4333.7	3147.6	5270.4	1901.2	1332.8	2840.8	2338.2	2800.7	1857.4	1604.5	1846.0	1499.7	2708.8	1146.0	1278.8	3385.4	1322.3	1475.0	1203.8	1576.4	1237.9	1171.9	1193.4	2937.7	2142.9	2160.8	1703.3	1246.9	1284.6	1337.4	1786.4	1313.2	1523.4	3365.4	1823.3	1231.1	1805.9	1762.9	3514.4	1199.6	3460.2	1361.4	1743.9	3007.7	1305.4	3209.4	1341.8	1345.8	1194.6	1188.6	1503.5	1351.2	1910.6	1338.6	1300.7	1219.9	1368.0	1258.0	1998.2	1217.6	2585.0	1173.3	2321.8	1551.8	1711.8	1472.8	1269.2	3635.5	1205.0	1334.4	1298.8	2586.1	1516.4	1904.5	1531.7	1197.5	1411.1	1489.7	1300.4	1230.9	1342.6	1397.0	1255.8
