Annotation	SRR22878281_binette_bin1.fasta_Count	SRR22878281_binette_bin10.fasta_Count	SRR22878281_binette_bin100.fasta_Count	SRR22878281_binette_bin101.fasta_Count	SRR22878281_binette_bin102.fasta_Count	SRR22878281_binette_bin103.fasta_Count	SRR22878281_binette_bin104.fasta_Count	SRR22878281_binette_bin105.fasta_Count	SRR22878281_binette_bin106.fasta_Count	SRR22878281_binette_bin107.fasta_Count	SRR22878281_binette_bin108.fasta_Count	SRR22878281_binette_bin109.fasta_Count	SRR22878281_binette_bin11.fasta_Count	SRR22878281_binette_bin110.fasta_Count	SRR22878281_binette_bin111.fasta_Count	SRR22878281_binette_bin112.fasta_Count	SRR22878281_binette_bin113.fasta_Count	SRR22878281_binette_bin114.fasta_Count	SRR22878281_binette_bin115.fasta_Count	SRR22878281_binette_bin116.fasta_Count	SRR22878281_binette_bin117.fasta_Count	SRR22878281_binette_bin118.fasta_Count	SRR22878281_binette_bin119.fasta_Count	SRR22878281_binette_bin12.fasta_Count	SRR22878281_binette_bin120.fasta_Count	SRR22878281_binette_bin121.fasta_Count	SRR22878281_binette_bin122.fasta_Count	SRR22878281_binette_bin123.fasta_Count	SRR22878281_binette_bin124.fasta_Count	SRR22878281_binette_bin126.fasta_Count	SRR22878281_binette_bin127.fasta_Count	SRR22878281_binette_bin128.fasta_Count	SRR22878281_binette_bin129.fasta_Count	SRR22878281_binette_bin13.fasta_Count	SRR22878281_binette_bin130.fasta_Count	SRR22878281_binette_bin131.fasta_Count	SRR22878281_binette_bin132.fasta_Count	SRR22878281_binette_bin133.fasta_Count	SRR22878281_binette_bin134.fasta_Count	SRR22878281_binette_bin136.fasta_Count	SRR22878281_binette_bin137.fasta_Count	SRR22878281_binette_bin138.fasta_Count	SRR22878281_binette_bin139.fasta_Count	SRR22878281_binette_bin14.fasta_Count	SRR22878281_binette_bin140.fasta_Count	SRR22878281_binette_bin141.fasta_Count	SRR22878281_binette_bin142.fasta_Count	SRR22878281_binette_bin143.fasta_Count	SRR22878281_binette_bin144.fasta_Count	SRR22878281_binette_bin145.fasta_Count	SRR22878281_binette_bin146.fasta_Count	SRR22878281_binette_bin147.fasta_Count	SRR22878281_binette_bin148.fasta_Count	SRR22878281_binette_bin149.fasta_Count	SRR22878281_binette_bin15.fasta_Count	SRR22878281_binette_bin150.fasta_Count	SRR22878281_binette_bin151.fasta_Count	SRR22878281_binette_bin152.fasta_Count	SRR22878281_binette_bin153.fasta_Count	SRR22878281_binette_bin154.fasta_Count	SRR22878281_binette_bin155.fasta_Count	SRR22878281_binette_bin156.fasta_Count	SRR22878281_binette_bin157.fasta_Count	SRR22878281_binette_bin158.fasta_Count	SRR22878281_binette_bin159.fasta_Count	SRR22878281_binette_bin16.fasta_Count	SRR22878281_binette_bin160.fasta_Count	SRR22878281_binette_bin161.fasta_Count	SRR22878281_binette_bin162.fasta_Count	SRR22878281_binette_bin163.fasta_Count	SRR22878281_binette_bin164.fasta_Count	SRR22878281_binette_bin165.fasta_Count	SRR22878281_binette_bin166.fasta_Count	SRR22878281_binette_bin167.fasta_Count	SRR22878281_binette_bin168.fasta_Count	SRR22878281_binette_bin169.fasta_Count	SRR22878281_binette_bin17.fasta_Count	SRR22878281_binette_bin170.fasta_Count	SRR22878281_binette_bin171.fasta_Count	SRR22878281_binette_bin172.fasta_Count	SRR22878281_binette_bin173.fasta_Count	SRR22878281_binette_bin174.fasta_Count	SRR22878281_binette_bin175.fasta_Count	SRR22878281_binette_bin176.fasta_Count	SRR22878281_binette_bin177.fasta_Count	SRR22878281_binette_bin178.fasta_Count	SRR22878281_binette_bin179.fasta_Count	SRR22878281_binette_bin18.fasta_Count	SRR22878281_binette_bin180.fasta_Count	SRR22878281_binette_bin181.fasta_Count	SRR22878281_binette_bin182.fasta_Count	SRR22878281_binette_bin183.fasta_Count	SRR22878281_binette_bin184.fasta_Count	SRR22878281_binette_bin185.fasta_Count	SRR22878281_binette_bin186.fasta_Count	SRR22878281_binette_bin187.fasta_Count	SRR22878281_binette_bin188.fasta_Count	SRR22878281_binette_bin189.fasta_Count	SRR22878281_binette_bin190.fasta_Count	SRR22878281_binette_bin191.fasta_Count	SRR22878281_binette_bin192.fasta_Count	SRR22878281_binette_bin193.fasta_Count	SRR22878281_binette_bin194.fasta_Count	SRR22878281_binette_bin195.fasta_Count	SRR22878281_binette_bin196.fasta_Count	SRR22878281_binette_bin197.fasta_Count	SRR22878281_binette_bin198.fasta_Count	SRR22878281_binette_bin199.fasta_Count	SRR22878281_binette_bin2.fasta_Count	SRR22878281_binette_bin20.fasta_Count	SRR22878281_binette_bin200.fasta_Count	SRR22878281_binette_bin201.fasta_Count	SRR22878281_binette_bin202.fasta_Count	SRR22878281_binette_bin203.fasta_Count	SRR22878281_binette_bin204.fasta_Count	SRR22878281_binette_bin205.fasta_Count	SRR22878281_binette_bin206.fasta_Count	SRR22878281_binette_bin207.fasta_Count	SRR22878281_binette_bin208.fasta_Count	SRR22878281_binette_bin209.fasta_Count	SRR22878281_binette_bin21.fasta_Count	SRR22878281_binette_bin210.fasta_Count	SRR22878281_binette_bin211.fasta_Count	SRR22878281_binette_bin212.fasta_Count	SRR22878281_binette_bin213.fasta_Count	SRR22878281_binette_bin214.fasta_Count	SRR22878281_binette_bin215.fasta_Count	SRR22878281_binette_bin216.fasta_Count	SRR22878281_binette_bin217.fasta_Count	SRR22878281_binette_bin218.fasta_Count	SRR22878281_binette_bin219.fasta_Count	SRR22878281_binette_bin22.fasta_Count	SRR22878281_binette_bin220.fasta_Count	SRR22878281_binette_bin221.fasta_Count	SRR22878281_binette_bin222.fasta_Count	SRR22878281_binette_bin223.fasta_Count	SRR22878281_binette_bin224.fasta_Count	SRR22878281_binette_bin225.fasta_Count	SRR22878281_binette_bin226.fasta_Count	SRR22878281_binette_bin227.fasta_Count	SRR22878281_binette_bin228.fasta_Count	SRR22878281_binette_bin229.fasta_Count	SRR22878281_binette_bin23.fasta_Count	SRR22878281_binette_bin230.fasta_Count	SRR22878281_binette_bin231.fasta_Count	SRR22878281_binette_bin232.fasta_Count	SRR22878281_binette_bin233.fasta_Count	SRR22878281_binette_bin234.fasta_Count	SRR22878281_binette_bin235.fasta_Count	SRR22878281_binette_bin24.fasta_Count	SRR22878281_binette_bin243.fasta_Count	SRR22878281_binette_bin244.fasta_Count	SRR22878281_binette_bin245.fasta_Count	SRR22878281_binette_bin246.fasta_Count	SRR22878281_binette_bin247.fasta_Count	SRR22878281_binette_bin248.fasta_Count	SRR22878281_binette_bin249.fasta_Count	SRR22878281_binette_bin25.fasta_Count	SRR22878281_binette_bin250.fasta_Count	SRR22878281_binette_bin251.fasta_Count	SRR22878281_binette_bin252.fasta_Count	SRR22878281_binette_bin253.fasta_Count	SRR22878281_binette_bin254.fasta_Count	SRR22878281_binette_bin255.fasta_Count	SRR22878281_binette_bin256.fasta_Count	SRR22878281_binette_bin257.fasta_Count	SRR22878281_binette_bin258.fasta_Count	SRR22878281_binette_bin26.fasta_Count	SRR22878281_binette_bin260.fasta_Count	SRR22878281_binette_bin261.fasta_Count	SRR22878281_binette_bin262.fasta_Count	SRR22878281_binette_bin263.fasta_Count	SRR22878281_binette_bin264.fasta_Count	SRR22878281_binette_bin265.fasta_Count	SRR22878281_binette_bin266.fasta_Count	SRR22878281_binette_bin267.fasta_Count	SRR22878281_binette_bin268.fasta_Count	SRR22878281_binette_bin269.fasta_Count	SRR22878281_binette_bin27.fasta_Count	SRR22878281_binette_bin270.fasta_Count	SRR22878281_binette_bin271.fasta_Count	SRR22878281_binette_bin273.fasta_Count	SRR22878281_binette_bin274.fasta_Count	SRR22878281_binette_bin275.fasta_Count	SRR22878281_binette_bin276.fasta_Count	SRR22878281_binette_bin278.fasta_Count	SRR22878281_binette_bin279.fasta_Count	SRR22878281_binette_bin28.fasta_Count	SRR22878281_binette_bin280.fasta_Count	SRR22878281_binette_bin281.fasta_Count	SRR22878281_binette_bin282.fasta_Count	SRR22878281_binette_bin283.fasta_Count	SRR22878281_binette_bin284.fasta_Count	SRR22878281_binette_bin29.fasta_Count	SRR22878281_binette_bin3.fasta_Count	SRR22878281_binette_bin30.fasta_Count	SRR22878281_binette_bin31.fasta_Count	SRR22878281_binette_bin32.fasta_Count	SRR22878281_binette_bin33.fasta_Count	SRR22878281_binette_bin34.fasta_Count	SRR22878281_binette_bin35.fasta_Count	SRR22878281_binette_bin36.fasta_Count	SRR22878281_binette_bin37.fasta_Count	SRR22878281_binette_bin38.fasta_Count	SRR22878281_binette_bin39.fasta_Count	SRR22878281_binette_bin4.fasta_Count	SRR22878281_binette_bin40.fasta_Count	SRR22878281_binette_bin41.fasta_Count	SRR22878281_binette_bin43.fasta_Count	SRR22878281_binette_bin44.fasta_Count	SRR22878281_binette_bin45.fasta_Count	SRR22878281_binette_bin46.fasta_Count	SRR22878281_binette_bin47.fasta_Count	SRR22878281_binette_bin48.fasta_Count	SRR22878281_binette_bin49.fasta_Count	SRR22878281_binette_bin5.fasta_Count	SRR22878281_binette_bin50.fasta_Count	SRR22878281_binette_bin51.fasta_Count	SRR22878281_binette_bin52.fasta_Count	SRR22878281_binette_bin53.fasta_Count	SRR22878281_binette_bin54.fasta_Count	SRR22878281_binette_bin55.fasta_Count	SRR22878281_binette_bin56.fasta_Count	SRR22878281_binette_bin58.fasta_Count	SRR22878281_binette_bin59.fasta_Count	SRR22878281_binette_bin6.fasta_Count	SRR22878281_binette_bin60.fasta_Count	SRR22878281_binette_bin61.fasta_Count	SRR22878281_binette_bin62.fasta_Count	SRR22878281_binette_bin63.fasta_Count	SRR22878281_binette_bin64.fasta_Count	SRR22878281_binette_bin65.fasta_Count	SRR22878281_binette_bin66.fasta_Count	SRR22878281_binette_bin67.fasta_Count	SRR22878281_binette_bin68.fasta_Count	SRR22878281_binette_bin69.fasta_Count	SRR22878281_binette_bin7.fasta_Count	SRR22878281_binette_bin71.fasta_Count	SRR22878281_binette_bin72.fasta_Count	SRR22878281_binette_bin73.fasta_Count	SRR22878281_binette_bin74.fasta_Count	SRR22878281_binette_bin75.fasta_Count	SRR22878281_binette_bin76.fasta_Count	SRR22878281_binette_bin77.fasta_Count	SRR22878281_binette_bin78.fasta_Count	SRR22878281_binette_bin8.fasta_Count	SRR22878281_binette_bin80.fasta_Count	SRR22878281_binette_bin81.fasta_Count	SRR22878281_binette_bin82.fasta_Count	SRR22878281_binette_bin83.fasta_Count	SRR22878281_binette_bin84.fasta_Count	SRR22878281_binette_bin85.fasta_Count	SRR22878281_binette_bin86.fasta_Count	SRR22878281_binette_bin87.fasta_Count	SRR22878281_binette_bin89.fasta_Count	SRR22878281_binette_bin9.fasta_Count	SRR22878281_binette_bin90.fasta_Count	SRR22878281_binette_bin91.fasta_Count	SRR22878281_binette_bin92.fasta_Count	SRR22878281_binette_bin93.fasta_Count	SRR22878281_binette_bin94.fasta_Count	SRR22878281_binette_bin95.fasta_Count	SRR22878281_binette_bin96.fasta_Count	SRR22878281_binette_bin97.fasta_Count	SRR22878281_binette_bin98.fasta_Count	SRR22878282_binette_bin1.fasta_Count	SRR22878282_binette_bin10.fasta_Count	SRR22878282_binette_bin100.fasta_Count	SRR22878282_binette_bin101.fasta_Count	SRR22878282_binette_bin102.fasta_Count	SRR22878282_binette_bin103.fasta_Count	SRR22878282_binette_bin104.fasta_Count	SRR22878282_binette_bin105.fasta_Count	SRR22878282_binette_bin106.fasta_Count	SRR22878282_binette_bin107.fasta_Count	SRR22878282_binette_bin108.fasta_Count	SRR22878282_binette_bin109.fasta_Count	SRR22878282_binette_bin110.fasta_Count	SRR22878282_binette_bin111.fasta_Count	SRR22878282_binette_bin112.fasta_Count	SRR22878282_binette_bin113.fasta_Count	SRR22878282_binette_bin114.fasta_Count	SRR22878282_binette_bin115.fasta_Count	SRR22878282_binette_bin116.fasta_Count	SRR22878282_binette_bin117.fasta_Count	SRR22878282_binette_bin118.fasta_Count	SRR22878282_binette_bin120.fasta_Count	SRR22878282_binette_bin121.fasta_Count	SRR22878282_binette_bin122.fasta_Count	SRR22878282_binette_bin123.fasta_Count	SRR22878282_binette_bin124.fasta_Count	SRR22878282_binette_bin125.fasta_Count	SRR22878282_binette_bin127.fasta_Count	SRR22878282_binette_bin128.fasta_Count	SRR22878282_binette_bin129.fasta_Count	SRR22878282_binette_bin13.fasta_Count	SRR22878282_binette_bin130.fasta_Count	SRR22878282_binette_bin131.fasta_Count	SRR22878282_binette_bin132.fasta_Count	SRR22878282_binette_bin133.fasta_Count	SRR22878282_binette_bin134.fasta_Count	SRR22878282_binette_bin14.fasta_Count	SRR22878282_binette_bin15.fasta_Count	SRR22878282_binette_bin16.fasta_Count	SRR22878282_binette_bin162.fasta_Count	SRR22878282_binette_bin164.fasta_Count	SRR22878282_binette_bin165.fasta_Count	SRR22878282_binette_bin166.fasta_Count	SRR22878282_binette_bin167.fasta_Count	SRR22878282_binette_bin168.fasta_Count	SRR22878282_binette_bin169.fasta_Count	SRR22878282_binette_bin170.fasta_Count	SRR22878282_binette_bin171.fasta_Count	SRR22878282_binette_bin172.fasta_Count	SRR22878282_binette_bin173.fasta_Count	SRR22878282_binette_bin174.fasta_Count	SRR22878282_binette_bin175.fasta_Count	SRR22878282_binette_bin176.fasta_Count	SRR22878282_binette_bin177.fasta_Count	SRR22878282_binette_bin178.fasta_Count	SRR22878282_binette_bin179.fasta_Count	SRR22878282_binette_bin18.fasta_Count	SRR22878282_binette_bin180.fasta_Count	SRR22878282_binette_bin182.fasta_Count	SRR22878282_binette_bin183.fasta_Count	SRR22878282_binette_bin185.fasta_Count	SRR22878282_binette_bin186.fasta_Count	SRR22878282_binette_bin187.fasta_Count	SRR22878282_binette_bin188.fasta_Count	SRR22878282_binette_bin19.fasta_Count	SRR22878282_binette_bin194.fasta_Count	SRR22878282_binette_bin195.fasta_Count	SRR22878282_binette_bin2.fasta_Count	SRR22878282_binette_bin20.fasta_Count	SRR22878282_binette_bin21.fasta_Count	SRR22878282_binette_bin24.fasta_Count	SRR22878282_binette_bin25.fasta_Count	SRR22878282_binette_bin26.fasta_Count	SRR22878282_binette_bin27.fasta_Count	SRR22878282_binette_bin28.fasta_Count	SRR22878282_binette_bin29.fasta_Count	SRR22878282_binette_bin3.fasta_Count	SRR22878282_binette_bin31.fasta_Count	SRR22878282_binette_bin33.fasta_Count	SRR22878282_binette_bin34.fasta_Count	SRR22878282_binette_bin35.fasta_Count	SRR22878282_binette_bin37.fasta_Count	SRR22878282_binette_bin38.fasta_Count	SRR22878282_binette_bin39.fasta_Count	SRR22878282_binette_bin4.fasta_Count	SRR22878282_binette_bin40.fasta_Count	SRR22878282_binette_bin41.fasta_Count	SRR22878282_binette_bin42.fasta_Count	SRR22878282_binette_bin43.fasta_Count	SRR22878282_binette_bin44.fasta_Count	SRR22878282_binette_bin45.fasta_Count	SRR22878282_binette_bin47.fasta_Count	SRR22878282_binette_bin48.fasta_Count	SRR22878282_binette_bin5.fasta_Count	SRR22878282_binette_bin50.fasta_Count	SRR22878282_binette_bin51.fasta_Count	SRR22878282_binette_bin52.fasta_Count	SRR22878282_binette_bin53.fasta_Count	SRR22878282_binette_bin54.fasta_Count	SRR22878282_binette_bin55.fasta_Count	SRR22878282_binette_bin56.fasta_Count	SRR22878282_binette_bin57.fasta_Count	SRR22878282_binette_bin58.fasta_Count	SRR22878282_binette_bin6.fasta_Count	SRR22878282_binette_bin60.fasta_Count	SRR22878282_binette_bin61.fasta_Count	SRR22878282_binette_bin63.fasta_Count	SRR22878282_binette_bin64.fasta_Count	SRR22878282_binette_bin65.fasta_Count	SRR22878282_binette_bin67.fasta_Count	SRR22878282_binette_bin68.fasta_Count	SRR22878282_binette_bin69.fasta_Count	SRR22878282_binette_bin7.fasta_Count	SRR22878282_binette_bin71.fasta_Count	SRR22878282_binette_bin72.fasta_Count	SRR22878282_binette_bin73.fasta_Count	SRR22878282_binette_bin74.fasta_Count	SRR22878282_binette_bin75.fasta_Count	SRR22878282_binette_bin76.fasta_Count	SRR22878282_binette_bin77.fasta_Count	SRR22878282_binette_bin78.fasta_Count	SRR22878282_binette_bin79.fasta_Count	SRR22878282_binette_bin8.fasta_Count	SRR22878282_binette_bin80.fasta_Count	SRR22878282_binette_bin81.fasta_Count	SRR22878282_binette_bin82.fasta_Count	SRR22878282_binette_bin83.fasta_Count	SRR22878282_binette_bin84.fasta_Count	SRR22878282_binette_bin85.fasta_Count	SRR22878282_binette_bin86.fasta_Count	SRR22878282_binette_bin87.fasta_Count	SRR22878282_binette_bin88.fasta_Count	SRR22878282_binette_bin9.fasta_Count	SRR22878282_binette_bin90.fasta_Count	SRR22878282_binette_bin91.fasta_Count	SRR22878282_binette_bin92.fasta_Count	SRR22878282_binette_bin93.fasta_Count	SRR22878282_binette_bin94.fasta_Count	SRR22878282_binette_bin95.fasta_Count	SRR22878282_binette_bin96.fasta_Count	SRR22878282_binette_bin97.fasta_Count	SRR22878282_binette_bin98.fasta_Count	SRR22878282_binette_bin99.fasta_Count	SRR22878283_binette_bin1.fasta_Count	SRR22878283_binette_bin10.fasta_Count	SRR22878283_binette_bin100.fasta_Count	SRR22878283_binette_bin101.fasta_Count	SRR22878283_binette_bin102.fasta_Count	SRR22878283_binette_bin103.fasta_Count	SRR22878283_binette_bin104.fasta_Count	SRR22878283_binette_bin105.fasta_Count	SRR22878283_binette_bin106.fasta_Count	SRR22878283_binette_bin107.fasta_Count	SRR22878283_binette_bin108.fasta_Count	SRR22878283_binette_bin109.fasta_Count	SRR22878283_binette_bin11.fasta_Count	SRR22878283_binette_bin110.fasta_Count	SRR22878283_binette_bin111.fasta_Count	SRR22878283_binette_bin112.fasta_Count	SRR22878283_binette_bin113.fasta_Count	SRR22878283_binette_bin114.fasta_Count	SRR22878283_binette_bin115.fasta_Count	SRR22878283_binette_bin116.fasta_Count	SRR22878283_binette_bin117.fasta_Count	SRR22878283_binette_bin118.fasta_Count	SRR22878283_binette_bin119.fasta_Count	SRR22878283_binette_bin12.fasta_Count	SRR22878283_binette_bin120.fasta_Count	SRR22878283_binette_bin121.fasta_Count	SRR22878283_binette_bin122.fasta_Count	SRR22878283_binette_bin123.fasta_Count	SRR22878283_binette_bin124.fasta_Count	SRR22878283_binette_bin125.fasta_Count	SRR22878283_binette_bin126.fasta_Count	SRR22878283_binette_bin127.fasta_Count	SRR22878283_binette_bin128.fasta_Count	SRR22878283_binette_bin129.fasta_Count	SRR22878283_binette_bin13.fasta_Count	SRR22878283_binette_bin130.fasta_Count	SRR22878283_binette_bin131.fasta_Count	SRR22878283_binette_bin132.fasta_Count	SRR22878283_binette_bin133.fasta_Count	SRR22878283_binette_bin134.fasta_Count	SRR22878283_binette_bin135.fasta_Count	SRR22878283_binette_bin136.fasta_Count	SRR22878283_binette_bin137.fasta_Count	SRR22878283_binette_bin138.fasta_Count	SRR22878283_binette_bin139.fasta_Count	SRR22878283_binette_bin14.fasta_Count	SRR22878283_binette_bin140.fasta_Count	SRR22878283_binette_bin141.fasta_Count	SRR22878283_binette_bin142.fasta_Count	SRR22878283_binette_bin143.fasta_Count	SRR22878283_binette_bin144.fasta_Count	SRR22878283_binette_bin145.fasta_Count	SRR22878283_binette_bin146.fasta_Count	SRR22878283_binette_bin147.fasta_Count	SRR22878283_binette_bin148.fasta_Count	SRR22878283_binette_bin149.fasta_Count	SRR22878283_binette_bin15.fasta_Count	SRR22878283_binette_bin150.fasta_Count	SRR22878283_binette_bin151.fasta_Count	SRR22878283_binette_bin152.fasta_Count	SRR22878283_binette_bin153.fasta_Count	SRR22878283_binette_bin154.fasta_Count	SRR22878283_binette_bin155.fasta_Count	SRR22878283_binette_bin156.fasta_Count	SRR22878283_binette_bin157.fasta_Count	SRR22878283_binette_bin158.fasta_Count	SRR22878283_binette_bin16.fasta_Count	SRR22878283_binette_bin17.fasta_Count	SRR22878283_binette_bin19.fasta_Count	SRR22878283_binette_bin191.fasta_Count	SRR22878283_binette_bin192.fasta_Count	SRR22878283_binette_bin193.fasta_Count	SRR22878283_binette_bin195.fasta_Count	SRR22878283_binette_bin196.fasta_Count	SRR22878283_binette_bin198.fasta_Count	SRR22878283_binette_bin2.fasta_Count	SRR22878283_binette_bin200.fasta_Count	SRR22878283_binette_bin201.fasta_Count	SRR22878283_binette_bin202.fasta_Count	SRR22878283_binette_bin203.fasta_Count	SRR22878283_binette_bin204.fasta_Count	SRR22878283_binette_bin205.fasta_Count	SRR22878283_binette_bin206.fasta_Count	SRR22878283_binette_bin207.fasta_Count	SRR22878283_binette_bin208.fasta_Count	SRR22878283_binette_bin209.fasta_Count	SRR22878283_binette_bin21.fasta_Count	SRR22878283_binette_bin210.fasta_Count	SRR22878283_binette_bin211.fasta_Count	SRR22878283_binette_bin212.fasta_Count	SRR22878283_binette_bin213.fasta_Count	SRR22878283_binette_bin214.fasta_Count	SRR22878283_binette_bin215.fasta_Count	SRR22878283_binette_bin216.fasta_Count	SRR22878283_binette_bin217.fasta_Count	SRR22878283_binette_bin218.fasta_Count	SRR22878283_binette_bin22.fasta_Count	SRR22878283_binette_bin220.fasta_Count	SRR22878283_binette_bin221.fasta_Count	SRR22878283_binette_bin222.fasta_Count	SRR22878283_binette_bin224.fasta_Count	SRR22878283_binette_bin225.fasta_Count	SRR22878283_binette_bin226.fasta_Count	SRR22878283_binette_bin228.fasta_Count	SRR22878283_binette_bin23.fasta_Count	SRR22878283_binette_bin231.fasta_Count	SRR22878283_binette_bin24.fasta_Count	SRR22878283_binette_bin25.fasta_Count	SRR22878283_binette_bin26.fasta_Count	SRR22878283_binette_bin27.fasta_Count	SRR22878283_binette_bin28.fasta_Count	SRR22878283_binette_bin29.fasta_Count	SRR22878283_binette_bin3.fasta_Count	SRR22878283_binette_bin30.fasta_Count	SRR22878283_binette_bin31.fasta_Count	SRR22878283_binette_bin32.fasta_Count	SRR22878283_binette_bin35.fasta_Count	SRR22878283_binette_bin36.fasta_Count	SRR22878283_binette_bin37.fasta_Count	SRR22878283_binette_bin4.fasta_Count	SRR22878283_binette_bin40.fasta_Count	SRR22878283_binette_bin41.fasta_Count	SRR22878283_binette_bin43.fasta_Count	SRR22878283_binette_bin45.fasta_Count	SRR22878283_binette_bin46.fasta_Count	SRR22878283_binette_bin48.fasta_Count	SRR22878283_binette_bin49.fasta_Count	SRR22878283_binette_bin5.fasta_Count	SRR22878283_binette_bin50.fasta_Count	SRR22878283_binette_bin51.fasta_Count	SRR22878283_binette_bin52.fasta_Count	SRR22878283_binette_bin54.fasta_Count	SRR22878283_binette_bin56.fasta_Count	SRR22878283_binette_bin57.fasta_Count	SRR22878283_binette_bin58.fasta_Count	SRR22878283_binette_bin59.fasta_Count	SRR22878283_binette_bin6.fasta_Count	SRR22878283_binette_bin60.fasta_Count	SRR22878283_binette_bin61.fasta_Count	SRR22878283_binette_bin62.fasta_Count	SRR22878283_binette_bin63.fasta_Count	SRR22878283_binette_bin65.fasta_Count	SRR22878283_binette_bin66.fasta_Count	SRR22878283_binette_bin67.fasta_Count	SRR22878283_binette_bin68.fasta_Count	SRR22878283_binette_bin69.fasta_Count	SRR22878283_binette_bin7.fasta_Count	SRR22878283_binette_bin70.fasta_Count	SRR22878283_binette_bin71.fasta_Count	SRR22878283_binette_bin72.fasta_Count	SRR22878283_binette_bin73.fasta_Count	SRR22878283_binette_bin74.fasta_Count	SRR22878283_binette_bin75.fasta_Count	SRR22878283_binette_bin76.fasta_Count	SRR22878283_binette_bin77.fasta_Count	SRR22878283_binette_bin78.fasta_Count	SRR22878283_binette_bin79.fasta_Count	SRR22878283_binette_bin8.fasta_Count	SRR22878283_binette_bin80.fasta_Count	SRR22878283_binette_bin81.fasta_Count	SRR22878283_binette_bin82.fasta_Count	SRR22878283_binette_bin85.fasta_Count	SRR22878283_binette_bin86.fasta_Count	SRR22878283_binette_bin87.fasta_Count	SRR22878283_binette_bin88.fasta_Count	SRR22878283_binette_bin89.fasta_Count	SRR22878283_binette_bin9.fasta_Count	SRR22878283_binette_bin90.fasta_Count	SRR22878283_binette_bin91.fasta_Count	SRR22878283_binette_bin92.fasta_Count	SRR22878283_binette_bin93.fasta_Count	SRR22878283_binette_bin94.fasta_Count	SRR22878283_binette_bin95.fasta_Count	SRR22878283_binette_bin96.fasta_Count	SRR22878283_binette_bin97.fasta_Count	SRR22878283_binette_bin98.fasta_Count	SRR22878283_binette_bin99.fasta_Count
CDSs	2788	2713	1925	2475	4226	2202	1167	4618	3846	2362	2095	893	2111	2550	2083	1804	2969	2205	1893	958	1319	2248	1575	3404	2435	1591	2023	1039	1191	2007	2835	1382	1932	2407	1610	1742	1122	1060	1879	1682	839	1512	1764	2194	1224	994	1320	1852	230	395	1115	1214	297	1549	3278	345	1029	694	1201	733	639	632	710	661	525	4966	603	787	866	164	177	614	670	1223	1107	565	4510	1021	699	504	940	813	1220	423	478	465	609	3390	458	542	509	901	971	539	1054	690	295	684	551	594	274	300	352	558	323	417	828	470	4311	3613	550	294	590	638	330	569	717	438	774	436	2264	220	265	592	560	558	260	264	217	292	185	2832	283	389	209	297	488	189	322	211	326	203	3597	808	498	569	424	519	310	3194	457	308	316	226	210	682	393	2075	295	630	448	274	247	287	247	216	274	2985	329	363	175	248	346	211	155	282	208	278	2876	369	307	233	224	369	358	190	217	4103	220	227	234	215	213	3214	2618	5173	2843	2623	2824	3914	4483	4822	3314	5285	2303	3161	3395	5258	3625	3168	2944	3607	4755	3306	3707	2265	3082	3767	3517	4216	4578	4424	5025	3727	2441	2413	2996	2758	2689	2161	3085	5674	3151	4063	4051	1921	1037	2931	3157	2262	5744	2750	2140	2253	1854	2884	3309	2183	3990	2225	3308	2418	2828	1818	3014	2264	3256	1962	2050	2274	2372	2263	2053	2619	3345	3346	4999	209	746	381	1091	715	325	159	704	548	561	260	246	364	968	192	278	464	216	313	292	248	346	392	231	302	247	260	447	4690	494	441	116	200	242	3492	4378	2479	283	354	213	628	218	235	217	493	197	338	292	184	191	424	319	265	241	2559	187	97	242	451	143	103	441	3442	238	225	4123	2965	2996	2989	2056	2992	2422	1675	2329	4880	1825	4759	1890	2319	2221	1658	2155	3115	1869	1870	3001	1413	370	2729	1676	1436	3367	3252	240	892	1371	1647	1279	1207	254	2177	3093	979	795	1109	847	1658	975	662	1141	4635	879	828	638	839	403	731	1400	710	308	4441	526	459	471	924	481	354	442	626	449	2176	417	691	476	362	1266	430	1086	532	237	430	3632	3441	269	1502	644	259	317	382	879	350	539	367	5968	348	764	358	481	322	280	311	515	602	1107	2687	419	843	232	235	365	241	220	412	266	589	5701	423	287	206	201	311	822	237	301	251	268	2810	478	299	423	240	223	273	211	308	166	295	2450	459	274	327	220	267	312	180	159	920	3154	3144	3238	230	752	293	239	196	279	2517	309	172	208	151	298	270	262	349	754	171	3012	383	127	177	177	97	375	234	164	143	3462	179	152	113	64	77	67	21	2501	164	2728	4143	2564	3238	4107	2057	2494	2791	2349	3459	2851	2624	4474	3208	2035	2822	3351	2918	2149	529	2289	3146	6837	2559	2138	2838	2096	1986	3226	1201	4259	285	319	1250	3325	1207	1254	1613	2125	1904	2189	1105	1659	864	1272	801	378	1041	487	898	538	2361	746	635	1304	347	1193	451	709	313	3781	512	1277	524	765	506	332	649	777	868	357
CRISPR arrays	0	0	0	0	0	0	0	0	0	0	0	0	0	0	0	0	0	0	0	0	0	0	0	0	0	0	0	0	0	0	1	0	0	0	0	0	0	0	0	0	0	0	0	0	0	0	0	0	0	0	0	0	0	0	0	0	0	0	0	0	0	0	0	0	0	4	0	0	0	0	0	0	0	0	0	0	0	0	0	0	0	0	0	0	0	0	0	2	0	0	0	0	0	0	0	0	0	0	0	0	0	1	0	0	0	0	0	0	0	0	0	0	0	0	0	0	0	0	0	0	0	0	0	0	0	0	0	0	0	0	0	0	0	0	0	0	0	0	0	0	1	0	0	0	0	0	0	0	0	0	1	0	0	0	0	0	0	0	0	0	0	0	0	0	0	0	0	0	0	0	0	0	0	0	0	0	0	0	0	0	0	0	0	0	0	0	0	0	0	0	0	0	0	0	0	0	0	0	0	0	0	0	0	0	0	0	0	1	0	0	0	0	0	0	0	0	0	0	0	0	0	0	0	0	0	0	0	0	0	0	0	0	0	0	0	0	0	0	0	0	0	0	0	0	0	0	0	0	0	0	0	0	0	0	0	0	0	0	0	0	0	0	0	0	0	0	0	0	0	0	0	0	0	0	0	0	0	0	0	0	0	0	0	0	0	0	0	0	0	0	0	0	0	0	0	0	0	0	0	0	0	0	1	0	0	0	0	0	0	0	0	0	0	0	0	0	0	0	0	0	0	0	0	0	0	0	0	0	0	0	0	0	1	0	0	0	0	0	0	0	0	3	0	0	0	0	0	0	0	0	0	0	0	0	0	0	0	0	0	0	0	0	0	0	0	0	0	0	0	0	0	0	0	0	0	0	0	0	0	0	0	0	0	1	0	0	0	0	0	0	0	0	0	0	0	0	0	0	0	0	0	0	0	0	0	0	0	0	0	0	0	0	0	0	0	0	0	0	0	0	4	0	1	0	0	0	0	0	0	0	0	0	0	0	0	0	0	0	0	0	0	0	0	0	0	0	0	0	0	0	0	0	0	0	0	0	0	0	0	0	0	0	0	0	0	0	0	0	0	0	0	0	0	0	0	0	0	0	0	0	0	0	0	0	0	0	0	0	0	1	0	0	0	0	0	0	0	0	0	0	0	0	0	0	0	0	0	0	0	0	0	0	0	0	0	0	0	1	0	0	0	0	0	0	0	0	0	0	0	0	0	0	0	0	0	3	0	0	0	0	0	0	0	1	0	0	0	0	0	0	0	0	0	0	0	0	0	0	0	0	0	0	0	0	0	0	0	0	0	0	0	0	0	0	0	0	0	0	0	0	0	1	0	0	0
gaps	0	0	0	0	0	0	0	0	0	0	0	0	0	0	0	0	0	0	0	0	0	0	0	0	0	0	0	0	0	0	0	0	0	0	0	0	0	0	0	0	0	0	0	0	0	0	0	0	0	0	0	0	0	0	0	0	0	0	0	0	0	0	0	0	0	0	0	0	0	0	0	0	0	0	0	0	0	0	0	0	0	0	0	0	0	0	0	0	0	0	0	0	0	0	0	0	0	0	0	0	0	0	0	0	0	0	0	0	0	0	0	0	0	0	0	0	0	0	0	0	0	0	0	0	0	0	0	0	0	0	0	0	0	0	0	0	0	0	0	0	0	0	0	0	0	0	0	0	0	0	0	0	0	0	0	0	0	0	0	0	0	0	0	0	0	0	0	0	0	0	0	0	0	0	0	0	0	0	0	0	0	0	0	0	0	0	0	0	0	0	0	0	0	0	0	0	0	0	0	0	0	0	0	0	0	0	0	0	0	0	0	0	0	0	0	0	0	0	0	0	0	0	0	0	0	0	0	0	0	0	0	0	0	0	0	0	0	0	0	0	0	0	0	0	0	0	0	0	0	0	0	0	0	0	0	0	0	0	0	0	0	0	0	0	0	0	0	0	0	0	0	0	0	0	0	0	0	0	0	0	0	0	0	0	0	0	0	0	0	0	0	0	0	0	0	0	0	0	0	0	0	0	0	0	0	0	0	0	0	0	0	0	0	0	0	0	0	0	0	0	0	0	0	0	0	0	0	0	0	0	0	0	0	0	0	0	0	0	0	0	0	0	0	0	0	0	0	0	0	0	0	0	0	0	0	0	0	0	0	0	0	0	0	0	0	0	0	0	0	0	0	0	0	0	0	0	0	0	0	0	0	0	0	0	0	0	0	0	0	0	0	0	0	0	0	0	0	0	0	0	0	0	0	0	0	0	0	0	0	0	0	0	0	0	0	0	0	0	0	0	0	0	0	0	0	0	0	0	0	0	0	0	0	0	0	0	0	0	0	0	0	0	0	0	0	0	0	0	0	0	0	0	0	0	0	0	0	0	0	0	0	0	0	0	0	0	0	0	0	0	0	0	0	0	0	0	0	0	0	0	0	0	0	0	0	0	0	0	0	0	0	0	0	0	0	0	0	0	0	0	0	0	0	0	0	0	0	0	0	0	0	0	0	0	0	0	0	0	0	0	0	0	0	0	0	0	0	0	0	0	0	0	0	0	0	0	0	0	0	0	0	0	0	0	0	0	0	0	0	0	0	0	0	0	0	0	0	0	0	0	0	0	0	0	0	0	0	0	0	0	0	0	0	0	0	0	0	0	0	0	0	0	0	0	0
hypotheticals	767	988	630	1940	2780	1364	866	1962	2464	1474	965	658	447	1798	1511	1055	2200	1377	1432	569	750	1201	1047	921	1428	1179	1546	526	825	1449	1781	881	1099	980	1265	1367	459	627	1049	1079	762	872	1217	518	316	655	1061	1813	125	164	862	1045	144	640	416	153	416	550	988	323	435	327	581	433	518	1338	398	601	612	88	81	487	334	1071	541	444	1854	765	514	201	507	609	935	171	434	348	234	1023	335	282	450	558	820	348	914	594	129	419	419	331	100	113	109	438	104	262	648	448	1246	1352	245	129	431	429	161	397	620	417	390	280	481	56	138	187	495	521	104	129	100	183	72	600	134	207	136	227	426	88	246	187	223	89	1332	757	301	486	233	402	214	512	242	264	218	18	160	465	148	1900	146	475	416	145	198	137	114	59	154	749	237	185	121	187	291	153	69	225	122	243	1692	356	103	57	169	361	301	102	173	1270	98	163	166	179	77	1247	184	1829	592	192	201	1109	1086	2015	518	2345	564	735	675	3018	207	682	1002	422	1751	1370	467	395	1303	888	1442	1022	1513	2781	1840	1496	382	639	842	500	1130	449	959	2506	1367	1575	2420	482	672	717	1349	572	2886	364	1096	763	719	519	1614	833	1459	289	2274	1461	848	967	1999	491	1231	616	1171	1020	1600	761	308	1646	2273	1059	718	118	213	173	512	685	155	58	463	340	275	212	155	212	714	46	113	275	114	200	94	112	141	188	124	143	165	64	406	2310	284	165	52	165	179	397	1573	696	223	315	121	626	135	185	70	365	75	227	96	95	147	265	204	218	152	248	6	83	77	446	142	99	417	353	42	31	1707	1653	419	454	915	386	338	697	494	1493	84	2785	351	685	431	1564	478	352	390	433	1686	544	349	186	683	506	1063	1787	147	434	548	887	521	361	163	1911	194	454	367	580	438	879	473	90	1131	2560	361	202	417	192	257	565	821	60	117	1321	273	135	263	394	11	175	91	146	144	840	206	295	317	213	889	226	796	230	139	257	1051	590	260	1498	624	123	132	379	865	178	303	127	1876	225	414	326	353	154	137	280	247	333	570	304	412	715	107	230	230	122	136	274	52	398	1701	411	106	99	81	307	819	113	187	145	59	1101	395	100	292	96	78	109	57	130	123	151	663	278	261	156	217	113	206	91	70	919	1584	1059	290	202	751	276	149	191	274	738	300	61	104	60	161	165	129	197	753	32	1517	351	51	43	98	96	150	116	73	117	800	113	81	93	64	77	67	20	491	52	796	835	693	539	1657	504	669	401	412	619	1188	319	2317	1214	1298	765	745	1525	428	335	720	990	6699	920	709	830	662	647	982	1198	791	182	223	533	1879	342	390	304	1066	1321	660	446	717	240	614	290	263	534	335	514	244	708	328	493	583	175	907	160	246	308	2451	254	1273	193	318	303	170	198	331	772	85
ncRNA regions	7	5	12	1	2	0	0	9	1	2	3	1	6	1	0	0	0	2	3	0	3	0	1	10	2	0	0	2	0	0	4	3	5	4	1	0	0	2	3	1	0	1	5	7	5	0	1	0	0	2	0	0	0	4	8	0	0	0	0	0	2	2	0	0	0	4	0	0	3	0	0	0	2	1	0	0	2	1	1	0	1	0	1	0	1	0	1	4	1	0	0	0	1	0	1	0	0	0	0	6	2	0	3	0	0	1	0	0	6	8	2	1	1	0	0	1	0	2	0	1	4	1	0	2	0	0	1	0	2	1	1	4	0	1	0	0	0	1	1	0	1	0	11	2	1	0	0	0	0	3	0	0	0	0	0	0	2	1	1	2	0	0	0	0	0	0	0	8	0	0	0	0	0	1	0	0	1	0	3	1	0	1	0	0	0	0	0	4	0	0	0	0	0	3	5	9	7	8	9	4	7	3	7	3	4	4	10	1	12	4	4	7	5	4	11	5	8	8	7	11	8	5	3	4	7	6	8	9	2	9	7	5	2	7	1	8	3	10	7	3	5	8	0	2	3	6	2	10	13	5	1	1	8	2	1	7	6	5	7	6	0	11	12	0	2	5	11	1	3	0	0	0	1	2	1	0	3	0	0	1	1	1	0	0	0	0	0	0	0	1	0	0	0	0	0	6	0	1	0	0	1	7	5	7	0	0	0	0	0	0	0	1	0	1	0	1	1	0	0	0	0	6	0	0	1	0	0	0	0	8	2	3	3	2	9	13	3	10	8	5	6	6	12	4	4	7	5	0	3	6	5	3	2	8	0	11	7	3	7	2	0	1	3	2	4	5	0	0	9	2	4	1	0	0	6	1	0	4	6	0	0	3	0	0	5	9	1	5	0	1	1	1	3	2	2	2	2	4	1	3	0	0	0	0	1	0	0	0	11	15	0	0	0	0	1	0	0	1	0	1	5	0	0	0	1	0	1	0	1	1	0	8	0	0	0	0	0	1	0	1	1	0	7	0	0	0	0	0	0	0	0	1	0	5	0	1	0	2	0	0	1	0	0	1	3	2	0	0	0	0	3	0	1	0	3	12	10	0	0	0	0	0	0	4	0	1	0	0	2	0	0	0	0	1	1	0	1	0	0	0	2	0	0	0	5	0	0	0	0	0	0	0	8	3	6	11	6	7	1	5	3	8	8	8	4	9	10	3	0	8	8	2	9	0	11	6	0	2	5	7	0	4	4	0	9	0	0	6	4	7	5	2	2	0	4	6	4	1	2	4	0	1	0	2	0	4	0	0	8	0	0	0	0	0	2	1	0	2	0	1	0	0	2	1	0
ncRNAs	4	4	1	3	1	1	0	10	1	3	2	2	3	1	7	1	0	2	1	1	1	3	1	4	0	0	0	1	1	0	2	0	0	4	0	3	2	2	1	2	1	0	1	5	1	0	0	0	0	3	1	0	1	0	8	0	0	1	0	1	1	2	0	1	0	9	0	0	0	0	0	0	1	0	0	1	2	1	0	1	0	0	0	1	1	0	1	3	3	1	0	0	0	3	1	1	2	1	0	3	1	0	0	0	0	0	0	0	8	7	1	1	0	0	0	0	0	0	0	0	2	0	2	1	2	0	0	0	0	1	2	3	0	0	0	0	1	0	1	1	0	0	3	0	1	0	0	0	0	5	2	1	0	1	0	1	0	1	0	0	0	0	1	1	0	0	0	9	0	0	0	0	0	1	0	0	0	0	2	0	0	0	0	0	0	0	0	3	0	0	0	0	0	2	5	5	2	24	37	13	12	5	6	2	2	4	4	3	7	3	2	7	3	3	7	5	6	6	4	8	2	3	4	3	14	3	10	2	2	25	9	6	2	6	3	5	1	4	3	2	3	7	2	2	4	16	2	5	16	6	3	3	6	1	2	3	4	4	3	10	1	5	8	3	2	5	10	0	2	2	2	2	0	0	2	1	0	1	0	0	0	7	0	0	0	0	0	0	1	2	0	0	0	1	0	3	0	0	0	0	1	6	5	4	0	0	0	0	0	0	0	0	0	0	0	0	0	0	0	0	0	8	0	0	0	0	0	0	0	7	1	0	5	2	18	8	3	27	3	5	4	19	13	2	0	4	4	2	2	5	0	3	1	4	1	13	2	3	4	5	3	2	1	2	2	1	3	0	8	1	0	0	2	4	1	0	0	4	1	2	0	3	0	0	0	7	2	11	0	2	1	1	0	0	1	2	0	4	3	1	0	2	0	0	1	0	0	0	10	3	0	0	0	1	0	0	0	0	0	0	6	0	0	0	0	1	0	0	0	1	0	5	0	1	0	0	2	0	0	0	1	0	5	0	0	0	0	0	0	1	0	0	0	2	0	0	0	0	1	1	1	0	0	0	3	0	0	0	0	0	0	0	0	0	4	12	51	1	0	0	0	0	0	3	0	0	0	0	0	1	0	0	0	0	3	1	0	0	0	0	0	0	0	0	3	0	0	0	0	0	0	0	9	0	5	13	6	6	5	1	3	6	8	4	4	4	4	5	4	4	7	3	6	1	5	6	0	1	2	2	0	3	1	0	5	3	3	2	4	1	3	14	2	0	2	3	1	1	1	2	0	2	0	0	1	3	0	1	3	1	2	1	0	0	3	0	0	0	0	0	0	0	0	0	2
oriCs	0	0	0	0	0	0	0	0	0	0	0	0	0	0	0	0	0	0	0	0	0	0	0	0	0	0	0	0	0	0	0	0	0	0	0	0	0	0	0	0	0	0	0	0	0	0	0	0	0	0	0	0	0	0	0	0	0	0	0	0	0	0	0	0	0	0	0	0	0	0	0	0	0	0	0	0	0	0	0	0	0	0	0	0	0	0	0	0	0	0	0	0	0	0	0	0	0	0	0	0	0	0	0	0	0	0	0	0	0	0	0	0	0	0	0	0	0	0	0	0	0	0	0	0	0	0	0	0	0	0	0	0	0	0	0	0	0	0	0	0	0	0	0	0	0	0	0	0	0	1	0	0	0	0	0	0	0	0	0	0	0	0	0	0	0	0	0	0	0	0	0	0	0	0	0	0	0	0	0	0	0	0	0	0	0	0	0	0	0	0	0	0	0	0	1	0	0	0	0	0	0	0	0	0	0	0	0	0	2	0	0	1	0	0	0	0	0	0	0	0	0	0	0	0	0	0	0	0	0	0	0	0	0	0	0	0	0	0	0	0	0	0	0	0	0	0	0	0	0	0	0	0	0	0	0	0	0	0	0	0	0	0	1	0	0	0	0	0	0	0	0	0	0	0	0	0	0	0	0	0	0	0	0	0	0	0	0	0	0	0	0	0	0	0	0	0	0	0	0	0	0	0	0	0	0	0	0	0	0	0	0	0	0	0	0	0	0	0	0	0	0	0	0	0	0	0	0	0	0	0	0	0	0	0	0	0	0	0	0	0	0	0	1	0	0	0	0	0	0	0	0	0	0	0	0	0	0	0	0	0	0	0	0	0	0	0	0	0	0	0	0	0	0	0	0	1	0	0	0	0	0	0	0	0	0	1	0	0	0	0	0	0	0	0	0	0	0	0	0	0	0	0	0	0	0	0	0	0	0	0	0	0	0	0	0	0	0	0	0	0	0	0	0	0	0	0	0	0	0	0	0	0	0	0	0	0	0	0	0	0	0	0	0	0	0	0	0	0	0	0	0	0	0	0	0	0	0	0	0	0	0	0	0	0	0	0	0	0	0	0	0	0	0	0	0	0	0	0	0	0	0	0	0	0	0	0	0	0	0	0	0	0	0	0	0	0	0	0	0	0	0	0	0	0	0	0	0	0	0	0	0	0	0	0	0	0	0	0	0	0	0	0	0	0	0	0	0	0	0	0	0	0	0	0	0	0	0	0	0	0	0	0	0	0	0	0	0	0	0	0	0	0	0	0	0	0	0	0	0	0	0	0	0	0	0	0	0	0	0	0	0	0	0	0	0	0	0	0	0	0	0	0	0	0	0
oriTs	0	0	0	0	0	0	0	0	0	0	0	0	0	0	0	0	0	0	0	0	0	0	0	0	0	0	0	0	0	0	0	0	0	0	0	0	0	0	0	0	0	0	0	0	0	0	0	0	0	0	0	0	0	0	0	0	0	0	0	0	0	0	0	0	0	0	0	0	0	0	0	0	0	0	0	0	0	0	0	0	0	0	0	0	0	0	0	0	0	0	0	0	0	0	0	0	0	0	0	0	0	0	0	0	0	0	0	0	0	0	0	0	0	0	0	0	0	0	0	0	0	0	0	0	0	0	0	0	0	0	0	0	0	1	0	0	0	0	0	0	0	0	0	0	0	0	0	0	0	0	0	0	0	0	0	0	0	0	0	0	0	0	0	0	0	0	0	0	0	0	0	0	0	0	0	0	0	0	0	0	0	0	0	0	0	0	0	0	0	0	0	0	0	0	0	0	0	0	0	0	0	0	0	0	0	0	0	0	0	0	0	0	0	0	0	0	0	0	0	0	0	0	0	0	0	0	0	0	0	0	0	0	0	0	0	0	0	0	0	0	0	0	0	0	0	0	0	0	0	0	0	0	0	0	0	0	0	0	0	0	0	0	0	0	0	0	0	0	0	0	0	0	0	0	0	0	0	0	0	0	0	0	0	0	0	0	0	0	0	0	0	0	0	0	0	0	0	0	0	0	0	0	0	0	0	0	0	0	0	0	0	0	0	0	0	0	0	0	0	0	0	0	0	0	0	0	0	0	0	0	0	0	0	0	0	0	0	0	0	0	0	0	0	0	0	0	0	0	0	0	0	0	0	0	0	0	0	0	0	0	0	0	0	0	0	0	0	0	0	0	0	0	0	0	0	0	0	0	0	1	0	0	0	0	0	0	0	0	0	0	0	0	0	0	0	0	0	0	0	0	0	0	0	0	0	0	0	0	0	0	0	0	0	0	0	0	0	0	0	0	0	0	0	0	0	0	0	0	0	0	0	0	0	0	0	0	0	0	0	0	0	0	0	0	0	0	0	0	0	0	0	0	0	0	0	0	0	0	0	0	0	0	0	0	0	0	0	0	0	0	0	0	0	0	0	0	0	0	0	0	0	0	0	0	0	0	0	0	0	0	0	0	0	0	0	0	0	0	0	0	0	0	0	0	0	0	0	0	0	0	0	0	0	0	0	0	0	0	0	0	0	0	0	0	0	0	0	0	0	0	0	0	0	0	0	0	0	0	0	0	0	0	0	0	0	0	0	0	0	0	0	0	0	0	0	0	0	0	0	0	0	0	0	0	0	0	0	0	0	0	0	0	0	0	0	0	0	0	0	0	0	0	0	0	0
oriVs	0	0	0	0	0	0	0	0	0	0	0	0	0	0	0	0	0	0	0	0	0	0	0	0	0	0	0	0	0	0	0	0	0	0	0	0	0	0	0	0	0	0	0	0	0	0	0	0	0	0	0	0	0	0	0	0	0	0	0	0	0	0	0	0	0	0	0	0	0	0	0	0	0	0	0	0	0	0	0	0	0	0	0	0	0	0	0	0	0	0	0	0	0	0	0	0	0	0	0	0	0	0	0	0	0	0	0	0	0	0	0	0	0	0	0	0	0	0	0	0	0	0	0	0	0	0	0	0	0	0	0	0	0	0	0	0	0	0	0	0	0	0	0	0	0	0	0	0	0	0	0	0	0	0	0	0	0	0	0	0	0	0	0	0	0	0	0	0	0	0	0	0	0	0	0	0	0	0	0	0	0	0	0	0	0	0	0	0	0	0	0	0	0	0	0	0	0	0	0	0	0	0	0	0	0	0	0	0	0	0	0	0	0	0	0	0	0	0	0	0	0	0	0	0	0	0	0	0	0	0	0	0	0	0	0	0	0	0	0	0	0	0	0	0	0	0	0	0	0	0	0	0	0	0	0	0	0	0	0	0	0	0	0	0	0	0	0	0	0	0	0	0	0	0	0	0	0	0	0	0	0	0	0	0	0	0	0	0	0	0	0	0	0	0	0	0	0	0	0	0	0	0	0	0	0	0	0	0	0	0	0	0	0	0	0	0	0	0	0	0	0	0	0	0	0	0	0	0	0	0	0	0	0	0	0	0	0	0	0	0	0	0	0	0	0	0	0	0	0	0	0	0	0	0	0	0	0	0	0	0	0	0	0	0	0	0	0	0	0	0	0	0	0	0	0	0	0	0	0	0	0	0	0	0	0	0	0	0	0	0	0	0	0	0	0	0	0	0	0	0	0	0	0	0	0	0	0	0	0	0	0	0	0	0	0	0	0	0	0	0	0	0	0	0	0	0	0	0	0	0	0	0	0	0	0	0	0	0	0	0	0	0	0	0	0	0	0	0	0	0	0	0	0	0	0	0	0	0	0	0	0	0	0	0	0	0	0	0	0	0	0	0	0	0	0	0	0	0	0	0	0	0	0	0	0	0	0	0	0	0	0	0	0	0	0	0	0	0	0	0	0	0	0	0	0	0	0	0	0	0	0	0	0	0	0	0	0	0	0	0	0	0	0	0	0	0	0	0	0	0	0	0	0	0	0	0	0	0	0	0	0	0	0	0	0	0	0	0	0	0	0	0	0	0	0	0	0	0	0	0	0	0	0	0	0	0	0	0	0	0	0	0	0	0	0	0	0	0	0	0	0	0	0	0	0
pseudogenes	0	1	4	5	5	3	5	13	6	5	20	3	1	3	5	10	3	7	1	2	2	1	2	5	2	0	1	5	0	1	8	2	7	0	1	0	1	8	16	6	1	17	2	7	21	1	0	1	1	1	2	5	0	2	19	8	19	2	1	5	0	4	1	1	0	7	8	0	1	4	1	3	0	0	2	0	3	0	0	2	0	5	1	1	2	1	8	1	1	1	1	1	0	2	0	2	0	3	0	1	1	1	4	0	1	0	0	1	3	0	0	0	0	4	0	9	0	0	7	0	1	6	1	1	0	0	2	2	0	3	0	11	0	1	1	0	1	0	0	0	1	1	1	1	0	0	0	2	0	8	1	0	0	5	1	1	1	25	0	0	0	5	0	1	0	0	0	10	1	6	0	1	0	0	0	0	1	0	0	1	3	1	0	0	0	1	1	5	0	0	0	0	3	0	14	0	4	5	15	10	5	0	8	7	4	4	11	2	10	4	0	33	1	1	21	2	4	6	2	17	5	1	2	2	20	0	2	32	0	28	16	2	7	9	3	0	0	22	9	6	6	14	9	2	0	2	10	6	6	13	7	5	40	2	0	0	39	21	3	3	1	5	28	1	1	2	25	1	20	2	23	0	0	4	6	2	3	0	0	2	1	0	4	2	1	2	2	4	5	5	3	2	0	0	5	7	0	9	2	0	0	10	1	10	0	0	0	0	0	0	1	0	1	0	6	1	0	7	0	1	1	10	0	0	6	0	0	0	0	12	5	3	1	1	23	4	4	14	6	0	10	13	5	10	40	3	25	1	24	5	25	32	5	8	0	14	3	6	2	4	0	4	4	2	4	7	0	0	5	5	1	2	1	0	3	5	0	0	7	23	2	17	2	3	9	6	11	15	3	5	3	3	3	2	6	8	7	0	1	12	2	0	3	1	0	6	2	7	2	10	0	0	0	0	0	0	0	0	1	0	8	0	0	2	0	0	1	1	4	2	23	3	0	0	0	0	0	0	1	2	0	0	1	0	0	4	3	0	0	0	0	1	1	2	1	0	2	2	2	4	1	0	1	0	1	0	0	1	0	2	0	1	1	0	7	1	11	0	0	1	0	0	0	0	0	4	1	0	0	0	1	4	0	0	3	1	1	0	0	0	6	0	2	0	4	0	0	0	0	0	0	0	0	0	7	9	7	16	0	11	3	3	2	12	5	9	3	0	0	18	17	4	9	0	7	0	0	2	7	18	9	3	19	0	3	0	0	4	4	9	7	9	1	10	3	6	3	3	3	7	1	2	0	2	0	0	0	0	3	1	3	0	2	0	7	4	0	3	3	1	2	1	8	0	5
rRNAs	1	3	0	0	0	0	0	0	0	0	0	0	0	0	0	0	0	0	0	0	0	0	0	0	0	0	1	0	0	0	3	0	0	3	0	0	0	0	0	0	0	1	1	1	0	0	0	1	0	0	0	0	0	0	0	2	0	0	0	1	0	0	0	0	0	2	0	0	0	0	0	0	0	0	0	0	0	0	0	0	3	0	0	1	0	0	0	2	0	0	0	0	0	0	0	124	0	0	0	0	0	0	0	0	0	0	0	0	2	0	1	0	0	0	0	0	0	0	0	0	0	0	0	0	0	0	0	0	0	0	0	1	0	0	0	0	0	0	1	0	0	0	1	0	1	0	0	0	0	1	0	0	0	0	0	0	1	0	0	0	0	1	0	0	0	0	0	0	0	0	0	0	0	0	0	0	0	0	3	1	0	0	0	0	0	0	0	1	0	0	0	0	0	1	3	0	1	1	0	1	2	2	2	2	0	1	1	2	1	1	1	1	1	1	1	1	0	2	1	0	0	1	0	1	1	1	0	0	0	0	0	2	0	0	0	0	3	1	0	1	0	2	1	2	1	1	0	0	1	2	0	0	0	0	0	0	1	0	0	0	0	0	0	0	0	2	0	0	0	0	0	99	2	0	1	0	0	0	0	0	1	0	0	0	0	0	0	0	0	0	0	0	0	1	0	0	1	1	0	0	0	0	1	0	1	1	0	0	0	0	0	0	0	0	0	0	0	0	0	0	0	1	0	0	0	7	0	0	0	2	0	0	1	0	1	2	0	1	1	0	0	8	1	0	1	1	0	0	0	2	1	1	0	0	0	0	0	0	1	0	3	0	0	0	0	0	0	0	2	0	0	0	0	0	0	0	1	3	0	0	0	0	0	0	0	0	0	3	0	0	0	0	0	2	0	0	0	1	0	0	0	0	0	0	0	0	0	0	1	1	0	7	0	0	0	0	0	0	0	0	0	0	0	0	0	0	0	0	1	0	0	3	0	1	0	0	0	0	0	0	0	1	1	0	0	0	0	0	0	0	0	0	0	2	0	0	0	0	0	0	0	0	0	0	1	0	0	0	0	1	0	0	0	0	0	1	1	0	0	0	0	0	0	0	0	0	1	0	0	1	0	0	2	0	1	85	0	0	0	0	0	0	0	0	2	0	0	0	0	0	3	0	2	0	1	1	0	3	0	0	0	2	2	0	1	0	3	0	1	0	0	1	0	0	3	3	1	0	0	0	0	1	0	0	1	3	2	0	0	1	0	1	0	0	0	0	0	0	0	0	0	0	0	0	0	1	0	0	4	0	0	0	0	0	0	0	3	0	0	0	0	0	1	0	0
sORFs	0	0	0	0	0	0	0	0	0	0	0	0	0	0	0	0	1	0	0	0	0	0	0	0	0	0	0	0	0	0	0	0	0	0	0	0	0	0	0	0	0	0	0	1	0	0	0	0	0	0	0	0	0	0	0	0	0	0	0	0	0	0	0	0	0	1	0	0	0	0	0	0	0	0	0	0	0	0	0	0	0	0	0	0	0	0	0	0	0	0	0	0	0	0	0	0	0	0	0	0	0	0	0	0	0	0	0	0	0	0	0	0	0	0	0	0	0	0	0	0	0	0	0	0	0	0	0	0	0	0	0	0	0	0	0	0	0	0	0	0	0	0	0	0	0	0	0	0	0	0	0	0	0	0	0	0	0	0	0	0	0	0	0	0	0	0	0	1	0	0	0	0	0	0	0	0	0	0	0	0	0	0	0	0	0	0	0	0	0	0	0	0	0	0	1	0	0	0	0	0	1	0	1	0	0	0	1	0	0	0	0	2	0	0	0	0	0	1	0	0	0	0	0	0	1	0	0	2	0	1	0	0	0	0	0	0	0	1	0	0	0	2	0	0	0	1	0	0	0	0	0	0	0	0	0	0	0	0	0	0	0	0	2	0	0	0	1	0	0	0	0	0	0	0	0	0	0	0	0	0	0	0	0	0	0	0	0	0	0	0	0	0	0	0	0	1	0	0	0	0	0	0	0	1	0	0	0	0	0	0	0	0	0	0	0	0	0	0	0	0	0	0	0	0	0	0	0	0	0	1	0	0	0	0	0	0	0	1	1	0	0	0	0	0	0	0	1	0	1	1	0	0	0	0	0	0	0	0	0	0	0	0	0	0	0	0	0	0	1	0	0	0	0	0	0	0	0	0	0	0	0	0	0	0	0	2	0	0	0	0	0	0	2	0	0	0	0	0	0	0	0	0	0	0	0	0	0	0	0	0	0	0	0	0	0	0	0	0	0	0	0	0	0	0	0	0	0	0	0	0	0	2	0	0	0	0	0	0	0	0	0	0	0	0	0	0	0	0	0	0	0	0	0	0	0	0	0	0	0	0	0	0	0	0	0	0	0	0	0	0	0	0	0	0	0	1	0	0	0	0	0	0	0	0	0	0	0	0	0	0	0	0	0	0	0	0	0	0	0	0	0	0	0	0	1	0	0	0	0	0	0	0	0	0	1	1	1	0	0	0	0	0	0	1	0	1	0	0	0	0	0	0	0	0	0	0	0	0	0	0	0	0	0	0	0	0	0	0	0	0	0	0	0	0	0	0	0	0	0	0	0	0	0	0	0	0	0	0	0	0	0	0	0	0	0	0	0	1	0	0	0	0	0	0	0
signal peptides	0	0	0	0	0	0	0	0	0	0	0	0	0	0	0	0	0	0	0	0	0	0	0	0	0	0	0	0	0	0	0	0	0	0	0	0	0	0	0	0	0	0	0	0	0	0	0	0	0	0	0	0	0	0	0	0	0	0	0	0	0	0	0	0	0	0	0	0	0	0	0	0	0	0	0	0	0	0	0	0	0	0	0	0	0	0	0	0	0	0	0	0	0	0	0	0	0	0	0	0	0	0	0	0	0	0	0	0	0	0	0	0	0	0	0	0	0	0	0	0	0	0	0	0	0	0	0	0	0	0	0	0	0	0	0	0	0	0	0	0	0	0	0	0	0	0	0	0	0	0	0	0	0	0	0	0	0	0	0	0	0	0	0	0	0	0	0	0	0	0	0	0	0	0	0	0	0	0	0	0	0	0	0	0	0	0	0	0	0	0	0	0	0	0	0	0	0	0	0	0	0	0	0	0	0	0	0	0	0	0	0	0	0	0	0	0	0	0	0	0	0	0	0	0	0	0	0	0	0	0	0	0	0	0	0	0	0	0	0	0	0	0	0	0	0	0	0	0	0	0	0	0	0	0	0	0	0	0	0	0	0	0	0	0	0	0	0	0	0	0	0	0	0	0	0	0	0	0	0	0	0	0	0	0	0	0	0	0	0	0	0	0	0	0	0	0	0	0	0	0	0	0	0	0	0	0	0	0	0	0	0	0	0	0	0	0	0	0	0	0	0	0	0	0	0	0	0	0	0	0	0	0	0	0	0	0	0	0	0	0	0	0	0	0	0	0	0	0	0	0	0	0	0	0	0	0	0	0	0	0	0	0	0	0	0	0	0	0	0	0	0	0	0	0	0	0	0	0	0	0	0	0	0	0	0	0	0	0	0	0	0	0	0	0	0	0	0	0	0	0	0	0	0	0	0	0	0	0	0	0	0	0	0	0	0	0	0	0	0	0	0	0	0	0	0	0	0	0	0	0	0	0	0	0	0	0	0	0	0	0	0	0	0	0	0	0	0	0	0	0	0	0	0	0	0	0	0	0	0	0	0	0	0	0	0	0	0	0	0	0	0	0	0	0	0	0	0	0	0	0	0	0	0	0	0	0	0	0	0	0	0	0	0	0	0	0	0	0	0	0	0	0	0	0	0	0	0	0	0	0	0	0	0	0	0	0	0	0	0	0	0	0	0	0	0	0	0	0	0	0	0	0	0	0	0	0	0	0	0	0	0	0	0	0	0	0	0	0	0	0	0	0	0	0	0	0	0	0	0	0	0	0	0	0	0	0	0	0	0	0	0	0	0	0	0	0	0	0	0	0	0	0	0	0	0
tRNAs	33	33	20	13	25	12	6	62	12	10	9	10	29	9	7	14	6	12	9	6	7	20	9	34	32	4	7	10	5	9	11	20	3	31	3	5	5	9	6	9	12	6	18	23	5	0	4	1	7	2	3	8	2	8	39	12	2	10	4	5	4	9	2	0	1	42	18	2	6	1	20	2	8	1	4	1	64	2	4	2	15	6	7	19	0	1	2	61	3	8	43	5	19	8	4	161	2	2	3	9	0	5	1	16	3	2	1	2	48	42	2	1	4	1	2	3	24	0	8	6	33	3	2	3	5	6	2	3	0	2	1	33	3	5	3	1	3	0	10	0	1	7	34	0	1	0	4	8	12	33	3	8	1	0	2	0	1	35	1	28	2	2	13	3	1	0	0	29	4	0	1	0	1	4	2	15	6	0	38	2	1	2	3	0	0	4	0	38	7	2	0	3	0	48	41	46	34	28	33	38	50	52	33	41	24	33	27	41	53	37	30	49	53	48	38	35	30	36	27	25	26	52	58	40	24	43	30	27	34	20	31	45	30	37	36	22	39	49	21	25	65	22	23	26	19	46	26	16	61	27	21	25	15	10	18	32	22	12	11	14	18	25	16	4	18	37	53	4	3	2	1	91	5	0	1	1	0	19	0	0	1	2	0	0	2	1	0	0	1	1	5	1	1	3	1	37	7	7	1	1	2	48	38	24	0	2	4	0	1	10	2	2	2	2	1	0	1	2	1	1	0	34	4	1	1	26	0	0	0	46	1	10	42	25	33	47	23	25	24	27	25	42	31	21	20	19	24	45	21	30	21	21	22	14	31	26	21	8	30	13	37	8	9	6	21	9	38	145	29	2	3	9	8	11	3	4	1	46	0	0	5	1	6	25	5	15	1	30	1	1	0	4	8	28	3	1	4	30	4	1	0	2	4	2	1	5	1	1	35	44	6	4	5	3	0	5	8	1	2	1	37	8	2	1	0	3	1	0	2	21	1	48	4	2	2	0	0	0	3	0	2	2	40	4	5	2	2	1	6	1	0	1	1	35	1	0	1	1	1	4	3	0	5	0	34	2	1	5	4	4	1	0	0	16	28	29	27	18	4	17	6	0	5	29	1	3	7	1	3	1	2	11	1	1	26	132	0	1	2	0	3	2	0	0	44	1	0	0	0	0	0	0	45	3	36	29	28	38	34	21	34	30	36	36	28	30	34	43	26	12	22	31	27	14	23	36	34	38	23	26	22	32	35	0	35	30	30	13	25	5	4	13	17	2	17	3	9	2	12	10	12	10	9	5	3	29	2	9	44	1	6	5	5	2	45	2	1	12	8	3	2	0	2	16	1
tmRNAs	1	1	0	0	0	0	0	0	0	0	0	0	1	0	0	0	0	0	0	0	0	0	0	1	0	0	0	0	0	0	0	0	0	1	0	0	0	0	0	0	0	0	1	1	0	0	0	0	0	0	0	0	0	0	1	0	0	0	0	0	0	0	0	0	0	1	0	0	0	0	0	0	0	0	0	0	1	0	0	0	0	0	1	0	0	0	0	1	0	0	0	0	0	1	0	0	0	0	1	0	0	0	0	0	0	0	0	0	1	1	0	0	0	0	0	0	0	0	0	0	1	0	0	0	0	0	0	0	0	0	0	0	0	0	0	0	0	0	0	0	0	0	1	0	0	0	0	0	0	1	0	0	0	0	0	0	0	0	0	0	0	0	0	0	0	0	0	1	0	0	0	0	0	0	0	0	0	0	1	0	0	0	0	0	0	0	0	0	0	0	0	0	0	1	1	1	0	1	1	1	1	2	1	0	0	1	1	1	1	1	1	1	1	1	1	0	1	1	1	1	1	1	1	1	1	1	1	1	0	1	1	1	1	1	1	0	2	1	0	0	0	0	0	1	1	1	0	1	0	1	1	2	0	0	0	1	1	0	0	1	1	0	0	0	0	0	1	0	0	0	0	1	0	0	1	0	0	0	0	0	0	0	0	0	0	0	0	0	0	0	0	0	0	0	0	1	0	0	0	0	0	1	1	0	0	0	0	0	0	0	0	0	0	0	0	0	0	0	0	0	0	0	0	0	0	0	0	0	0	1	0	0	0	0	0	1	1	1	1	1	0	1	0	2	0	1	0	0	0	1	1	1	0	0	0	0	0	0	0	1	1	0	1	0	1	0	3	1	1	0	0	0	0	0	0	0	0	1	0	0	0	0	0	0	0	0	0	1	0	0	0	0	0	0	0	0	0	1	0	0	0	0	0	0	0	0	0	0	1	0	0	0	0	1	0	0	0	0	0	0	1	0	0	0	0	0	0	0	0	0	0	1	0	0	0	0	0	0	0	0	0	0	0	0	0	0	0	0	0	0	0	0	0	1	0	0	0	0	0	0	0	0	0	0	0	0	0	0	0	0	0	0	0	0	1	0	0	0	0	0	0	0	0	0	0	0	0	0	0	0	0	0	0	0	1	0	0	0	0	0	0	0	0	0	0	0	0	0	0	0	0	0	1	0	1	1	1	0	0	0	0	1	1	1	0	1	0	1	1	0	0	1	1	0	0	1	0	0	0	1	0	1	0	0	0	1	1	0	0	1	1	0	0	0	0	0	0	0	0	0	1	0	0	0	0	1	0	0	1	0	0	0	0	0	1	0	0	1	0	0	0	0	0	0	0
