Genome	SRR22878281	SRR22878282	SRR22878283
SRR22878281_binette_bin1	0.09577371	0.0013791784	0
SRR22878281_binette_bin10	0.25971863	0.0052991337	0.0034578363
SRR22878281_binette_bin100	0.13851319	0.004988624	0
SRR22878281_binette_bin101	0.040637434	0	0
SRR22878281_binette_bin102	0.039070502	0.038870588	0.016728027
SRR22878281_binette_bin103	0.048923943	0	0
SRR22878281_binette_bin104	0.345287	0.0323313	0
SRR22878281_binette_bin105	0.2692766	0	0
SRR22878281_binette_bin106	0.039421234	0.0032669958	0.0013515775
SRR22878281_binette_bin107	0.03498067	0	0
SRR22878281_binette_bin108	0.042972814	0.0019206186	0.0021986202
SRR22878281_binette_bin109	0.03634567	0.0050760717	0
SRR22878281_binette_bin11	0.104652196	0.00668284	0.0025658105
SRR22878281_binette_bin110	0.036044013	0	0
SRR22878281_binette_bin111	0.040592268	0	0
SRR22878281_binette_bin112	0.04334375	0.0019265072	0.020358266
SRR22878281_binette_bin113	0.039460838	0	0
SRR22878281_binette_bin114	0.046262383	0	0
SRR22878281_binette_bin115	0.03658693	0.039020743	0.0015499047
SRR22878281_binette_bin116	0.03537096	0.0016922716	0.010505637
SRR22878281_binette_bin117	0.032740556	0	0
SRR22878281_binette_bin118	0.05789709	0	0
SRR22878281_binette_bin119	0.036372647	0	0
SRR22878281_binette_bin12	0.07046646	0	0
SRR22878281_binette_bin120	0.10170328	0.0041841124	0.0015977534
SRR22878281_binette_bin121	0.037163157	0	0
SRR22878281_binette_bin122	0.035290543	0.02074823	0.0059226365
SRR22878281_binette_bin123	0.03564521	0.0025483186	0.033892725
SRR22878281_binette_bin124	0.04456727	0.0017792278	0
SRR22878281_binette_bin126	0.04264417	0.0023998148	0
SRR22878281_binette_bin127	0.15866084	0	0
SRR22878281_binette_bin128	0.059546214	0	0
SRR22878281_binette_bin129	0.035832983	0.0037362084	0.004708283
SRR22878281_binette_bin13	0.39953578	0	0
SRR22878281_binette_bin130	0.037928175	0	0
SRR22878281_binette_bin131	0.035898566	0	0
SRR22878281_binette_bin132	0.058534067	0	0
SRR22878281_binette_bin133	0.03836477	0.012313783	0.0031464624
SRR22878281_binette_bin134	0.030080643	0.0069068307	0.016342146
SRR22878281_binette_bin136	0.07876948	0.0031418637	0
SRR22878281_binette_bin137	0.05631226	0.0039936835	0.018074935
SRR22878281_binette_bin138	0.02945034	0.021806097	0.15180881
SRR22878281_binette_bin139	0.09950265	0.0046843374	0.011715289
SRR22878281_binette_bin14	0.07136635	0.006568571	0
SRR22878281_binette_bin140	0.06325801	0.21502991	0.004814893
SRR22878281_binette_bin141	0.03767223	0.0016227645	0
SRR22878281_binette_bin142	0.032848842	0	0
SRR22878281_binette_bin143	0.051778655	0	0
SRR22878281_binette_bin144	0.051494364	0.0016109404	0
SRR22878281_binette_bin145	0.43436342	0.12930845	0.0066380673
SRR22878281_binette_bin146	0.03300396	0	0
SRR22878281_binette_bin147	0.07795659	0.03795541	0.03768922
SRR22878281_binette_bin148	0.054626934	0.0040036784	0.008053132
SRR22878281_binette_bin149	0.07862678	0	0
SRR22878281_binette_bin15	0.07882286	0.006044991	0
SRR22878281_binette_bin150	0.33766013	0.04463582	0.035340324
SRR22878281_binette_bin151	0.083282	0.026677115	0.043065175
SRR22878281_binette_bin152	0.033548687	0	0
SRR22878281_binette_bin153	0.034182306	0.0022671104	0.001677523
SRR22878281_binette_bin154	0.037760884	0.03329435	0.048293144
SRR22878281_binette_bin155	0.03231095	0.0122381635	0.070653565
SRR22878281_binette_bin156	0.11234654	0.012157941	0.01898521
SRR22878281_binette_bin157	0.030767953	0	0
SRR22878281_binette_bin158	0.030686295	0	0
SRR22878281_binette_bin159	0.0897907	0.03975628	0.011178969
SRR22878281_binette_bin16	0.5975463	0.0017821302	0
SRR22878281_binette_bin160	0.057031006	0.035865482	0.02727113
SRR22878281_binette_bin161	0.037511673	0	0
SRR22878281_binette_bin162	0.04802085	0.0019605954	0.0043580984
SRR22878281_binette_bin163	0.052461237	0.0013772614	0
SRR22878281_binette_bin164	0.041934684	0.023381758	0.010323704
SRR22878281_binette_bin165	0.031297244	0.00331755	0.012847772
SRR22878281_binette_bin166	0.075501	0	0
SRR22878281_binette_bin167	0.03247231	0	0
SRR22878281_binette_bin168	0.073561214	0.0026007716	0
SRR22878281_binette_bin169	0.048317604	0	0
SRR22878281_binette_bin17	0.067848004	0	0
SRR22878281_binette_bin170	0.042031765	0.0016848376	0
SRR22878281_binette_bin171	0.075618796	0.025722427	0
SRR22878281_binette_bin172	0.061167326	0.0023074502	0
SRR22878281_binette_bin173	0.7045482	0	0
SRR22878281_binette_bin174	0.5108148	0.023129066	0
SRR22878281_binette_bin175	0.049672622	0.0041582375	0.002105307
SRR22878281_binette_bin176	0.32886097	0.040676747	0.03896714
SRR22878281_binette_bin177	0.058998574	0.025331229	0.0031335163
SRR22878281_binette_bin178	0.04098569	0.0014567808	0
SRR22878281_binette_bin179	0.92106634	0.1048462	0.025071546
SRR22878281_binette_bin18	0.1357489	0	0
SRR22878281_binette_bin180	0.05797774	0.022890292	0.032478742
SRR22878281_binette_bin181	0.15808703	0	0
SRR22878281_binette_bin182	0.070104375	0.0051640915	0.010857762
SRR22878281_binette_bin183	0.037996132	0	0
SRR22878281_binette_bin184	0.04358938	0	0
SRR22878281_binette_bin185	0.08267672	0	0
SRR22878281_binette_bin186	0.029592218	0	0
SRR22878281_binette_bin187	0.31037164	0.11584863	0.09391389
SRR22878281_binette_bin188	0.058669116	0	0
SRR22878281_binette_bin189	0.14494506	0.0339966	0.009007472
SRR22878281_binette_bin190	0.045239322	0.0017391748	0
SRR22878281_binette_bin191	0.15139279	0.009345724	0
SRR22878281_binette_bin192	0.2650535	0	0
SRR22878281_binette_bin193	0.27372858	0.021473208	0.029319728
SRR22878281_binette_bin194	0.10761764	0.020560712	0.019064264
SRR22878281_binette_bin195	0.052586522	0	0
SRR22878281_binette_bin196	0.1181875	0.096209176	0.013312974
SRR22878281_binette_bin197	0.12556632	0.007938437	0.0068587232
SRR22878281_binette_bin198	0.063058786	0.010375746	0.0052923583
SRR22878281_binette_bin199	0.097059235	0.006149564	0.012669613
SRR22878281_binette_bin2	0.10949475	0	0
SRR22878281_binette_bin20	0.16481096	0.0018895009	0
SRR22878281_binette_bin200	0.17609432	0.011747171	0.0132445935
SRR22878281_binette_bin201	0.07719711	0.007401466	0.004689293
SRR22878281_binette_bin202	0.047808778	0.0061007086	0
SRR22878281_binette_bin203	3.4861333	0.080679774	0.0028157337
SRR22878281_binette_bin204	0.43121418	0.01780361	0.015183724
SRR22878281_binette_bin205	0.045693126	0.015692145	0.092818804
SRR22878281_binette_bin206	0.057308387	0.0018809692	0
SRR22878281_binette_bin207	0.040307567	0	0
SRR22878281_binette_bin208	0.049782895	0.005284755	0.0060109207
SRR22878281_binette_bin209	0.38272828	0.027096555	0.022339735
SRR22878281_binette_bin21	0.40591013	0.0015329525	0
SRR22878281_binette_bin210	0.075747706	0.0063721207	0.0022848537
SRR22878281_binette_bin211	0.04224114	0	0
SRR22878281_binette_bin212	0.14094037	0.0107622435	0.009341229
SRR22878281_binette_bin213	0.030252378	0	0
SRR22878281_binette_bin214	0.06646211	0.0032310253	0.0088388575
SRR22878281_binette_bin215	0.06414983	0.011184344	0.025098382
SRR22878281_binette_bin216	0.06467631	0.04539381	0.015021623
SRR22878281_binette_bin217	0.05730176	0	0
SRR22878281_binette_bin218	0.060033184	0.0013710737	0
SRR22878281_binette_bin219	0.41870996	0	0
SRR22878281_binette_bin22	0.07019284	0	0.0029477216
SRR22878281_binette_bin220	0.058043998	0	0
SRR22878281_binette_bin221	0.06816793	0.010874555	0.05788895
SRR22878281_binette_bin222	0.046563152	0.0015151341	0
SRR22878281_binette_bin223	0.046378966	0	0
SRR22878281_binette_bin224	0.040956873	0	0
SRR22878281_binette_bin225	0.05970024	0	0
SRR22878281_binette_bin226	0.07166326	0.0037630096	0
SRR22878281_binette_bin227	0.043959957	0	0
SRR22878281_binette_bin228	0.61866003	0.1662427	0.08477101
SRR22878281_binette_bin229	0.08425679	0.014764132	0.014803899
SRR22878281_binette_bin23	0.26997814	0	0
SRR22878281_binette_bin230	0.070763074	0	0
SRR22878281_binette_bin231	0.08911919	0.0028622092	0
SRR22878281_binette_bin232	0.039632484	0	0
SRR22878281_binette_bin233	0.040870987	0.003001857	0.001588921
SRR22878281_binette_bin234	0.061099105	0.0019919265	0.008413321
SRR22878281_binette_bin235	0.1499225	0.006003941	0.0021237554
SRR22878281_binette_bin24	0.11131746	0.0064869802	0.009440902
SRR22878281_binette_bin243	0.10887174	0	0
SRR22878281_binette_bin244	0.037520375	0	0
SRR22878281_binette_bin245	0.04540996	0.004855746	0.0026832118
SRR22878281_binette_bin246	0.062940925	0.2570757	0.0035442556
SRR22878281_binette_bin247	0.03261036	0	0
SRR22878281_binette_bin248	0.07048275	0.0030702022	0.0014181354
SRR22878281_binette_bin249	0.08393319	0.006552025	0.009247445
SRR22878281_binette_bin25	0.10223566	0.030694557	0.08586116
SRR22878281_binette_bin250	0.036519457	0	0
SRR22878281_binette_bin251	0.074531496	0.0039174864	0.0017108697
SRR22878281_binette_bin252	0.038581718	0.0016187566	0
SRR22878281_binette_bin253	0.045007925	0.019205833	0.09549685
SRR22878281_binette_bin254	0.029828431	0.0068317857	0.0034006862
SRR22878281_binette_bin255	0.055459175	0.0036633788	0
SRR22878281_binette_bin256	0.057739705	0	0
SRR22878281_binette_bin257	0.062479988	0.002683685	0
SRR22878281_binette_bin258	1.3840878	0.010920977	0
SRR22878281_binette_bin26	0.075466424	0.009708443	0.0060589476
SRR22878281_binette_bin260	0.057435796	0.002768075	0
SRR22878281_binette_bin261	0.16445304	0.0059289997	0.0022245303
SRR22878281_binette_bin262	0.34498423	0	0
SRR22878281_binette_bin263	0.049541917	0.0030677351	0.003696162
SRR22878281_binette_bin264	0.027720882	0	0
SRR22878281_binette_bin265	0.07483409	0	0
SRR22878281_binette_bin266	0.082357414	0.009474439	0.010525546
SRR22878281_binette_bin267	0.048869528	0	0
SRR22878281_binette_bin268	0.091788754	0.020678066	0.19102308
SRR22878281_binette_bin269	0.032168638	0.0025857238	0
SRR22878281_binette_bin27	0.19166104	0	0
SRR22878281_binette_bin270	0.23831962	0.008068123	0.008419835
SRR22878281_binette_bin271	0.18832353	0.045064054	0.055503223
SRR22878281_binette_bin273	0.18568018	0.0041858577	0
SRR22878281_binette_bin274	0.042222433	0.0023687114	0
SRR22878281_binette_bin275	0.041782968	0	0
SRR22878281_binette_bin276	0.12680206	0.002697175	0.0033526903
SRR22878281_binette_bin278	0.102423556	0.001984662	0.0022094464
SRR22878281_binette_bin279	0.03090973	0	0
SRR22878281_binette_bin28	0.06774763	0	0
SRR22878281_binette_bin280	0.115695044	0.004225102	0.002270065
SRR22878281_binette_bin281	0.054623567	0	0
SRR22878281_binette_bin282	0.030343274	0.005535486	0.0067875236
SRR22878281_binette_bin283	0.039684445	0.004099345	0
SRR22878281_binette_bin284	0.053946316	0.009277347	0.032071717
SRR22878281_binette_bin29	0.12900804	0	0
SRR22878281_binette_bin3	0.08352431	0	0
SRR22878281_binette_bin30	0.12787035	0.0013991444	0
SRR22878281_binette_bin31	0.15035596	0.0028993415	0.002318977
SRR22878281_binette_bin32	0.34348106	0.25113773	0.032177385
SRR22878281_binette_bin33	0.14506991	0.04256822	0.05014382
SRR22878281_binette_bin34	0.08050183	0.0028292106	0.0030393742
SRR22878281_binette_bin35	0.098423295	0.00443438	0.0018218817
SRR22878281_binette_bin36	0.11997269	0	0
SRR22878281_binette_bin37	0.10380129	0.007381815	0
SRR22878281_binette_bin38	0.056658577	0.0026288724	0.0015310725
SRR22878281_binette_bin39	0.12481511	0.0022617448	0.010730288
SRR22878281_binette_bin4	0.06678771	0.0021725616	0.23792875
SRR22878281_binette_bin40	0.09747456	0.021959126	0.013210792
SRR22878281_binette_bin41	0.058136523	0	0
SRR22878281_binette_bin43	0.32191804	0.2737549	0.039270464
SRR22878281_binette_bin44	0.35831395	0	0
SRR22878281_binette_bin45	0.17396666	0.005036667	0.003147327
SRR22878281_binette_bin46	0.093762375	0.20204155	0.08320578
SRR22878281_binette_bin47	0.18091168	0	0
SRR22878281_binette_bin48	0.09905496	0	0
SRR22878281_binette_bin49	0.0890752	0.010715494	0.015402507
SRR22878281_binette_bin5	0.07986906	0.08240715	0.0054755122
SRR22878281_binette_bin50	0.058883745	0.001327693	0
SRR22878281_binette_bin51	0.20420979	0.0025448008	0
SRR22878281_binette_bin52	0.057381067	0.0013712838	0
SRR22878281_binette_bin53	0.060730655	0.0037642985	0.0021986188
SRR22878281_binette_bin54	0.062074803	0.0023161657	0
SRR22878281_binette_bin55	0.0554972	0	0
SRR22878281_binette_bin56	0.11955377	0	0
SRR22878281_binette_bin58	0.09165474	0	0
SRR22878281_binette_bin59	0.07028854	0.007326955	0.0033816984
SRR22878281_binette_bin6	0.33342975	0	0
SRR22878281_binette_bin60	0.08809201	0.001966777	0.0027555546
SRR22878281_binette_bin61	0.06331552	0.024558943	0.007365511
SRR22878281_binette_bin62	0.31054896	0.017219905	0.006173622
SRR22878281_binette_bin63	0.06675752	0.115452334	0.014268113
SRR22878281_binette_bin64	0.107817926	0.008780276	0.0053907447
SRR22878281_binette_bin65	0.18409447	0.016879486	0.0037390324
SRR22878281_binette_bin66	0.047948312	0.0016320109	0
SRR22878281_binette_bin67	0.066947825	0	0
SRR22878281_binette_bin68	0.057702437	0	0
SRR22878281_binette_bin69	0.22817694	0.002051589	0
SRR22878281_binette_bin7	0.08545176	0	0
SRR22878281_binette_bin71	0.22403963	0.040579315	0.5819905
SRR22878281_binette_bin72	0.046065424	0	0
SRR22878281_binette_bin73	0.06389205	0.0153650325	0.009759582
SRR22878281_binette_bin74	0.059980664	0	0
SRR22878281_binette_bin75	0.20992476	0.059820432	0.01807648
SRR22878281_binette_bin76	0.044718873	0	0
SRR22878281_binette_bin77	0.26437008	0.0046970835	0.0030223394
SRR22878281_binette_bin78	0.110125385	0	0
SRR22878281_binette_bin8	0.19867587	0.004069622	0.0025433437
SRR22878281_binette_bin80	0.050429314	0.008230215	0.005490982
SRR22878281_binette_bin81	0.05028142	0.0032951005	0.010420708
SRR22878281_binette_bin82	0.42515823	0	0
SRR22878281_binette_bin83	0.17816398	0.006163133	0.012870937
SRR22878281_binette_bin84	0.039725825	0	0
SRR22878281_binette_bin85	0.042761877	0	0
SRR22878281_binette_bin86	0.053907897	0.010144711	0.0610269
SRR22878281_binette_bin87	0.042288203	0.0087900255	0
SRR22878281_binette_bin89	0.048601717	0	0
SRR22878281_binette_bin9	0.14811417	0.0072473446	0.0030980934
SRR22878281_binette_bin90	0.25293553	0.03344863	0.012476864
SRR22878281_binette_bin91	0.0569453	0.008176703	0.0019389085
SRR22878281_binette_bin92	0.044736415	0	0
SRR22878281_binette_bin93	0.039570156	0.0017799526	0.006597493
SRR22878281_binette_bin94	0.04731579	0	0
SRR22878281_binette_bin95	0.06313229	0.003729628	0.019296406
SRR22878281_binette_bin96	0.11987282	0.39994577	0.005399842
SRR22878281_binette_bin97	0.040892214	0	0
SRR22878281_binette_bin98	0.048401058	0	0
SRR22878282_binette_bin1	0	0.25319117	0
SRR22878282_binette_bin10	0.020699754	0.096401714	4.7067094
SRR22878282_binette_bin100	0.09519084	0.070500776	0.05304521
SRR22878282_binette_bin101	0.030861601	0.09416491	0.00745809
SRR22878282_binette_bin102	1.0828784	0.16331768	0.22064672
SRR22878282_binette_bin103	0.5082591	0.16394518	0.12768592
SRR22878282_binette_bin104	0.085246295	0.504232	0.08121819
SRR22878282_binette_bin105	0	0.12133552	0
SRR22878282_binette_bin106	0.0066055283	0.0752794	0.0109801
SRR22878282_binette_bin107	0.5454171	0.07624215	0.10610973
SRR22878282_binette_bin108	0.003379176	0.049468696	0.0074122804
SRR22878282_binette_bin109	0.008078658	0.061942138	0.019354427
SRR22878282_binette_bin110	0.03554345	0.048720997	0.055074025
SRR22878282_binette_bin111	0.0076182587	0.03805996	0.005202241
SRR22878282_binette_bin112	0	0.07852309	0
SRR22878282_binette_bin113	0.011407	0.10583955	0.018813629
SRR22878282_binette_bin114	0.03360171	0.0912367	0.009909429
SRR22878282_binette_bin115	0.025733618	0.043715905	0.005933175
SRR22878282_binette_bin116	0	0.044829957	0.0071157166
SRR22878282_binette_bin117	0.0072855623	0.0544927	0.0147993555
SRR22878282_binette_bin118	0.029268572	0.048097797	0.036524244
SRR22878282_binette_bin120	0.04937683	0.10943252	0.014832214
SRR22878282_binette_bin121	0.03208613	0.047020927	0.031941697
SRR22878282_binette_bin122	0.00795971	0.05271651	0.017388012
SRR22878282_binette_bin123	0.003463451	0.037411403	0.042837992
SRR22878282_binette_bin124	0.019355448	0.05257909	0.017321391
SRR22878282_binette_bin125	0.02386193	0.046622038	0.054697383
SRR22878282_binette_bin127	0	0.046013724	0
SRR22878282_binette_bin128	0.046390004	0.13487631	0.054592624
SRR22878282_binette_bin129	0.031397104	0.07040218	0.2603619
SRR22878282_binette_bin13	0	0.072146125	0
SRR22878282_binette_bin130	0	0.09729179	0
SRR22878282_binette_bin131	0.13079831	0.06565797	0.020225894
SRR22878282_binette_bin132	0.035164807	0.16394456	0.0045004776
SRR22878282_binette_bin133	0	0.13735294	0.0049097254
SRR22878282_binette_bin134	0	0.04280613	0.032834042
SRR22878282_binette_bin14	0.009881819	0.14080307	0.13989438
SRR22878282_binette_bin15	0	0.123224504	0
SRR22878282_binette_bin16	0	0.08566542	0
SRR22878282_binette_bin162	1.3321258	0.08832232	0.048837297
SRR22878282_binette_bin164	0	0.080567256	0.3976827
SRR22878282_binette_bin165	0.025165757	0.061271757	0
SRR22878282_binette_bin166	0	0.09083379	0
SRR22878282_binette_bin167	0	0.04635974	0
SRR22878282_binette_bin168	0.16896679	0.08845148	0.020043679
SRR22878282_binette_bin169	0.008481637	0.065134674	0.011726848
SRR22878282_binette_bin170	0.005170924	0.054185487	0.045895323
SRR22878282_binette_bin171	0.0014952443	0.06873376	0.026042433
SRR22878282_binette_bin172	0	0.06639087	0
SRR22878282_binette_bin173	0.042809293	0.18410017	0.009274936
SRR22878282_binette_bin174	0.0033862898	0.038963743	0.017471487
SRR22878282_binette_bin175	0	0.041553322	0.048508532
SRR22878282_binette_bin176	3.6984904	0.16616979	0.0366303
SRR22878282_binette_bin177	0.056882996	0.09723051	0
SRR22878282_binette_bin178	0.0022720697	0.05563644	0.04095069
SRR22878282_binette_bin179	0.0068442007	0.0448387	0.019239852
SRR22878282_binette_bin18	2.2256513	0.19468385	0.25029325
SRR22878282_binette_bin180	0.13042293	0.14156385	0.03056248
SRR22878282_binette_bin182	0.018759048	2.261985	0.0035159101
SRR22878282_binette_bin183	0.17001668	0.21880597	0.016739972
SRR22878282_binette_bin185	0	0.24999565	0.02373733
SRR22878282_binette_bin186	0.007881294	0.06197234	0.008979485
SRR22878282_binette_bin187	0.024591729	0.07387279	0.032543328
SRR22878282_binette_bin188	0.0034825683	0.052224945	0.037833605
SRR22878282_binette_bin19	0.13066712	0.2718611	0.02160371
SRR22878282_binette_bin194	0.031249508	0.106506534	0.03289505
SRR22878282_binette_bin195	0.08066351	0.1131611	0.17891242
SRR22878282_binette_bin2	0	1.2572447	0.0071373414
SRR22878282_binette_bin20	0.0044407817	0.08472083	0.064736865
SRR22878282_binette_bin21	0.00364382	0.10331109	0.4233408
SRR22878282_binette_bin24	0.0049753375	0.2885253	0.0063315206
SRR22878282_binette_bin25	0	0.15785167	0
SRR22878282_binette_bin26	0.005720506	0.26386833	0.003142882
SRR22878282_binette_bin27	0.05156914	0.13728388	0.114236556
SRR22878282_binette_bin28	0	0.14627598	0
SRR22878282_binette_bin29	0.007026482	0.08967687	0.017649008
SRR22878282_binette_bin3	0.0056699314	0.17089738	0.0031946911
SRR22878282_binette_bin31	0.12569961	0.52972347	0.007508051
SRR22878282_binette_bin33	0.017007783	0.06949106	0.010829023
SRR22878282_binette_bin34	0.009632462	0.09302014	0.028756374
SRR22878282_binette_bin35	0.0053809676	0.23157775	0
SRR22878282_binette_bin37	0.003399304	0.090272546	0.013356117
SRR22878282_binette_bin38	0.002128157	0.06992422	0.018385867
SRR22878282_binette_bin39	0.003534134	0.06969386	0.006212101
SRR22878282_binette_bin4	0.039769873	0.1426906	0.016095001
SRR22878282_binette_bin40	0	0.081245124	0.0070572635
SRR22878282_binette_bin41	0.019069765	0.07969956	0.008558848
SRR22878282_binette_bin42	0.0069931867	0.059164207	0.047452293
SRR22878282_binette_bin43	0.008789303	0.058306985	0.019151337
SRR22878282_binette_bin44	0	0.1040369	0.054274775
SRR22878282_binette_bin45	0.07907131	0.3936377	0.0075584794
SRR22878282_binette_bin47	0.00149303	0.066577956	0.025531355
SRR22878282_binette_bin48	0.003136901	0.057786625	0.118596226
SRR22878282_binette_bin5	0.0015879421	0.11379738	0.020709712
SRR22878282_binette_bin50	0.00766537	0.059736837	0.0028863985
SRR22878282_binette_bin51	0	0.52540445	0.007909053
SRR22878282_binette_bin52	0.0021411155	0.051341753	0.013458914
SRR22878282_binette_bin53	0.001470649	0.07065916	0.007150277
SRR22878282_binette_bin54	0.0152572505	0.05064627	0.011655637
SRR22878282_binette_bin55	0.008404045	0.061253533	0.016615126
SRR22878282_binette_bin56	0.0045050867	0.06555842	0.033134636
SRR22878282_binette_bin57	0	0.06909878	0.025269255
SRR22878282_binette_bin58	0	0.12017001	0
SRR22878282_binette_bin6	5.9460177	0.43046847	0.07492771
SRR22878282_binette_bin60	0.0026811343	0.054627586	0.0077794055
SRR22878282_binette_bin61	0	0.056289595	0
SRR22878282_binette_bin63	0.012020552	0.060876805	0.007724941
SRR22878282_binette_bin64	0	0.07607958	0
SRR22878282_binette_bin65	0.0070728576	0.058132987	0.048184108
SRR22878282_binette_bin67	0	0.13063142	0
SRR22878282_binette_bin68	0.020849893	0.06464349	0.0039608567
SRR22878282_binette_bin69	0	0.13304162	0.0057645487
SRR22878282_binette_bin7	0	0.18647955	0
SRR22878282_binette_bin71	0.003454604	0.043626007	0.048244424
SRR22878282_binette_bin72	0.03469986	0.08259286	0.0055661467
SRR22878282_binette_bin73	0	0.04372209	0
SRR22878282_binette_bin74	0.05021918	0.17895032	0.0033496516
SRR22878282_binette_bin75	0.0068186903	0.058600407	0.04808036
SRR22878282_binette_bin76	0.20909576	0.30655146	0.004861126
SRR22878282_binette_bin77	0.08193737	0.081269346	0.015111991
SRR22878282_binette_bin78	0.20130537	0.48100576	0.009779419
SRR22878282_binette_bin79	0.048858117	0.0594438	0.020789096
SRR22878282_binette_bin8	0	0.09077061	0
SRR22878282_binette_bin80	0.0012996084	0.043459155	0.0062437635
SRR22878282_binette_bin81	0.021765733	0.062012427	0.0041841883
SRR22878282_binette_bin82	0	0.04311293	0.0061311736
SRR22878282_binette_bin83	0.047026627	0.14222512	0.04688942
SRR22878282_binette_bin84	0.15469845	0.16457154	0.030975647
SRR22878282_binette_bin85	0.70350295	0.22830302	0.13985191
SRR22878282_binette_bin86	0.06769436	0.26551726	0.010818438
SRR22878282_binette_bin87	0.037114337	0.13230115	0.0018245231
SRR22878282_binette_bin88	0.016502533	0.059655655	0.010492688
SRR22878282_binette_bin9	0.00077808625	0.24773087	0
SRR22878282_binette_bin90	0	0.048871364	0.0093638785
SRR22878282_binette_bin91	0.0986157	0.046098717	0.2647419
SRR22878282_binette_bin92	0	0.044390254	0.0054775216
SRR22878282_binette_bin93	0	0.053378683	0
SRR22878282_binette_bin94	0.0014040744	0.047391284	0.030035948
SRR22878282_binette_bin95	0	0.11263727	0
SRR22878282_binette_bin96	0.015883394	0.047196012	0.005261424
SRR22878282_binette_bin97	0.106436685	0.08455337	0.07174567
SRR22878282_binette_bin98	0	0.04156657	0
SRR22878282_binette_bin99	0.053601097	0.06665496	0.04250278
SRR22878283_binette_bin1	0.006074184	0.0031965752	0.16882154
SRR22878283_binette_bin10	0.0012166551	0.03595803	0.16156456
SRR22878283_binette_bin100	0	0	0.10288937
SRR22878283_binette_bin101	0	0.006282454	3.2724922
SRR22878283_binette_bin102	0	0	0.104019046
SRR22878283_binette_bin103	0.0014630851	0.0054642684	0.103138514
SRR22878283_binette_bin104	0.02278009	0.009996627	0.062026452
SRR22878283_binette_bin105	0	0	0.10293391
SRR22878283_binette_bin106	0	0	0.103812225
SRR22878283_binette_bin107	0	0.0022374012	0.10268752
SRR22878283_binette_bin108	0	0.007444754	0.05649269
SRR22878283_binette_bin109	0	0.028361049	0.16665469
SRR22878283_binette_bin11	0	0	0.16819522
SRR22878283_binette_bin110	0.0009492224	0	0.06070742
SRR22878283_binette_bin111	0.0041923067	0.010069342	0.10670524
SRR22878283_binette_bin112	0.045466077	0.009474351	0.061889965
SRR22878283_binette_bin113	0	0.002568564	0.05101189
SRR22878283_binette_bin114	0.0051233936	0.02546459	0.2823817
SRR22878283_binette_bin115	0.015117302	0.0067028794	0.04872013
SRR22878283_binette_bin116	0	0.00861858	0.07846408
SRR22878283_binette_bin117	0.0028293084	0.017622061	0.06909825
SRR22878283_binette_bin118	0	0.010027464	0.08451066
SRR22878283_binette_bin119	0.11723204	0.06745383	0.19571103
SRR22878283_binette_bin12	0.015605234	0.028552722	0.16987313
SRR22878283_binette_bin120	0	0	0.09966693
SRR22878283_binette_bin121	0.0424033	0.021190444	0.23541461
SRR22878283_binette_bin122	0.0016272512	0	0.084626935
SRR22878283_binette_bin123	0	0	0.10024967
SRR22878283_binette_bin124	0	0.009085417	0.070588134
SRR22878283_binette_bin125	0	0	0.052594002
SRR22878283_binette_bin126	0.012064617	0.0031541584	0.055767152
SRR22878283_binette_bin127	0	0.048133284	0.12149369
SRR22878283_binette_bin128	0.004236534	0.004293336	0.38212213
SRR22878283_binette_bin129	0.0020433855	0.011858943	0.1060473
SRR22878283_binette_bin13	0	0.0021786918	0.20986345
SRR22878283_binette_bin130	0	0	0.107898936
SRR22878283_binette_bin131	0.009641092	0.005521733	0.112157494
SRR22878283_binette_bin132	2.8043127	0.18856475	0.03829206
SRR22878283_binette_bin133	0.028163038	0.0069662165	0.18581025
SRR22878283_binette_bin134	0	0	0.049001683
SRR22878283_binette_bin135	0	0	0.22621238
SRR22878283_binette_bin136	0.009220655	0.027063647	0.30957308
SRR22878283_binette_bin137	0.043328926	0.009409682	0.10753199
SRR22878283_binette_bin138	0.009073478	0.06731662	0.07750277
SRR22878283_binette_bin139	0.016511686	0.010301625	0.15708473
SRR22878283_binette_bin14	0.0016197913	0.0028806804	0.6186626
SRR22878283_binette_bin140	0.18579799	0.02783945	0.3604677
SRR22878283_binette_bin141	0	0.0042068763	0.30576652
SRR22878283_binette_bin142	0.0021628086	0.043755364	0.11446968
SRR22878283_binette_bin143	0.10338029	0.02394647	0.2976759
SRR22878283_binette_bin144	0.020668887	0.03701554	0.06791307
SRR22878283_binette_bin145	0.96621966	0.08160516	0.11849291
SRR22878283_binette_bin146	0.0026125438	0.017243067	0.17175362
SRR22878283_binette_bin147	0.008833911	0.004927155	0.055179216
SRR22878283_binette_bin148	0	0.0017496132	0.0926132
SRR22878283_binette_bin149	0.012030799	0.005655352	0.05781477
SRR22878283_binette_bin15	0.009837426	0.002413918	0.37384337
SRR22878283_binette_bin150	0.010637143	0.0057034823	0.07554827
SRR22878283_binette_bin151	0	0	0.1001581
SRR22878283_binette_bin152	0.0035575675	0.0037869914	0.273151
SRR22878283_binette_bin153	0	0	0.09912436
SRR22878283_binette_bin154	0.0037123603	0.013221386	0.32038936
SRR22878283_binette_bin155	0.00074541545	0.005965133	0.055706095
SRR22878283_binette_bin156	0	0	0.04826988
SRR22878283_binette_bin157	0	0.0069332137	0.048576828
SRR22878283_binette_bin158	0	0	0.10358289
SRR22878283_binette_bin16	0	0.0014916813	0.07376013
SRR22878283_binette_bin17	0.0027537039	0	0.09239669
SRR22878283_binette_bin19	0.0751925	0.5562433	0.19083218
SRR22878283_binette_bin191	0.0040068296	0.0050381953	0.06924199
SRR22878283_binette_bin192	0	0	0.22185944
SRR22878283_binette_bin193	0.00298587	0.0021646342	0.26241884
SRR22878283_binette_bin195	0.0014451718	0.002238314	0.45400113
SRR22878283_binette_bin196	0	0	0.10747026
SRR22878283_binette_bin198	0	0	0.10768973
SRR22878283_binette_bin2	0.0014908306	0.0030223886	0.34453908
SRR22878283_binette_bin200	0	0	0.105149835
SRR22878283_binette_bin201	0.097801454	0.096028574	0.039328285
SRR22878283_binette_bin202	0.012249088	0.008018168	0.29312092
SRR22878283_binette_bin203	0.028003372	0	0.15293358
SRR22878283_binette_bin204	0	0.058748703	0.14066823
SRR22878283_binette_bin205	0.0054609077	0.010830871	0.2783616
SRR22878283_binette_bin206	0	0.005728795	0.07821042
SRR22878283_binette_bin207	0.055141076	0.016661234	0.20248032
SRR22878283_binette_bin208	0	0	0.09298696
SRR22878283_binette_bin209	0.003077113	0.039562758	0.081159554
SRR22878283_binette_bin21	0	0.0016220983	0.08395378
SRR22878283_binette_bin210	0.112859115	0.14681572	0.78679264
SRR22878283_binette_bin211	0.043419514	0.013501908	0.15629843
SRR22878283_binette_bin212	0.0041675	0.0041485117	0.38211024
SRR22878283_binette_bin213	0.030048335	0.009784194	0.12733167
SRR22878283_binette_bin214	0	0.0067124357	0.064301446
SRR22878283_binette_bin215	0.022397073	0.007367155	0.077343844
SRR22878283_binette_bin216	0	0.004821937	0.19985312
SRR22878283_binette_bin217	0	0.0018155193	0.07896228
SRR22878283_binette_bin218	0.01195987	0.0057446426	0.08024229
SRR22878283_binette_bin22	0.0016288242	0.004810569	0.45603076
SRR22878283_binette_bin220	0	0.0054032323	0.081922054
SRR22878283_binette_bin221	0	0.023822188	0.057132803
SRR22878283_binette_bin222	0	0.052435786	0.12772582
SRR22878283_binette_bin224	0	0.0032226313	0.17705779
SRR22878283_binette_bin225	0	0.0014681937	0.21215823
SRR22878283_binette_bin226	0	0.0018282996	0.15711159
SRR22878283_binette_bin228	0	0	0.15901549
SRR22878283_binette_bin23	0.0017786026	0.008433226	0.6840396
SRR22878283_binette_bin231	0.013481638	0.021876361	0.25551462
SRR22878283_binette_bin24	0	0.003100729	0.2703431
SRR22878283_binette_bin25	0.0022518965	0.0034974567	0.13265951
SRR22878283_binette_bin26	0	0.013000639	0.15381488
SRR22878283_binette_bin27	0.007815656	0.001219236	0.17994684
SRR22878283_binette_bin28	0	0.02791891	0.15844245
SRR22878283_binette_bin29	0	0.0038094656	0.10444209
SRR22878283_binette_bin3	0.0010452628	0	0.20255607
SRR22878283_binette_bin30	0.014290034	0.161068	0.16206373
SRR22878283_binette_bin31	0.0010881791	0.020212887	0.19660825
SRR22878283_binette_bin32	0.09278798	0.021372354	0.19903898
SRR22878283_binette_bin35	0	0.004278408	0.08103662
SRR22878283_binette_bin36	0.02684319	0.06761053	0.10186051
SRR22878283_binette_bin37	0	0.06486896	0.15258032
SRR22878283_binette_bin4	0	0.0027478223	0.18345903
SRR22878283_binette_bin40	0	0.005781967	0.08357518
SRR22878283_binette_bin41	0.023441087	0.0030413447	0.0720552
SRR22878283_binette_bin43	0.014676809	0.008533346	0.09121366
SRR22878283_binette_bin45	0.0033892477	0.065633185	0.16614859
SRR22878283_binette_bin46	0.002575027	0.030668769	0.19865115
SRR22878283_binette_bin48	0.0023723985	0.002910782	0.07012778
SRR22878283_binette_bin49	0.0019663016	0.013989769	0.075403176
SRR22878283_binette_bin5	0	0	0.2964701
SRR22878283_binette_bin50	0	0	0.10668215
SRR22878283_binette_bin51	0.00443052	0.022955496	0.25751826
SRR22878283_binette_bin52	0.001306227	0	0.08371948
SRR22878283_binette_bin54	0.014696021	0.0071265106	0.11838348
SRR22878283_binette_bin56	0.0030499215	0.0031551206	0.076705046
SRR22878283_binette_bin57	0.008771268	0.02428911	0.25946167
SRR22878283_binette_bin58	0.0016954932	0.0014334165	0.09558007
SRR22878283_binette_bin59	0	0	0.43178725
SRR22878283_binette_bin6	0.005916439	0.014667337	0.18821034
SRR22878283_binette_bin60	0.035376646	0.025456464	5.4408803
SRR22878283_binette_bin61	0.0015892037	0.01049412	1.2751342
SRR22878283_binette_bin62	0.0013750916	0	0.07680623
SRR22878283_binette_bin63	0.0071534906	0.053201597	0.059205655
SRR22878283_binette_bin65	0.0024198985	0.035703648	0.06278278
SRR22878283_binette_bin66	0.0043642153	0.0073339352	0.0680611
SRR22878283_binette_bin67	0.01281868	0.042677708	0.08477463
SRR22878283_binette_bin68	0	0.007100639	0.09057269
SRR22878283_binette_bin69	0.009433915	0.0032483249	0.053400997
SRR22878283_binette_bin7	0.0031027661	0.0023282229	0.08942649
SRR22878283_binette_bin70	0.020089393	0.0103806	0.06338961
SRR22878283_binette_bin71	0	0.0026622484	0.060929306
SRR22878283_binette_bin72	0	0	0.063784614
SRR22878283_binette_bin73	0.012969905	0.0087897675	0.13034494
SRR22878283_binette_bin74	0.0029231168	0	0.061982274
SRR22878283_binette_bin75	0.0015837298	0.0028838117	0.055031538
SRR22878283_binette_bin76	0	0.004939735	0.0728062
SRR22878283_binette_bin77	0	0	0.05719015
SRR22878283_binette_bin78	0	0.010116316	0.065263934
SRR22878283_binette_bin79	0	0	0.05742187
SRR22878283_binette_bin8	0.00095103105	0.0013751457	0.20419279
SRR22878283_binette_bin80	0.0019414113	0.011025033	0.14348489
SRR22878283_binette_bin81	0	0	0.053327642
SRR22878283_binette_bin82	0.097761534	0.0315151	0.4732012
SRR22878283_binette_bin85	0.0014561497	0.0068723746	0.04906346
SRR22878283_binette_bin86	0.0033042599	0.001985742	0.05145022
SRR22878283_binette_bin87	0	0	0.07379122
SRR22878283_binette_bin88	0.007492757	0.009041526	0.07567573
SRR22878283_binette_bin89	0	0	0.099667184
SRR22878283_binette_bin9	0.0020403853	0.0056640753	0.15206328
SRR22878283_binette_bin90	0.0061438754	0.01143939	0.0631756
SRR22878283_binette_bin91	0	0.0041613863	0.24830367
SRR22878283_binette_bin92	0.0070854537	0.030829962	0.060365856
SRR22878283_binette_bin93	0.005159918	0.009601641	0.12244653
SRR22878283_binette_bin94	0	0.002281343	0.26808512
SRR22878283_binette_bin95	0.01731997	0.0036852402	0.1228567
SRR22878283_binette_bin96	0.030832853	0.018465785	0.12940386
SRR22878283_binette_bin97	0.14621429	0.030145148	0.38944107
SRR22878283_binette_bin98	0.0077833133	0.0035533102	0.2931685
SRR22878283_binette_bin99	0.013940462	0.037038684	0.06512735
unmapped	41.010887	73.03663	50.711205
